/*
SQLyog Ultimate v11.24 (32 bit)
MySQL - 5.0.22-community-nt : Database - oa
*********************************************************************
*/

/*!40101 SET NAMES utf8 */;

/*!40101 SET SQL_MODE=''*/;

/*!40014 SET @OLD_UNIQUE_CHECKS=@@UNIQUE_CHECKS, UNIQUE_CHECKS=0 */;
/*!40014 SET @OLD_FOREIGN_KEY_CHECKS=@@FOREIGN_KEY_CHECKS, FOREIGN_KEY_CHECKS=0 */;
/*!40101 SET @OLD_SQL_MODE=@@SQL_MODE, SQL_MODE='NO_AUTO_VALUE_ON_ZERO' */;
/*!40111 SET @OLD_SQL_NOTES=@@SQL_NOTES, SQL_NOTES=0 */;
CREATE DATABASE /*!32312 IF NOT EXISTS*/`oa` /*!40100 DEFAULT CHARACTER SET utf8 */;

USE `oa`;

/*Table structure for table `act_evt_log` */

DROP TABLE IF EXISTS `act_evt_log`;

CREATE TABLE `act_evt_log` (
  `LOG_NR_` bigint(20) NOT NULL auto_increment,
  `TYPE_` varchar(64) collate utf8_bin default NULL,
  `PROC_DEF_ID_` varchar(64) collate utf8_bin default NULL,
  `PROC_INST_ID_` varchar(64) collate utf8_bin default NULL,
  `EXECUTION_ID_` varchar(64) collate utf8_bin default NULL,
  `TASK_ID_` varchar(64) collate utf8_bin default NULL,
  `TIME_STAMP_` timestamp NOT NULL default CURRENT_TIMESTAMP on update CURRENT_TIMESTAMP,
  `USER_ID_` varchar(255) collate utf8_bin default NULL,
  `DATA_` longblob,
  `LOCK_OWNER_` varchar(255) collate utf8_bin default NULL,
  `LOCK_TIME_` timestamp NULL default NULL,
  `IS_PROCESSED_` tinyint(4) default '0',
  PRIMARY KEY  (`LOG_NR_`)
) ENGINE=InnoDB DEFAULT CHARSET=utf8 COLLATE=utf8_bin;

/*Data for the table `act_evt_log` */

/*Table structure for table `act_ge_bytearray` */

DROP TABLE IF EXISTS `act_ge_bytearray`;

CREATE TABLE `act_ge_bytearray` (
  `ID_` varchar(64) collate utf8_bin NOT NULL default '',
  `REV_` int(11) default NULL,
  `NAME_` varchar(255) collate utf8_bin default NULL,
  `DEPLOYMENT_ID_` varchar(64) collate utf8_bin default NULL,
  `BYTES_` longblob,
  `GENERATED_` tinyint(4) default NULL,
  PRIMARY KEY  (`ID_`),
  KEY `ACT_FK_BYTEARR_DEPL` (`DEPLOYMENT_ID_`),
  CONSTRAINT `ACT_FK_BYTEARR_DEPL` FOREIGN KEY (`DEPLOYMENT_ID_`) REFERENCES `act_re_deployment` (`ID_`)
) ENGINE=InnoDB DEFAULT CHARSET=utf8 COLLATE=utf8_bin;

/*Data for the table `act_ge_bytearray` */

insert  into `act_ge_bytearray`(`ID_`,`REV_`,`NAME_`,`DEPLOYMENT_ID_`,`BYTES_`,`GENERATED_`) values ('110002',1,'diagrams/noticeBill.bpmn','110001','<?xml version=\"1.0\" encoding=\"UTF-8\"?>\n<definitions xmlns=\"http://www.omg.org/spec/BPMN/20100524/MODEL\" xmlns:xsi=\"http://www.w3.org/2001/XMLSchema-instance\" xmlns:xsd=\"http://www.w3.org/2001/XMLSchema\" xmlns:activiti=\"http://activiti.org/bpmn\" xmlns:bpmndi=\"http://www.omg.org/spec/BPMN/20100524/DI\" xmlns:omgdc=\"http://www.omg.org/spec/DD/20100524/DC\" xmlns:omgdi=\"http://www.omg.org/spec/DD/20100524/DI\" typeLanguage=\"http://www.w3.org/2001/XMLSchema\" expressionLanguage=\"http://www.w3.org/1999/XPath\" targetNamespace=\"http://www.activiti.org/test\">\n  <process id=\"noticeBill\" name=\"noticeBillprocess\" isExecutable=\"true\">\n    <startEvent id=\"startevent1\" name=\"Start\"></startEvent>\n    <endEvent id=\"endevent1\" name=\"End\"></endEvent>\n    <userTask id=\"usertask1\" name=\"起草\" activiti:assignee=\"${inputUser}\"></userTask>\n    <userTask id=\"usertask2\" name=\"审核\">\n      <extensionElements>\n        <activiti:taskListener event=\"create\" class=\"util.NoticeUtil\"></activiti:taskListener>\n      </extensionElements>\n    </userTask>\n    <sequenceFlow id=\"flow1\" name=\"流程开始\" sourceRef=\"startevent1\" targetRef=\"usertask1\"></sequenceFlow>\n    <sequenceFlow id=\"flow4\" name=\"发布中\" sourceRef=\"usertask2\" targetRef=\"endevent1\">\n      <conditionExpression xsi:type=\"tFormalExpression\"><![CDATA[${outcome==\'发布中\'}]]></conditionExpression>\n    </sequenceFlow>\n    <sequenceFlow id=\"flow5\" name=\"撤出\" sourceRef=\"usertask2\" targetRef=\"usertask1\">\n      <conditionExpression xsi:type=\"tFormalExpression\"><![CDATA[${outcome==\'撤除\'}]]></conditionExpression>\n    </sequenceFlow>\n    <sequenceFlow id=\"flow6\" sourceRef=\"usertask1\" targetRef=\"usertask2\"></sequenceFlow>\n  </process>\n  <bpmndi:BPMNDiagram id=\"BPMNDiagram_noticeBill\">\n    <bpmndi:BPMNPlane bpmnElement=\"noticeBill\" id=\"BPMNPlane_noticeBill\">\n      <bpmndi:BPMNShape bpmnElement=\"startevent1\" id=\"BPMNShape_startevent1\">\n        <omgdc:Bounds height=\"35.0\" width=\"35.0\" x=\"340.0\" y=\"89.0\"></omgdc:Bounds>\n      </bpmndi:BPMNShape>\n      <bpmndi:BPMNShape bpmnElement=\"endevent1\" id=\"BPMNShape_endevent1\">\n        <omgdc:Bounds height=\"35.0\" width=\"35.0\" x=\"340.0\" y=\"360.0\"></omgdc:Bounds>\n      </bpmndi:BPMNShape>\n      <bpmndi:BPMNShape bpmnElement=\"usertask1\" id=\"BPMNShape_usertask1\">\n        <omgdc:Bounds height=\"55.0\" width=\"105.0\" x=\"305.0\" y=\"155.0\"></omgdc:Bounds>\n      </bpmndi:BPMNShape>\n      <bpmndi:BPMNShape bpmnElement=\"usertask2\" id=\"BPMNShape_usertask2\">\n        <omgdc:Bounds height=\"55.0\" width=\"131.0\" x=\"292.0\" y=\"236.0\"></omgdc:Bounds>\n      </bpmndi:BPMNShape>\n      <bpmndi:BPMNEdge bpmnElement=\"flow1\" id=\"BPMNEdge_flow1\">\n        <omgdi:waypoint x=\"357.0\" y=\"124.0\"></omgdi:waypoint>\n        <omgdi:waypoint x=\"357.0\" y=\"155.0\"></omgdi:waypoint>\n        <bpmndi:BPMNLabel>\n          <omgdc:Bounds height=\"14.0\" width=\"48.0\" x=\"357.0\" y=\"124.0\"></omgdc:Bounds>\n        </bpmndi:BPMNLabel>\n      </bpmndi:BPMNEdge>\n      <bpmndi:BPMNEdge bpmnElement=\"flow4\" id=\"BPMNEdge_flow4\">\n        <omgdi:waypoint x=\"357.0\" y=\"291.0\"></omgdi:waypoint>\n        <omgdi:waypoint x=\"357.0\" y=\"360.0\"></omgdi:waypoint>\n        <bpmndi:BPMNLabel>\n          <omgdc:Bounds height=\"14.0\" width=\"100.0\" x=\"357.0\" y=\"291.0\"></omgdc:Bounds>\n        </bpmndi:BPMNLabel>\n      </bpmndi:BPMNEdge>\n      <bpmndi:BPMNEdge bpmnElement=\"flow5\" id=\"BPMNEdge_flow5\">\n        <omgdi:waypoint x=\"423.0\" y=\"263.0\"></omgdi:waypoint>\n        <omgdi:waypoint x=\"606.0\" y=\"263.0\"></omgdi:waypoint>\n        <omgdi:waypoint x=\"606.0\" y=\"214.0\"></omgdi:waypoint>\n        <omgdi:waypoint x=\"606.0\" y=\"184.0\"></omgdi:waypoint>\n        <omgdi:waypoint x=\"410.0\" y=\"184.0\"></omgdi:waypoint>\n        <omgdi:waypoint x=\"410.0\" y=\"184.0\"></omgdi:waypoint>\n        <omgdi:waypoint x=\"410.0\" y=\"182.0\"></omgdi:waypoint>\n        <bpmndi:BPMNLabel>\n          <omgdc:Bounds height=\"14.0\" width=\"100.0\" x=\"423.0\" y=\"263.0\"></omgdc:Bounds>\n        </bpmndi:BPMNLabel>\n      </bpmndi:BPMNEdge>\n      <bpmndi:BPMNEdge bpmnElement=\"flow6\" id=\"BPMNEdge_flow6\">\n        <omgdi:waypoint x=\"357.0\" y=\"210.0\"></omgdi:waypoint>\n        <omgdi:waypoint x=\"357.0\" y=\"236.0\"></omgdi:waypoint>\n      </bpmndi:BPMNEdge>\n    </bpmndi:BPMNPlane>\n  </bpmndi:BPMNDiagram>\n</definitions>',0),('110003',1,'diagrams/noticeBill.png','110001','PNG\r\n\Z\n\0\0\0\rIHDR\0\01\0\0\0\0\0+y\0\0 IDATxl}q5}%4j#Z)k xVNZE6\rFij&ȴESYS7EM\na\rԃ!܆+!X~c߽y<:w>w9wD\0\0z\0\0d\0\0-@\0\0\0d\0\0i2\04\0@x\0 <M\0&\0O\0\0\0d\0\0i2\04\0@x\0 <M\0&\0O\0\0\0d\0\0i2\04\0@x\0 <M\0&\0O\0\0\0d\0\0i2\04\0@x\0 <M\0&\0O\0\0\0d\0\0i2\04\0@x\0 <M\0&\0O\0\0\0d\0\0i2\04\0@x\0 <M\0&\0O\0\0\0d\0\0i2\04\0@x\0 <M\0&\0O\0\0\0d\0\0i2\04\0@x\0 <M\0&\0O\0\0\0d\0\0i2\04\0@x\0 <M\0&\0O\0\0\0d\0\0i2\04\0@x\0 <M\0&\0O\0\0\0d\0\0i2\04\0@x\0 <M,T*ܹ3efxxX,@CS,nθۻއ=RxڸqPX4pCe805]?m\0M{8Ȓ5V;:iӦ۷J{\0Ю40+ΩeX|宻lP+\0mIAqSC\0GQʃ<feX.Mi{<e97˅-6 :ۻAVO~S{	s\0DAAv੃d^9~`$ FFFrܪYen3wmh2Hl6ܷ\"[֩л64TXjPUfÆ\rw=h2H|>&s׮;\n4&{x#l6M)ח䯌d^<zk3w=h2HF:}3M)}\rmx::,2\0X.!zzz;rD%TCߜ\0KAJo}wClcoذ!M)588x뭟ihͷm\'B(@{dRLMe˖;\n4WC_Rz/ڃ&jӗ_җozچ&*JLRvk\nл64[:I&M7{*sG_3h2HbaÆzOAѣwh2 ,nC\0G:~=,d\0Go+6m;N~rY5v/~K\'@C@dJɮ\'n7;~&.Л40WPرcGWWn)NOag7o\Z_g۶OLNNdɀJ|>~KşlxxX,L5BI}z\0,M$a\0h+,&Si/ys?QkHj$MU9S|/\0ZHLKԒMI\0fX〤m:]I9ggiP_=,bg.w\'\0Zu\rHj_dѥMV\0ku\rH	6KsP\'[]$5?<Uͦ9upddiJdklUdgibWOֿ&<KBjhy=*6 :5\'b?`-I!ƱIi2ƱIi2ƱIi2ƱIi2ƱIi2ƱIi2ƱIi2Ʊ)_{WOLL45Ew}ߋ###7\r`Md@=R骫\r믿X,45EKۮjr-7\n`d֭[W	[f2Rz\0\ZM,G+&J2Fd@\"7pCBoڤɀD\nBdA4h+,R4<<ߟf3wKx@.\Z\ZNڣɠ-=}/=zaj*{ػwmI\\fդɠE|>e˖c0uΉOer\nB;\n`uh2hEq~o\\:oÆ\r.UɠreڴC]\0@AݲƩI2w\ZJi2h-R)ɼr|rjI2rq\Z4|>?5}:(E*Uk?@dZr{WAv㖟GO/F/LE?:=s>:pzzG\'.DS(EFßyd:8XMȑTtޜ޸;:ލ7OEGފ&KыwLTٙ3\';;;Cu\0+ɠtuu~ęubt엦gf>;wtTTT|d9bZ]u:g߾BX/_Wg.uj&PnǟzfmS5hwV1h-6(p|uut>=綩\ZM;rWYs\'E^{+:puֽ_{5KɧιmF*U(͞\';Vɉ]7wߊ磳go9Mh2YŠm1=TR#β7_^^=5~Q^+E\'Gq9Mh2YŠM\'M<vpⱧ٣ď~xG>?y韌?~vyH\\rQ;|snd@Ak)7Id@Akm&ڝUZKN&ڝUZK^3M;r,w4bZMV0M;MɀtAk)7N\rN7G_zb&\0V*%n_\r8\r}CYP6obzf\0V*\\6ǃ̥uu_W:gϾwW^yŇ?/4^ٌwXŠ畀3j?S$Y?=?d@Ak)ͱS݀K{kWU]_m\\>ߎ/d%]%2L;w-wKh2h-qϜgڜ4g}zM[nM6v8OF]c+ЛoAk	d5_MU7xRc==˿Η+}z{{\'&&Boh2h1inI\'?O֌|;;۔}78\\ݰwСCq\r*e6nf&LGX|Xﾯ}[_xs6&]G+JCCC7TAk)Ak7`~@[^ٶw-βl6;>>zCH/rټdj*CmMNNqzCH)rmTI+&cUرcpp0VRV1h-y,w4bbb\'VRV1h-&{,w4eƍ^UFV1h-L/	*%nrGZFFFr\\ bZMd/)#rM&cLNNf2[A\ZYŠfXE\'pAk<w陙eQVÉ vZ2/fYxe9a?FDϙyQ6HZݻ\"x|k|>cdᰃR+<W:06	\'add$]ڡa-g3ѳ&|gBi) vrJR6gL)|XNcMdᰃV411{H2Mdq}#Za-j||<βݻ*6gdK==X4A8uJ|6/Xߒeˡ\"&MF;hucccwwF]]1βwkY&#\0#%4A8쀤<PupIy\"%@EJ8	a$偊pH)P\'*R¡N; )TC v@RH	:A8쀤<PupIy\"%@EJ8	a$偊pH)P\'*R¡N; )TC v@RH	:A8zǧBwww߫zbb\"Ah2pw}l޼ydd$Ah2pJ6ȮbzӠQ4A8%vmW\\qEn喁\ra,mݺu ۺuk&)J\ZHXڣ>zWT}}}^Iƚa$r\r7T,@i2p\n[` v@RH	:A8 R4<<ߟf32Ŀ円aC!{}^<zԔYĿwm۶ſBմMF;hblrc.͉OeB軝vaMYoo7ƅ9soذarr2Odᰃ {4sЦMΧmh2pA󌎎nrt4>ٵڃ&#4ITd2>g?r뽿\ZIh2pA\r\rG	ߡVg׮IB$d7nybT3}|B?Rl[ѿ?\n4k`:8@\rh2pA9ċ(:39q!:EwtoM3fsm@ǧOW&^^_և~tޜޘQГϖYx%		A8I]u:g߾BX/_Wgtj&PnǟzfmeZpU[&8t4EΟwwtt~O\\x%		A8I]fu*]<z*z֭[+~=׼.i\':8c-I8NaMRbuDofϓx+?tWoE7?ۚ,P(tww\nM/S8ޜ~y!z\'G7v>E)z<U\'\\h2499dBoidy&U͛OxcO?Gˏ|?/쮯}֛MƒFGGBoidy&)7O*ɛ?>Ge4<A	;%\nM2d_7aGQ_Pd2R)F\'hr0aGQ;Bo)ey&)7k&h2(JLP(RMRn_ɨ#\r\r\nMRn	;n߾=Vj\'hM\nɘT*yAFp\'hr]~vZHXd2XI\ZxՖ%ߺsn|㗵۽{w.klǎ^O<AxNͫj\"~Gl6\'HX0h2hdy]f}TsVwΓͿ0U/ZyWs9\\nM9yX3,$jY+Oֹ\\p^X;l\0MR</j-vHee&)\'O[yjp˕u`oEl1M;l@Vd+Od^zϴt{<Y904U./nbwvkwǂ5ɀP2$py]~z]XT<bOn.!YVIr]VD7ieHi2,+$dyф:\'4ed/S<sf9˲MZa濞=lؑe$~yބ-,4I~b&Z	d&h2eYIMcv4в,O$==3#p4в,O$L嗿?3sM,4I__3	} \0,LA޽{`/wI[Cw44dOϕDMn	} \0,LA융}&z43O}Ei2hR~t|ߢ)|X\0X&nbb$Ldq\n}#P&flMgdK== R40f?24CQtЬ=<[rl|94MgY; )M$ͽ\0\ZGIuD\0\rcm:@ɀlhd\0Y\nvX}-@jY\n[\\VH*k_ascINy? e5Ys``Tm-d\0uXjcNH%l2\'eZ0|id\0IX{r+/vakHjB6i22K!TZIri2Hɉ\'ƱIi2ƱIi2ƱIi2ƱIi2ƱIi2ƱIi2ƱIi2ƱIi2ƱIi2ƱIi2ƱIi2ƱIi2ƱIi2ƱIi2ƱIi2ƱIi2ƱIi2ƱIi2ƱIi2ƱIi2ƱIi2ƱIi2ƱIi2ƱIi2ƱIi2ƱIi2ƱIi2ƱIi2ƱIi2ƱIi2ƱIi2ƱIi2ƱIi2ƱIi2ƱIi2ƱIi2ƱIi2ƱIi2ƱIi2ƱIi2ƱIi2ƱIi2ƱIi2ƱIi2ƱIi2Ʊ)_{WOLL45Ew}l޼ydd$)T*]uUAvwwwЛh2`	vW\\Qm[ne`` F5Xںu*AuL&S*BoZɀ=W^yed}}}^IHn4Y\rX4HP[`\04&\0cU*FFFvܙ?344T(Bo ڡɀ)wwwϞ=&i2ccc7n\\je2`4R	g?w{:~ǖ-[\\3ys˦ɀYBa[őG^^lN~+wUf\n+\0mIdSմ_cs޶s||<MiW*jϐݹkW\Z{v\\cճeI&ri2Hj{eYe<u}lh3Rmdddgj~;N4Zooo5d+T_[}\0d^{4٩gsǎwmh2Hl6[}ۋU	|+߶+.\rM)U,ZdչڷYcll,M)544T7d|򓟪|󁁁;\n4W[Ο=R7n\0AAJU\\&{ǆQ q੃dT_zGڃR岦C(@{\\BJT#G\Zd?zGڃRd{dՃ\'Eh2H|>_ɦuת7sGTyooohRjݕlڶdwUw=h2HӋNY&۴iS\r\rQ 2޽bUߜ,V,C%@{d^rZ~**M7Um.\0mCAz껈_XՓd\n\0mCA\rVsoѣ۾}{h\'nƍsj%WUPg\0DAMNNvuuU[WWsll,nMDqBU_rEvcW\r!ɀY###ճey&9=v֭5d&&&Zf~?RWk˖-WS\0MR,wٱ\r6,~/X	MU//)͎dɀJ8z{{tX&r{qn`h2\04\0@x\0 <M\0&\0,H2\0\0\0\0IENDB`',0),('120002',1,'diagrams/noticeBill.bpmn','120001','<?xml version=\"1.0\" encoding=\"UTF-8\"?>\n<definitions xmlns=\"http://www.omg.org/spec/BPMN/20100524/MODEL\" xmlns:xsi=\"http://www.w3.org/2001/XMLSchema-instance\" xmlns:xsd=\"http://www.w3.org/2001/XMLSchema\" xmlns:activiti=\"http://activiti.org/bpmn\" xmlns:bpmndi=\"http://www.omg.org/spec/BPMN/20100524/DI\" xmlns:omgdc=\"http://www.omg.org/spec/DD/20100524/DC\" xmlns:omgdi=\"http://www.omg.org/spec/DD/20100524/DI\" typeLanguage=\"http://www.w3.org/2001/XMLSchema\" expressionLanguage=\"http://www.w3.org/1999/XPath\" targetNamespace=\"http://www.activiti.org/test\">\n  <process id=\"noticeBill\" name=\"noticeBillprocess\" isExecutable=\"true\">\n    <startEvent id=\"startevent1\" name=\"Start\"></startEvent>\n    <endEvent id=\"endevent1\" name=\"End\"></endEvent>\n    <userTask id=\"usertask1\" name=\"起草\" activiti:assignee=\"${inputUser}\"></userTask>\n    <userTask id=\"usertask2\" name=\"审核\">\n      <extensionElements>\n        <activiti:taskListener event=\"create\" class=\"util.NoticeUtil\"></activiti:taskListener>\n      </extensionElements>\n    </userTask>\n    <sequenceFlow id=\"flow1\" name=\"流程开始\" sourceRef=\"startevent1\" targetRef=\"usertask1\"></sequenceFlow>\n    <sequenceFlow id=\"flow4\" name=\"发布中\" sourceRef=\"usertask2\" targetRef=\"endevent1\">\n      <conditionExpression xsi:type=\"tFormalExpression\"><![CDATA[${outcome==\'发布中\'}]]></conditionExpression>\n    </sequenceFlow>\n    <sequenceFlow id=\"flow5\" name=\"撤出\" sourceRef=\"usertask2\" targetRef=\"usertask1\">\n      <conditionExpression xsi:type=\"tFormalExpression\"><![CDATA[${outcome==\'撤除\'}]]></conditionExpression>\n    </sequenceFlow>\n    <sequenceFlow id=\"flow6\" sourceRef=\"usertask1\" targetRef=\"usertask2\"></sequenceFlow>\n  </process>\n  <bpmndi:BPMNDiagram id=\"BPMNDiagram_noticeBill\">\n    <bpmndi:BPMNPlane bpmnElement=\"noticeBill\" id=\"BPMNPlane_noticeBill\">\n      <bpmndi:BPMNShape bpmnElement=\"startevent1\" id=\"BPMNShape_startevent1\">\n        <omgdc:Bounds height=\"35.0\" width=\"35.0\" x=\"340.0\" y=\"89.0\"></omgdc:Bounds>\n      </bpmndi:BPMNShape>\n      <bpmndi:BPMNShape bpmnElement=\"endevent1\" id=\"BPMNShape_endevent1\">\n        <omgdc:Bounds height=\"35.0\" width=\"35.0\" x=\"340.0\" y=\"360.0\"></omgdc:Bounds>\n      </bpmndi:BPMNShape>\n      <bpmndi:BPMNShape bpmnElement=\"usertask1\" id=\"BPMNShape_usertask1\">\n        <omgdc:Bounds height=\"55.0\" width=\"105.0\" x=\"305.0\" y=\"155.0\"></omgdc:Bounds>\n      </bpmndi:BPMNShape>\n      <bpmndi:BPMNShape bpmnElement=\"usertask2\" id=\"BPMNShape_usertask2\">\n        <omgdc:Bounds height=\"55.0\" width=\"131.0\" x=\"292.0\" y=\"236.0\"></omgdc:Bounds>\n      </bpmndi:BPMNShape>\n      <bpmndi:BPMNEdge bpmnElement=\"flow1\" id=\"BPMNEdge_flow1\">\n        <omgdi:waypoint x=\"357.0\" y=\"124.0\"></omgdi:waypoint>\n        <omgdi:waypoint x=\"357.0\" y=\"155.0\"></omgdi:waypoint>\n        <bpmndi:BPMNLabel>\n          <omgdc:Bounds height=\"14.0\" width=\"48.0\" x=\"357.0\" y=\"124.0\"></omgdc:Bounds>\n        </bpmndi:BPMNLabel>\n      </bpmndi:BPMNEdge>\n      <bpmndi:BPMNEdge bpmnElement=\"flow4\" id=\"BPMNEdge_flow4\">\n        <omgdi:waypoint x=\"357.0\" y=\"291.0\"></omgdi:waypoint>\n        <omgdi:waypoint x=\"357.0\" y=\"360.0\"></omgdi:waypoint>\n        <bpmndi:BPMNLabel>\n          <omgdc:Bounds height=\"14.0\" width=\"100.0\" x=\"357.0\" y=\"291.0\"></omgdc:Bounds>\n        </bpmndi:BPMNLabel>\n      </bpmndi:BPMNEdge>\n      <bpmndi:BPMNEdge bpmnElement=\"flow5\" id=\"BPMNEdge_flow5\">\n        <omgdi:waypoint x=\"423.0\" y=\"263.0\"></omgdi:waypoint>\n        <omgdi:waypoint x=\"606.0\" y=\"263.0\"></omgdi:waypoint>\n        <omgdi:waypoint x=\"606.0\" y=\"214.0\"></omgdi:waypoint>\n        <omgdi:waypoint x=\"606.0\" y=\"184.0\"></omgdi:waypoint>\n        <omgdi:waypoint x=\"410.0\" y=\"184.0\"></omgdi:waypoint>\n        <omgdi:waypoint x=\"410.0\" y=\"184.0\"></omgdi:waypoint>\n        <omgdi:waypoint x=\"410.0\" y=\"182.0\"></omgdi:waypoint>\n        <bpmndi:BPMNLabel>\n          <omgdc:Bounds height=\"14.0\" width=\"100.0\" x=\"423.0\" y=\"263.0\"></omgdc:Bounds>\n        </bpmndi:BPMNLabel>\n      </bpmndi:BPMNEdge>\n      <bpmndi:BPMNEdge bpmnElement=\"flow6\" id=\"BPMNEdge_flow6\">\n        <omgdi:waypoint x=\"357.0\" y=\"210.0\"></omgdi:waypoint>\n        <omgdi:waypoint x=\"357.0\" y=\"236.0\"></omgdi:waypoint>\n      </bpmndi:BPMNEdge>\n    </bpmndi:BPMNPlane>\n  </bpmndi:BPMNDiagram>\n</definitions>',0),('120003',1,'diagrams/noticeBill.png','120001','PNG\r\n\Z\n\0\0\0\rIHDR\0\01\0\0\0\0\0+y\0\0 IDATxl}q5}%4j#Z)k xVNZE6\rFij&ȴESYS7EM\na\rԃ!܆+!X~c߽y<:w>w9wD\0\0z\0\0d\0\0-@\0\0\0d\0\0i2\04\0@x\0 <M\0&\0O\0\0\0d\0\0i2\04\0@x\0 <M\0&\0O\0\0\0d\0\0i2\04\0@x\0 <M\0&\0O\0\0\0d\0\0i2\04\0@x\0 <M\0&\0O\0\0\0d\0\0i2\04\0@x\0 <M\0&\0O\0\0\0d\0\0i2\04\0@x\0 <M\0&\0O\0\0\0d\0\0i2\04\0@x\0 <M\0&\0O\0\0\0d\0\0i2\04\0@x\0 <M\0&\0O\0\0\0d\0\0i2\04\0@x\0 <M\0&\0O\0\0\0d\0\0i2\04\0@x\0 <M\0&\0O\0\0\0d\0\0i2\04\0@x\0 <M,T*ܹ3efxxX,@CS,nθۻއ=RxڸqPX4pCe805]?m\0M{8Ȓ5V;:iӦ۷J{\0Ю40+ΩeX|宻lP+\0mIAqSC\0GQʃ<feX.Mi{<e97˅-6 :ۻAVO~S{	s\0DAAv੃d^9~`$ FFFrܪYen3wmh2Hl6ܷ\"[֩л64TXjPUfÆ\rw=h2H|>&s׮;\n4&{x#l6M)ח䯌d^<zk3w=h2HF:}3M)}\rmx::,2\0X.!zzz;rD%TCߜ\0KAJo}wClcoذ!M)588x뭟ihͷm\'B(@{dRLMe˖;\n4WC_Rz/ڃ&jӗ_җozچ&*JLRvk\nл64[:I&M7{*sG_3h2HbaÆzOAѣwh2 ,nC\0G:~=,d\0Go+6m;N~rY5v/~K\'@C@dJɮ\'n7;~&.Л40WPرcGWWn)NOag7o\Z_g۶OLNNdɀJ|>~KşlxxX,L5BI}z\0,M$a\0h+,&Si/ys?QkHj$MU9S|/\0ZHLKԒMI\0fX〤m:]I9ggiP_=,bg.w\'\0Zu\rHj_dѥMV\0ku\rH	6KsP\'[]$5?<Uͦ9upddiJdklUdgibWOֿ&<KBjhy=*6 :5\'b?`-I!ƱIi2ƱIi2ƱIi2ƱIi2ƱIi2ƱIi2ƱIi2Ʊ)_{WOLL45Ew}ߋ###7\r`Md@=R骫\r믿X,45EKۮjr-7\n`d֭[W	[f2Rz\0\ZM,G+&J2Fd@\"7pCBoڤɀD\nBdA4h+,R4<<ߟf3wKx@.\Z\ZNڣɠ-=}/=zaj*{ػwmI\\fդɠE|>e˖c0uΉOer\nB;\n`uh2hEq~o\\:oÆ\r.UɠreڴC]\0@AݲƩI2w\ZJi2h-R)ɼr|rjI2rq\Z4|>?5}:(E*Uk?@dZr{WAv㖟GO/F/LE?:=s>:pzzG\'.DS(EFßyd:8XMȑTtޜ޸;:ލ7OEGފ&KыwLTٙ3\';;;Cu\0+ɠtuu~ęubt엦gf>;wtTTT|d9bZ]u:g߾BX/_Wg.uj&PnǟzfmS5hwV1h-6(p|uut>=綩\ZM;rWYs\'E^{+:puֽ_{5KɧιmF*U(͞\';Vɉ]7wߊ磳go9Mh2YŠm1=TR#β7_^^=5~Q^+E\'Gq9Mh2YŠM\'M<vpⱧ٣ď~xG>?y韌?~vyH\\rQ;|snd@Ak)7Id@Akm&ڝUZKN&ڝUZK^3M;r,w4bZMV0M;MɀtAk)7N\rN7G_zb&\0V*%n_\r8\r}CYP6obzf\0V*\\6ǃ̥uu_W:gϾwW^yŇ?/4^ٌwXŠ畀3j?S$Y?=?d@Ak)ͱS݀K{kWU]_m\\>ߎ/d%]%2L;w-wKh2h-qϜgڜ4g}zM[nM6v8OF]c+ЛoAk	d5_MU7xRc==˿Η+}z{{\'&&Boh2h1inI\'?O֌|;;۔}78\\ݰwСCq\r*e6nf&LGX|Xﾯ}[_xs6&]G+JCCC7TAk)Ak7`~@[^ٶw-βl6;>>zCH/rټdj*CmMNNqzCH)rmTI+&cUرcpp0VRV1h-y,w4bbb\'VRV1h-&{,w4eƍ^UFV1h-L/	*%nrGZFFFr\\ bZMd/)#rM&cLNNf2[A\ZYŠfXE\'pAk<w陙eQVÉ vZ2/fYxe9a?FDϙyQ6HZݻ\"x|k|>cdᰃR+<W:06	\'add$]ڡa-g3ѳ&|gBi) vrJR6gL)|XNcMdᰃV411{H2Mdq}#Za-j||<βݻ*6gdK==X4A8uJ|6/Xߒeˡ\"&MF;hucccwwF]]1βwkY&#\0#%4A8쀤<PupIy\"%@EJ8	a$偊pH)P\'*R¡N; )TC v@RH	:A8쀤<PupIy\"%@EJ8	a$偊pH)P\'*R¡N; )TC v@RH	:A8zǧBwww߫zbb\"Ah2pw}l޼ydd$Ah2pJ6ȮbzӠQ4A8%vmW\\qEn喁\ra,mݺu ۺuk&)J\ZHXڣ>zWT}}}^Iƚa$r\r7T,@i2p\n[` v@RH	:A8 R4<<ߟf32Ŀ円aC!{}^<zԔYĿwm۶ſBմMF;hblrc.͉OeB軝vaMYoo7ƅ9soذarr2Odᰃ {4sЦMΧmh2pA󌎎nrt4>ٵڃ&#4ITd2>g?r뽿\ZIh2pA\r\rG	ߡVg׮IB$d7nybT3}|B?Rl[ѿ?\n4k`:8@\rh2pA9ċ(:39q!:EwtoM3fsm@ǧOW&^^_և~tޜޘQГϖYx%		A8I]u:g߾BX/_Wgtj&PnǟzfmeZpU[&8t4EΟwwtt~O\\x%		A8I]fu*]<z*z֭[+~=׼.i\':8c-I8NaMRbuDofϓx+?tWoE7?ۚ,P(tww\nM/S8ޜ~y!z\'G7v>E)z<U\'\\h2499dBoidy&U͛OxcO?Gˏ|?/쮯}֛MƒFGGBoidy&)7O*ɛ?>Ge4<A	;%\nM2d_7aGQ_Pd2R)F\'hr0aGQ;Bo)ey&)7k&h2(JLP(RMRn_ɨ#\r\r\nMRn	;n߾=Vj\'hM\nɘT*yAFp\'hr]~vZHXd2XI\ZxՖ%ߺsn|㗵۽{w.klǎ^O<AxNͫj\"~Gl6\'HX0h2hdy]f}TsVwΓͿ0U/ZyWs9\\nM9yX3,$jY+Oֹ\\p^X;l\0MR</j-vHee&)\'O[yjp˕u`oEl1M;l@Vd+Od^zϴt{<Y904U./nbwvkwǂ5ɀP2$py]~z]XT<bOn.!YVIr]VD7ieHi2,+$dyф:\'4ed/S<sf9˲MZa濞=lؑe$~yބ-,4I~b&Z	d&h2eYIMcv4в,O$==3#p4в,O$L嗿?3sM,4I__3	} \0,LA޽{`/wI[Cw44dOϕDMn	} \0,LA융}&z43O}Ei2hR~t|ߢ)|X\0X&nbb$Ldq\n}#P&flMgdK== R40f?24CQtЬ=<[rl|94MgY; )M$ͽ\0\ZGIuD\0\rcm:@ɀlhd\0Y\nvX}-@jY\n[\\VH*k_ascINy? e5Ys``Tm-d\0uXjcNH%l2\'eZ0|id\0IX{r+/vakHjB6i22K!TZIri2Hɉ\'ƱIi2ƱIi2ƱIi2ƱIi2ƱIi2ƱIi2ƱIi2ƱIi2ƱIi2ƱIi2ƱIi2ƱIi2ƱIi2ƱIi2ƱIi2ƱIi2ƱIi2ƱIi2ƱIi2ƱIi2ƱIi2ƱIi2ƱIi2ƱIi2ƱIi2ƱIi2ƱIi2ƱIi2ƱIi2ƱIi2ƱIi2ƱIi2ƱIi2ƱIi2ƱIi2ƱIi2ƱIi2ƱIi2ƱIi2ƱIi2ƱIi2ƱIi2ƱIi2ƱIi2ƱIi2Ʊ)_{WOLL45Ew}l޼ydd$)T*]uUAvwwwЛh2`	vW\\Qm[ne`` F5Xںu*AuL&S*BoZɀ=W^yed}}}^IHn4Y\rX4HP[`\04&\0cU*FFFvܙ?344T(Bo ڡɀ)wwwϞ=&i2ccc7n\\je2`4R	g?w{:~ǖ-[\\3ys˦ɀYBa[őG^^lN~+wUf\n+\0mIdSմ_cs޶s||<MiW*jϐݹkW\Z{v\\cճeI&ri2Hj{eYe<u}lh3Rmdddgj~;N4Zooo5d+T_[}\0d^{4٩gsǎwmh2Hl6[}ۋU	|+߶+.\rM)U,ZdչڷYcll,M)544T7d|򓟪|󁁁;\n4W[Ο=R7n\0AAJU\\&{ǆQ q੃dT_zGڃR岦C(@{\\BJT#G\Zd?zGڃRd{dՃ\'Eh2H|>_ɦuת7sGTyooohRjݕlڶdwUw=h2HӋNY&۴iS\r\rQ 2޽bUߜ,V,C%@{d^rZ~**M7Um.\0mCAz껈_XՓd\n\0mCA\rVsoѣ۾}{h\'nƍsj%WUPg\0DAMNNvuuU[WWsll,nMDqBU_rEvcW\r!ɀY###ճey&9=v֭5d&&&Zf~?RWk˖-WS\0MR,wٱ\r6,~/X	MU//)͎dɀJ8z{{tX&r{qn`h2\04\0@x\0 <M\0&\0,H2\0\0\0\0IENDB`',0),('130002',1,'diagrams/noticeBill.bpmn','130001','<?xml version=\"1.0\" encoding=\"UTF-8\"?>\n<definitions xmlns=\"http://www.omg.org/spec/BPMN/20100524/MODEL\" xmlns:xsi=\"http://www.w3.org/2001/XMLSchema-instance\" xmlns:xsd=\"http://www.w3.org/2001/XMLSchema\" xmlns:activiti=\"http://activiti.org/bpmn\" xmlns:bpmndi=\"http://www.omg.org/spec/BPMN/20100524/DI\" xmlns:omgdc=\"http://www.omg.org/spec/DD/20100524/DC\" xmlns:omgdi=\"http://www.omg.org/spec/DD/20100524/DI\" typeLanguage=\"http://www.w3.org/2001/XMLSchema\" expressionLanguage=\"http://www.w3.org/1999/XPath\" targetNamespace=\"http://www.activiti.org/test\">\n  <process id=\"noticeBill\" name=\"noticeBillprocess\" isExecutable=\"true\">\n    <startEvent id=\"startevent1\" name=\"Start\"></startEvent>\n    <endEvent id=\"endevent1\" name=\"End\"></endEvent>\n    <userTask id=\"usertask1\" name=\"起草\" activiti:assignee=\"${inputUser}\"></userTask>\n    <userTask id=\"usertask2\" name=\"审核\">\n      <extensionElements>\n        <activiti:taskListener event=\"create\" class=\"util.NoticeUtil\"></activiti:taskListener>\n      </extensionElements>\n    </userTask>\n    <sequenceFlow id=\"flow1\" name=\"流程开始\" sourceRef=\"startevent1\" targetRef=\"usertask1\"></sequenceFlow>\n    <sequenceFlow id=\"flow4\" name=\"发布中\" sourceRef=\"usertask2\" targetRef=\"endevent1\">\n      <conditionExpression xsi:type=\"tFormalExpression\"><![CDATA[${outcome==\'发布中\'}]]></conditionExpression>\n    </sequenceFlow>\n    <sequenceFlow id=\"flow5\" name=\"撤出\" sourceRef=\"usertask2\" targetRef=\"usertask1\">\n      <conditionExpression xsi:type=\"tFormalExpression\"><![CDATA[${outcome==\'撤除\'}]]></conditionExpression>\n    </sequenceFlow>\n    <sequenceFlow id=\"flow6\" sourceRef=\"usertask1\" targetRef=\"usertask2\"></sequenceFlow>\n  </process>\n  <bpmndi:BPMNDiagram id=\"BPMNDiagram_noticeBill\">\n    <bpmndi:BPMNPlane bpmnElement=\"noticeBill\" id=\"BPMNPlane_noticeBill\">\n      <bpmndi:BPMNShape bpmnElement=\"startevent1\" id=\"BPMNShape_startevent1\">\n        <omgdc:Bounds height=\"35.0\" width=\"35.0\" x=\"340.0\" y=\"89.0\"></omgdc:Bounds>\n      </bpmndi:BPMNShape>\n      <bpmndi:BPMNShape bpmnElement=\"endevent1\" id=\"BPMNShape_endevent1\">\n        <omgdc:Bounds height=\"35.0\" width=\"35.0\" x=\"340.0\" y=\"360.0\"></omgdc:Bounds>\n      </bpmndi:BPMNShape>\n      <bpmndi:BPMNShape bpmnElement=\"usertask1\" id=\"BPMNShape_usertask1\">\n        <omgdc:Bounds height=\"55.0\" width=\"105.0\" x=\"305.0\" y=\"155.0\"></omgdc:Bounds>\n      </bpmndi:BPMNShape>\n      <bpmndi:BPMNShape bpmnElement=\"usertask2\" id=\"BPMNShape_usertask2\">\n        <omgdc:Bounds height=\"55.0\" width=\"131.0\" x=\"292.0\" y=\"236.0\"></omgdc:Bounds>\n      </bpmndi:BPMNShape>\n      <bpmndi:BPMNEdge bpmnElement=\"flow1\" id=\"BPMNEdge_flow1\">\n        <omgdi:waypoint x=\"357.0\" y=\"124.0\"></omgdi:waypoint>\n        <omgdi:waypoint x=\"357.0\" y=\"155.0\"></omgdi:waypoint>\n        <bpmndi:BPMNLabel>\n          <omgdc:Bounds height=\"14.0\" width=\"48.0\" x=\"357.0\" y=\"124.0\"></omgdc:Bounds>\n        </bpmndi:BPMNLabel>\n      </bpmndi:BPMNEdge>\n      <bpmndi:BPMNEdge bpmnElement=\"flow4\" id=\"BPMNEdge_flow4\">\n        <omgdi:waypoint x=\"357.0\" y=\"291.0\"></omgdi:waypoint>\n        <omgdi:waypoint x=\"357.0\" y=\"360.0\"></omgdi:waypoint>\n        <bpmndi:BPMNLabel>\n          <omgdc:Bounds height=\"14.0\" width=\"100.0\" x=\"357.0\" y=\"291.0\"></omgdc:Bounds>\n        </bpmndi:BPMNLabel>\n      </bpmndi:BPMNEdge>\n      <bpmndi:BPMNEdge bpmnElement=\"flow5\" id=\"BPMNEdge_flow5\">\n        <omgdi:waypoint x=\"423.0\" y=\"263.0\"></omgdi:waypoint>\n        <omgdi:waypoint x=\"606.0\" y=\"263.0\"></omgdi:waypoint>\n        <omgdi:waypoint x=\"606.0\" y=\"214.0\"></omgdi:waypoint>\n        <omgdi:waypoint x=\"606.0\" y=\"184.0\"></omgdi:waypoint>\n        <omgdi:waypoint x=\"410.0\" y=\"184.0\"></omgdi:waypoint>\n        <omgdi:waypoint x=\"410.0\" y=\"184.0\"></omgdi:waypoint>\n        <omgdi:waypoint x=\"410.0\" y=\"182.0\"></omgdi:waypoint>\n        <bpmndi:BPMNLabel>\n          <omgdc:Bounds height=\"14.0\" width=\"100.0\" x=\"423.0\" y=\"263.0\"></omgdc:Bounds>\n        </bpmndi:BPMNLabel>\n      </bpmndi:BPMNEdge>\n      <bpmndi:BPMNEdge bpmnElement=\"flow6\" id=\"BPMNEdge_flow6\">\n        <omgdi:waypoint x=\"357.0\" y=\"210.0\"></omgdi:waypoint>\n        <omgdi:waypoint x=\"357.0\" y=\"236.0\"></omgdi:waypoint>\n      </bpmndi:BPMNEdge>\n    </bpmndi:BPMNPlane>\n  </bpmndi:BPMNDiagram>\n</definitions>',0),('130003',1,'diagrams/noticeBill.png','130001','PNG\r\n\Z\n\0\0\0\rIHDR\0\01\0\0\0\0\0+y\0\0 IDATxl}q5}%4j#Z)k xVNZE6\rFij&ȴESYS7EM\na\rԃ!܆+!X~c߽y<:w>w9wD\0\0z\0\0d\0\0-@\0\0\0d\0\0i2\04\0@x\0 <M\0&\0O\0\0\0d\0\0i2\04\0@x\0 <M\0&\0O\0\0\0d\0\0i2\04\0@x\0 <M\0&\0O\0\0\0d\0\0i2\04\0@x\0 <M\0&\0O\0\0\0d\0\0i2\04\0@x\0 <M\0&\0O\0\0\0d\0\0i2\04\0@x\0 <M\0&\0O\0\0\0d\0\0i2\04\0@x\0 <M\0&\0O\0\0\0d\0\0i2\04\0@x\0 <M\0&\0O\0\0\0d\0\0i2\04\0@x\0 <M\0&\0O\0\0\0d\0\0i2\04\0@x\0 <M\0&\0O\0\0\0d\0\0i2\04\0@x\0 <M,T*ܹ3efxxX,@CS,nθۻއ=RxڸqPX4pCe805]?m\0M{8Ȓ5V;:iӦ۷J{\0Ю40+ΩeX|宻lP+\0mIAqSC\0GQʃ<feX.Mi{<e97˅-6 :ۻAVO~S{	s\0DAAv੃d^9~`$ FFFrܪYen3wmh2Hl6ܷ\"[֩л64TXjPUfÆ\rw=h2H|>&s׮;\n4&{x#l6M)ח䯌d^<zk3w=h2HF:}3M)}\rmx::,2\0X.!zzz;rD%TCߜ\0KAJo}wClcoذ!M)588x뭟ihͷm\'B(@{dRLMe˖;\n4WC_Rz/ڃ&jӗ_җozچ&*JLRvk\nл64[:I&M7{*sG_3h2HbaÆzOAѣwh2 ,nC\0G:~=,d\0Go+6m;N~rY5v/~K\'@C@dJɮ\'n7;~&.Л40WPرcGWWn)NOag7o\Z_g۶OLNNdɀJ|>~KşlxxX,L5BI}z\0,M$a\0h+,&Si/ys?QkHj$MU9S|/\0ZHLKԒMI\0fX〤m:]I9ggiP_=,bg.w\'\0Zu\rHj_dѥMV\0ku\rH	6KsP\'[]$5?<Uͦ9upddiJdklUdgibWOֿ&<KBjhy=*6 :5\'b?`-I!ƱIi2ƱIi2ƱIi2ƱIi2ƱIi2ƱIi2ƱIi2Ʊ)_{WOLL45Ew}ߋ###7\r`Md@=R骫\r믿X,45EKۮjr-7\n`d֭[W	[f2Rz\0\ZM,G+&J2Fd@\"7pCBoڤɀD\nBdA4h+,R4<<ߟf3wKx@.\Z\ZNڣɠ-=}/=zaj*{ػwmI\\fդɠE|>e˖c0uΉOer\nB;\n`uh2hEq~o\\:oÆ\r.UɠreڴC]\0@AݲƩI2w\ZJi2h-R)ɼr|rjI2rq\Z4|>?5}:(E*Uk?@dZr{WAv㖟GO/F/LE?:=s>:pzzG\'.DS(EFßyd:8XMȑTtޜ޸;:ލ7OEGފ&KыwLTٙ3\';;;Cu\0+ɠtuu~ęubt엦gf>;wtTTT|d9bZ]u:g߾BX/_Wg.uj&PnǟzfmS5hwV1h-6(p|uut>=綩\ZM;rWYs\'E^{+:puֽ_{5KɧιmF*U(͞\';Vɉ]7wߊ磳go9Mh2YŠm1=TR#β7_^^=5~Q^+E\'Gq9Mh2YŠM\'M<vpⱧ٣ď~xG>?y韌?~vyH\\rQ;|snd@Ak)7Id@Akm&ڝUZKN&ڝUZK^3M;r,w4bZMV0M;MɀtAk)7N\rN7G_zb&\0V*%n_\r8\r}CYP6obzf\0V*\\6ǃ̥uu_W:gϾwW^yŇ?/4^ٌwXŠ畀3j?S$Y?=?d@Ak)ͱS݀K{kWU]_m\\>ߎ/d%]%2L;w-wKh2h-qϜgڜ4g}zM[nM6v8OF]c+ЛoAk	d5_MU7xRc==˿Η+}z{{\'&&Boh2h1inI\'?O֌|;;۔}78\\ݰwСCq\r*e6nf&LGX|Xﾯ}[_xs6&]G+JCCC7TAk)Ak7`~@[^ٶw-βl6;>>zCH/rټdj*CmMNNqzCH)rmTI+&cUرcpp0VRV1h-y,w4bbb\'VRV1h-&{,w4eƍ^UFV1h-L/	*%nrGZFFFr\\ bZMd/)#rM&cLNNf2[A\ZYŠfXE\'pAk<w陙eQVÉ vZ2/fYxe9a?FDϙyQ6HZݻ\"x|k|>cdᰃR+<W:06	\'add$]ڡa-g3ѳ&|gBi) vrJR6gL)|XNcMdᰃV411{H2Mdq}#Za-j||<βݻ*6gdK==X4A8uJ|6/Xߒeˡ\"&MF;hucccwwF]]1βwkY&#\0#%4A8쀤<PupIy\"%@EJ8	a$偊pH)P\'*R¡N; )TC v@RH	:A8쀤<PupIy\"%@EJ8	a$偊pH)P\'*R¡N; )TC v@RH	:A8zǧBwww߫zbb\"Ah2pw}l޼ydd$Ah2pJ6ȮbzӠQ4A8%vmW\\qEn喁\ra,mݺu ۺuk&)J\ZHXڣ>zWT}}}^Iƚa$r\r7T,@i2p\n[` v@RH	:A8 R4<<ߟf32Ŀ円aC!{}^<zԔYĿwm۶ſBմMF;hblrc.͉OeB軝vaMYoo7ƅ9soذarr2Odᰃ {4sЦMΧmh2pA󌎎nrt4>ٵڃ&#4ITd2>g?r뽿\ZIh2pA\r\rG	ߡVg׮IB$d7nybT3}|B?Rl[ѿ?\n4k`:8@\rh2pA9ċ(:39q!:EwtoM3fsm@ǧOW&^^_և~tޜޘQГϖYx%		A8I]u:g߾BX/_Wgtj&PnǟzfmeZpU[&8t4EΟwwtt~O\\x%		A8I]fu*]<z*z֭[+~=׼.i\':8c-I8NaMRbuDofϓx+?tWoE7?ۚ,P(tww\nM/S8ޜ~y!z\'G7v>E)z<U\'\\h2499dBoidy&U͛OxcO?Gˏ|?/쮯}֛MƒFGGBoidy&)7O*ɛ?>Ge4<A	;%\nM2d_7aGQ_Pd2R)F\'hr0aGQ;Bo)ey&)7k&h2(JLP(RMRn_ɨ#\r\r\nMRn	;n߾=Vj\'hM\nɘT*yAFp\'hr]~vZHXd2XI\ZxՖ%ߺsn|㗵۽{w.klǎ^O<AxNͫj\"~Gl6\'HX0h2hdy]f}TsVwΓͿ0U/ZyWs9\\nM9yX3,$jY+Oֹ\\p^X;l\0MR</j-vHee&)\'O[yjp˕u`oEl1M;l@Vd+Od^zϴt{<Y904U./nbwvkwǂ5ɀP2$py]~z]XT<bOn.!YVIr]VD7ieHi2,+$dyф:\'4ed/S<sf9˲MZa濞=lؑe$~yބ-,4I~b&Z	d&h2eYIMcv4в,O$==3#p4в,O$L嗿?3sM,4I__3	} \0,LA޽{`/wI[Cw44dOϕDMn	} \0,LA융}&z43O}Ei2hR~t|ߢ)|X\0X&nbb$Ldq\n}#P&flMgdK== R40f?24CQtЬ=<[rl|94MgY; )M$ͽ\0\ZGIuD\0\rcm:@ɀlhd\0Y\nvX}-@jY\n[\\VH*k_ascINy? e5Ys``Tm-d\0uXjcNH%l2\'eZ0|id\0IX{r+/vakHjB6i22K!TZIri2Hɉ\'ƱIi2ƱIi2ƱIi2ƱIi2ƱIi2ƱIi2ƱIi2ƱIi2ƱIi2ƱIi2ƱIi2ƱIi2ƱIi2ƱIi2ƱIi2ƱIi2ƱIi2ƱIi2ƱIi2ƱIi2ƱIi2ƱIi2ƱIi2ƱIi2ƱIi2ƱIi2ƱIi2ƱIi2ƱIi2ƱIi2ƱIi2ƱIi2ƱIi2ƱIi2ƱIi2ƱIi2ƱIi2ƱIi2ƱIi2ƱIi2ƱIi2ƱIi2ƱIi2ƱIi2ƱIi2Ʊ)_{WOLL45Ew}l޼ydd$)T*]uUAvwwwЛh2`	vW\\Qm[ne`` F5Xںu*AuL&S*BoZɀ=W^yed}}}^IHn4Y\rX4HP[`\04&\0cU*FFFvܙ?344T(Bo ڡɀ)wwwϞ=&i2ccc7n\\je2`4R	g?w{:~ǖ-[\\3ys˦ɀYBa[őG^^lN~+wUf\n+\0mIdSմ_cs޶s||<MiW*jϐݹkW\Z{v\\cճeI&ri2Hj{eYe<u}lh3Rmdddgj~;N4Zooo5d+T_[}\0d^{4٩gsǎwmh2Hl6[}ۋU	|+߶+.\rM)U,ZdչڷYcll,M)544T7d|򓟪|󁁁;\n4W[Ο=R7n\0AAJU\\&{ǆQ q੃dT_zGڃR岦C(@{\\BJT#G\Zd?zGڃRd{dՃ\'Eh2H|>_ɦuת7sGTyooohRjݕlڶdwUw=h2HӋNY&۴iS\r\rQ 2޽bUߜ,V,C%@{d^rZ~**M7Um.\0mCAz껈_XՓd\n\0mCA\rVsoѣ۾}{h\'nƍsj%WUPg\0DAMNNvuuU[WWsll,nMDqBU_rEvcW\r!ɀY###ճey&9=v֭5d&&&Zf~?RWk˖-WS\0MR,wٱ\r6,~/X	MU//)͎dɀJ8z{{tX&r{qn`h2\04\0@x\0 <M\0&\0,H2\0\0\0\0IENDB`',0),('135002',1,'diagrams/noticeBill.bpmn','135001','<?xml version=\"1.0\" encoding=\"UTF-8\"?>\n<definitions xmlns=\"http://www.omg.org/spec/BPMN/20100524/MODEL\" xmlns:xsi=\"http://www.w3.org/2001/XMLSchema-instance\" xmlns:xsd=\"http://www.w3.org/2001/XMLSchema\" xmlns:activiti=\"http://activiti.org/bpmn\" xmlns:bpmndi=\"http://www.omg.org/spec/BPMN/20100524/DI\" xmlns:omgdc=\"http://www.omg.org/spec/DD/20100524/DC\" xmlns:omgdi=\"http://www.omg.org/spec/DD/20100524/DI\" typeLanguage=\"http://www.w3.org/2001/XMLSchema\" expressionLanguage=\"http://www.w3.org/1999/XPath\" targetNamespace=\"http://www.activiti.org/test\">\n  <process id=\"noticeBill\" name=\"noticeBillprocess\" isExecutable=\"true\">\n    <startEvent id=\"startevent1\" name=\"Start\"></startEvent>\n    <endEvent id=\"endevent1\" name=\"End\"></endEvent>\n    <userTask id=\"usertask1\" name=\"起草\" activiti:assignee=\"${inputUser}\"></userTask>\n    <userTask id=\"usertask2\" name=\"审核\">\n      <extensionElements>\n        <activiti:taskListener event=\"create\" class=\"util.NoticeUtil\"></activiti:taskListener>\n      </extensionElements>\n    </userTask>\n    <sequenceFlow id=\"flow1\" name=\"流程开始\" sourceRef=\"startevent1\" targetRef=\"usertask1\"></sequenceFlow>\n    <sequenceFlow id=\"flow4\" name=\"发布中\" sourceRef=\"usertask2\" targetRef=\"endevent1\">\n      <conditionExpression xsi:type=\"tFormalExpression\"><![CDATA[${outcome==\'发布中\'}]]></conditionExpression>\n    </sequenceFlow>\n    <sequenceFlow id=\"flow5\" name=\"撤出\" sourceRef=\"usertask2\" targetRef=\"usertask1\">\n      <conditionExpression xsi:type=\"tFormalExpression\"><![CDATA[${outcome==\'撤除\'}]]></conditionExpression>\n    </sequenceFlow>\n    <sequenceFlow id=\"flow6\" sourceRef=\"usertask1\" targetRef=\"usertask2\"></sequenceFlow>\n  </process>\n  <bpmndi:BPMNDiagram id=\"BPMNDiagram_noticeBill\">\n    <bpmndi:BPMNPlane bpmnElement=\"noticeBill\" id=\"BPMNPlane_noticeBill\">\n      <bpmndi:BPMNShape bpmnElement=\"startevent1\" id=\"BPMNShape_startevent1\">\n        <omgdc:Bounds height=\"35.0\" width=\"35.0\" x=\"340.0\" y=\"89.0\"></omgdc:Bounds>\n      </bpmndi:BPMNShape>\n      <bpmndi:BPMNShape bpmnElement=\"endevent1\" id=\"BPMNShape_endevent1\">\n        <omgdc:Bounds height=\"35.0\" width=\"35.0\" x=\"340.0\" y=\"360.0\"></omgdc:Bounds>\n      </bpmndi:BPMNShape>\n      <bpmndi:BPMNShape bpmnElement=\"usertask1\" id=\"BPMNShape_usertask1\">\n        <omgdc:Bounds height=\"55.0\" width=\"105.0\" x=\"305.0\" y=\"155.0\"></omgdc:Bounds>\n      </bpmndi:BPMNShape>\n      <bpmndi:BPMNShape bpmnElement=\"usertask2\" id=\"BPMNShape_usertask2\">\n        <omgdc:Bounds height=\"55.0\" width=\"131.0\" x=\"292.0\" y=\"236.0\"></omgdc:Bounds>\n      </bpmndi:BPMNShape>\n      <bpmndi:BPMNEdge bpmnElement=\"flow1\" id=\"BPMNEdge_flow1\">\n        <omgdi:waypoint x=\"357.0\" y=\"124.0\"></omgdi:waypoint>\n        <omgdi:waypoint x=\"357.0\" y=\"155.0\"></omgdi:waypoint>\n        <bpmndi:BPMNLabel>\n          <omgdc:Bounds height=\"14.0\" width=\"48.0\" x=\"357.0\" y=\"124.0\"></omgdc:Bounds>\n        </bpmndi:BPMNLabel>\n      </bpmndi:BPMNEdge>\n      <bpmndi:BPMNEdge bpmnElement=\"flow4\" id=\"BPMNEdge_flow4\">\n        <omgdi:waypoint x=\"357.0\" y=\"291.0\"></omgdi:waypoint>\n        <omgdi:waypoint x=\"357.0\" y=\"360.0\"></omgdi:waypoint>\n        <bpmndi:BPMNLabel>\n          <omgdc:Bounds height=\"14.0\" width=\"100.0\" x=\"357.0\" y=\"291.0\"></omgdc:Bounds>\n        </bpmndi:BPMNLabel>\n      </bpmndi:BPMNEdge>\n      <bpmndi:BPMNEdge bpmnElement=\"flow5\" id=\"BPMNEdge_flow5\">\n        <omgdi:waypoint x=\"423.0\" y=\"263.0\"></omgdi:waypoint>\n        <omgdi:waypoint x=\"606.0\" y=\"263.0\"></omgdi:waypoint>\n        <omgdi:waypoint x=\"606.0\" y=\"214.0\"></omgdi:waypoint>\n        <omgdi:waypoint x=\"606.0\" y=\"184.0\"></omgdi:waypoint>\n        <omgdi:waypoint x=\"410.0\" y=\"184.0\"></omgdi:waypoint>\n        <omgdi:waypoint x=\"410.0\" y=\"184.0\"></omgdi:waypoint>\n        <omgdi:waypoint x=\"410.0\" y=\"182.0\"></omgdi:waypoint>\n        <bpmndi:BPMNLabel>\n          <omgdc:Bounds height=\"14.0\" width=\"100.0\" x=\"423.0\" y=\"263.0\"></omgdc:Bounds>\n        </bpmndi:BPMNLabel>\n      </bpmndi:BPMNEdge>\n      <bpmndi:BPMNEdge bpmnElement=\"flow6\" id=\"BPMNEdge_flow6\">\n        <omgdi:waypoint x=\"357.0\" y=\"210.0\"></omgdi:waypoint>\n        <omgdi:waypoint x=\"357.0\" y=\"236.0\"></omgdi:waypoint>\n      </bpmndi:BPMNEdge>\n    </bpmndi:BPMNPlane>\n  </bpmndi:BPMNDiagram>\n</definitions>',0),('135003',1,'diagrams/noticeBill.png','135001','PNG\r\n\Z\n\0\0\0\rIHDR\0\01\0\0\0\0\0+y\0\0 IDATxl}q5}%4j#Z)k xVNZE6\rFij&ȴESYS7EM\na\rԃ!܆+!X~c߽y<:w>w9wD\0\0z\0\0d\0\0-@\0\0\0d\0\0i2\04\0@x\0 <M\0&\0O\0\0\0d\0\0i2\04\0@x\0 <M\0&\0O\0\0\0d\0\0i2\04\0@x\0 <M\0&\0O\0\0\0d\0\0i2\04\0@x\0 <M\0&\0O\0\0\0d\0\0i2\04\0@x\0 <M\0&\0O\0\0\0d\0\0i2\04\0@x\0 <M\0&\0O\0\0\0d\0\0i2\04\0@x\0 <M\0&\0O\0\0\0d\0\0i2\04\0@x\0 <M\0&\0O\0\0\0d\0\0i2\04\0@x\0 <M\0&\0O\0\0\0d\0\0i2\04\0@x\0 <M\0&\0O\0\0\0d\0\0i2\04\0@x\0 <M,T*ܹ3efxxX,@CS,nθۻއ=RxڸqPX4pCe805]?m\0M{8Ȓ5V;:iӦ۷J{\0Ю40+ΩeX|宻lP+\0mIAqSC\0GQʃ<feX.Mi{<e97˅-6 :ۻAVO~S{	s\0DAAv੃d^9~`$ FFFrܪYen3wmh2Hl6ܷ\"[֩л64TXjPUfÆ\rw=h2H|>&s׮;\n4&{x#l6M)ח䯌d^<zk3w=h2HF:}3M)}\rmx::,2\0X.!zzz;rD%TCߜ\0KAJo}wClcoذ!M)588x뭟ihͷm\'B(@{dRLMe˖;\n4WC_Rz/ڃ&jӗ_җozچ&*JLRvk\nл64[:I&M7{*sG_3h2HbaÆzOAѣwh2 ,nC\0G:~=,d\0Go+6m;N~rY5v/~K\'@C@dJɮ\'n7;~&.Л40WPرcGWWn)NOag7o\Z_g۶OLNNdɀJ|>~KşlxxX,L5BI}z\0,M$a\0h+,&Si/ys?QkHj$MU9S|/\0ZHLKԒMI\0fX〤m:]I9ggiP_=,bg.w\'\0Zu\rHj_dѥMV\0ku\rH	6KsP\'[]$5?<Uͦ9upddiJdklUdgibWOֿ&<KBjhy=*6 :5\'b?`-I!ƱIi2ƱIi2ƱIi2ƱIi2ƱIi2ƱIi2ƱIi2Ʊ)_{WOLL45Ew}ߋ###7\r`Md@=R骫\r믿X,45EKۮjr-7\n`d֭[W	[f2Rz\0\ZM,G+&J2Fd@\"7pCBoڤɀD\nBdA4h+,R4<<ߟf3wKx@.\Z\ZNڣɠ-=}/=zaj*{ػwmI\\fդɠE|>e˖c0uΉOer\nB;\n`uh2hEq~o\\:oÆ\r.UɠreڴC]\0@AݲƩI2w\ZJi2h-R)ɼr|rjI2rq\Z4|>?5}:(E*Uk?@dZr{WAv㖟GO/F/LE?:=s>:pzzG\'.DS(EFßyd:8XMȑTtޜ޸;:ލ7OEGފ&KыwLTٙ3\';;;Cu\0+ɠtuu~ęubt엦gf>;wtTTT|d9bZ]u:g߾BX/_Wg.uj&PnǟzfmS5hwV1h-6(p|uut>=綩\ZM;rWYs\'E^{+:puֽ_{5KɧιmF*U(͞\';Vɉ]7wߊ磳go9Mh2YŠm1=TR#β7_^^=5~Q^+E\'Gq9Mh2YŠM\'M<vpⱧ٣ď~xG>?y韌?~vyH\\rQ;|snd@Ak)7Id@Akm&ڝUZKN&ڝUZK^3M;r,w4bZMV0M;MɀtAk)7N\rN7G_zb&\0V*%n_\r8\r}CYP6obzf\0V*\\6ǃ̥uu_W:gϾwW^yŇ?/4^ٌwXŠ畀3j?S$Y?=?d@Ak)ͱS݀K{kWU]_m\\>ߎ/d%]%2L;w-wKh2h-qϜgڜ4g}zM[nM6v8OF]c+ЛoAk	d5_MU7xRc==˿Η+}z{{\'&&Boh2h1inI\'?O֌|;;۔}78\\ݰwСCq\r*e6nf&LGX|Xﾯ}[_xs6&]G+JCCC7TAk)Ak7`~@[^ٶw-βl6;>>zCH/rټdj*CmMNNqzCH)rmTI+&cUرcpp0VRV1h-y,w4bbb\'VRV1h-&{,w4eƍ^UFV1h-L/	*%nrGZFFFr\\ bZMd/)#rM&cLNNf2[A\ZYŠfXE\'pAk<w陙eQVÉ vZ2/fYxe9a?FDϙyQ6HZݻ\"x|k|>cdᰃR+<W:06	\'add$]ڡa-g3ѳ&|gBi) vrJR6gL)|XNcMdᰃV411{H2Mdq}#Za-j||<βݻ*6gdK==X4A8uJ|6/Xߒeˡ\"&MF;hucccwwF]]1βwkY&#\0#%4A8쀤<PupIy\"%@EJ8	a$偊pH)P\'*R¡N; )TC v@RH	:A8쀤<PupIy\"%@EJ8	a$偊pH)P\'*R¡N; )TC v@RH	:A8zǧBwww߫zbb\"Ah2pw}l޼ydd$Ah2pJ6ȮbzӠQ4A8%vmW\\qEn喁\ra,mݺu ۺuk&)J\ZHXڣ>zWT}}}^Iƚa$r\r7T,@i2p\n[` v@RH	:A8 R4<<ߟf32Ŀ円aC!{}^<zԔYĿwm۶ſBմMF;hblrc.͉OeB軝vaMYoo7ƅ9soذarr2Odᰃ {4sЦMΧmh2pA󌎎nrt4>ٵڃ&#4ITd2>g?r뽿\ZIh2pA\r\rG	ߡVg׮IB$d7nybT3}|B?Rl[ѿ?\n4k`:8@\rh2pA9ċ(:39q!:EwtoM3fsm@ǧOW&^^_և~tޜޘQГϖYx%		A8I]u:g߾BX/_Wgtj&PnǟzfmeZpU[&8t4EΟwwtt~O\\x%		A8I]fu*]<z*z֭[+~=׼.i\':8c-I8NaMRbuDofϓx+?tWoE7?ۚ,P(tww\nM/S8ޜ~y!z\'G7v>E)z<U\'\\h2499dBoidy&U͛OxcO?Gˏ|?/쮯}֛MƒFGGBoidy&)7O*ɛ?>Ge4<A	;%\nM2d_7aGQ_Pd2R)F\'hr0aGQ;Bo)ey&)7k&h2(JLP(RMRn_ɨ#\r\r\nMRn	;n߾=Vj\'hM\nɘT*yAFp\'hr]~vZHXd2XI\ZxՖ%ߺsn|㗵۽{w.klǎ^O<AxNͫj\"~Gl6\'HX0h2hdy]f}TsVwΓͿ0U/ZyWs9\\nM9yX3,$jY+Oֹ\\p^X;l\0MR</j-vHee&)\'O[yjp˕u`oEl1M;l@Vd+Od^zϴt{<Y904U./nbwvkwǂ5ɀP2$py]~z]XT<bOn.!YVIr]VD7ieHi2,+$dyф:\'4ed/S<sf9˲MZa濞=lؑe$~yބ-,4I~b&Z	d&h2eYIMcv4в,O$==3#p4в,O$L嗿?3sM,4I__3	} \0,LA޽{`/wI[Cw44dOϕDMn	} \0,LA융}&z43O}Ei2hR~t|ߢ)|X\0X&nbb$Ldq\n}#P&flMgdK== R40f?24CQtЬ=<[rl|94MgY; )M$ͽ\0\ZGIuD\0\rcm:@ɀlhd\0Y\nvX}-@jY\n[\\VH*k_ascINy? e5Ys``Tm-d\0uXjcNH%l2\'eZ0|id\0IX{r+/vakHjB6i22K!TZIri2Hɉ\'ƱIi2ƱIi2ƱIi2ƱIi2ƱIi2ƱIi2ƱIi2ƱIi2ƱIi2ƱIi2ƱIi2ƱIi2ƱIi2ƱIi2ƱIi2ƱIi2ƱIi2ƱIi2ƱIi2ƱIi2ƱIi2ƱIi2ƱIi2ƱIi2ƱIi2ƱIi2ƱIi2ƱIi2ƱIi2ƱIi2ƱIi2ƱIi2ƱIi2ƱIi2ƱIi2ƱIi2ƱIi2ƱIi2ƱIi2ƱIi2ƱIi2ƱIi2ƱIi2ƱIi2ƱIi2Ʊ)_{WOLL45Ew}l޼ydd$)T*]uUAvwwwЛh2`	vW\\Qm[ne`` F5Xںu*AuL&S*BoZɀ=W^yed}}}^IHn4Y\rX4HP[`\04&\0cU*FFFvܙ?344T(Bo ڡɀ)wwwϞ=&i2ccc7n\\je2`4R	g?w{:~ǖ-[\\3ys˦ɀYBa[őG^^lN~+wUf\n+\0mIdSմ_cs޶s||<MiW*jϐݹkW\Z{v\\cճeI&ri2Hj{eYe<u}lh3Rmdddgj~;N4Zooo5d+T_[}\0d^{4٩gsǎwmh2Hl6[}ۋU	|+߶+.\rM)U,ZdչڷYcll,M)544T7d|򓟪|󁁁;\n4W[Ο=R7n\0AAJU\\&{ǆQ q੃dT_zGڃR岦C(@{\\BJT#G\Zd?zGڃRd{dՃ\'Eh2H|>_ɦuת7sGTyooohRjݕlڶdwUw=h2HӋNY&۴iS\r\rQ 2޽bUߜ,V,C%@{d^rZ~**M7Um.\0mCAz껈_XՓd\n\0mCA\rVsoѣ۾}{h\'nƍsj%WUPg\0DAMNNvuuU[WWsll,nMDqBU_rEvcW\r!ɀY###ճey&9=v֭5d&&&Zf~?RWk˖-WS\0MR,wٱ\r6,~/X	MU//)͎dɀJ8z{{tX&r{qn`h2\04\0@x\0 <M\0&\0,H2\0\0\0\0IENDB`',0),('147502',1,'diagrams/noticeBill.bpmn','147501','<?xml version=\"1.0\" encoding=\"UTF-8\"?>\n<definitions xmlns=\"http://www.omg.org/spec/BPMN/20100524/MODEL\" xmlns:xsi=\"http://www.w3.org/2001/XMLSchema-instance\" xmlns:xsd=\"http://www.w3.org/2001/XMLSchema\" xmlns:activiti=\"http://activiti.org/bpmn\" xmlns:bpmndi=\"http://www.omg.org/spec/BPMN/20100524/DI\" xmlns:omgdc=\"http://www.omg.org/spec/DD/20100524/DC\" xmlns:omgdi=\"http://www.omg.org/spec/DD/20100524/DI\" typeLanguage=\"http://www.w3.org/2001/XMLSchema\" expressionLanguage=\"http://www.w3.org/1999/XPath\" targetNamespace=\"http://www.activiti.org/test\">\n  <process id=\"noticeBill\" name=\"noticeBillprocess\" isExecutable=\"true\">\n    <startEvent id=\"startevent1\" name=\"Start\"></startEvent>\n    <endEvent id=\"endevent1\" name=\"End\"></endEvent>\n    <userTask id=\"usertask1\" name=\"起草\" activiti:assignee=\"${inputUser}\"></userTask>\n    <userTask id=\"usertask2\" name=\"审核\">\n      <extensionElements>\n        <activiti:taskListener event=\"create\" class=\"util.NoticeUtil\"></activiti:taskListener>\n      </extensionElements>\n    </userTask>\n    <sequenceFlow id=\"flow1\" name=\"流程开始\" sourceRef=\"startevent1\" targetRef=\"usertask1\"></sequenceFlow>\n    <sequenceFlow id=\"flow4\" name=\"发布中\" sourceRef=\"usertask2\" targetRef=\"endevent1\">\n      <conditionExpression xsi:type=\"tFormalExpression\"><![CDATA[${outcome==\'发布中\'}]]></conditionExpression>\n    </sequenceFlow>\n    <sequenceFlow id=\"flow5\" name=\"撤出\" sourceRef=\"usertask2\" targetRef=\"usertask1\">\n      <conditionExpression xsi:type=\"tFormalExpression\"><![CDATA[${outcome==\'撤除\'}]]></conditionExpression>\n    </sequenceFlow>\n    <sequenceFlow id=\"flow6\" sourceRef=\"usertask1\" targetRef=\"usertask2\"></sequenceFlow>\n  </process>\n  <bpmndi:BPMNDiagram id=\"BPMNDiagram_noticeBill\">\n    <bpmndi:BPMNPlane bpmnElement=\"noticeBill\" id=\"BPMNPlane_noticeBill\">\n      <bpmndi:BPMNShape bpmnElement=\"startevent1\" id=\"BPMNShape_startevent1\">\n        <omgdc:Bounds height=\"35.0\" width=\"35.0\" x=\"340.0\" y=\"89.0\"></omgdc:Bounds>\n      </bpmndi:BPMNShape>\n      <bpmndi:BPMNShape bpmnElement=\"endevent1\" id=\"BPMNShape_endevent1\">\n        <omgdc:Bounds height=\"35.0\" width=\"35.0\" x=\"340.0\" y=\"360.0\"></omgdc:Bounds>\n      </bpmndi:BPMNShape>\n      <bpmndi:BPMNShape bpmnElement=\"usertask1\" id=\"BPMNShape_usertask1\">\n        <omgdc:Bounds height=\"55.0\" width=\"105.0\" x=\"305.0\" y=\"155.0\"></omgdc:Bounds>\n      </bpmndi:BPMNShape>\n      <bpmndi:BPMNShape bpmnElement=\"usertask2\" id=\"BPMNShape_usertask2\">\n        <omgdc:Bounds height=\"55.0\" width=\"131.0\" x=\"292.0\" y=\"236.0\"></omgdc:Bounds>\n      </bpmndi:BPMNShape>\n      <bpmndi:BPMNEdge bpmnElement=\"flow1\" id=\"BPMNEdge_flow1\">\n        <omgdi:waypoint x=\"357.0\" y=\"124.0\"></omgdi:waypoint>\n        <omgdi:waypoint x=\"357.0\" y=\"155.0\"></omgdi:waypoint>\n        <bpmndi:BPMNLabel>\n          <omgdc:Bounds height=\"14.0\" width=\"48.0\" x=\"357.0\" y=\"124.0\"></omgdc:Bounds>\n        </bpmndi:BPMNLabel>\n      </bpmndi:BPMNEdge>\n      <bpmndi:BPMNEdge bpmnElement=\"flow4\" id=\"BPMNEdge_flow4\">\n        <omgdi:waypoint x=\"357.0\" y=\"291.0\"></omgdi:waypoint>\n        <omgdi:waypoint x=\"357.0\" y=\"360.0\"></omgdi:waypoint>\n        <bpmndi:BPMNLabel>\n          <omgdc:Bounds height=\"14.0\" width=\"100.0\" x=\"357.0\" y=\"291.0\"></omgdc:Bounds>\n        </bpmndi:BPMNLabel>\n      </bpmndi:BPMNEdge>\n      <bpmndi:BPMNEdge bpmnElement=\"flow5\" id=\"BPMNEdge_flow5\">\n        <omgdi:waypoint x=\"423.0\" y=\"263.0\"></omgdi:waypoint>\n        <omgdi:waypoint x=\"606.0\" y=\"263.0\"></omgdi:waypoint>\n        <omgdi:waypoint x=\"606.0\" y=\"214.0\"></omgdi:waypoint>\n        <omgdi:waypoint x=\"606.0\" y=\"184.0\"></omgdi:waypoint>\n        <omgdi:waypoint x=\"410.0\" y=\"184.0\"></omgdi:waypoint>\n        <omgdi:waypoint x=\"410.0\" y=\"184.0\"></omgdi:waypoint>\n        <omgdi:waypoint x=\"410.0\" y=\"182.0\"></omgdi:waypoint>\n        <bpmndi:BPMNLabel>\n          <omgdc:Bounds height=\"14.0\" width=\"100.0\" x=\"423.0\" y=\"263.0\"></omgdc:Bounds>\n        </bpmndi:BPMNLabel>\n      </bpmndi:BPMNEdge>\n      <bpmndi:BPMNEdge bpmnElement=\"flow6\" id=\"BPMNEdge_flow6\">\n        <omgdi:waypoint x=\"357.0\" y=\"210.0\"></omgdi:waypoint>\n        <omgdi:waypoint x=\"357.0\" y=\"236.0\"></omgdi:waypoint>\n      </bpmndi:BPMNEdge>\n    </bpmndi:BPMNPlane>\n  </bpmndi:BPMNDiagram>\n</definitions>',0),('147503',1,'diagrams/noticeBill.png','147501','PNG\r\n\Z\n\0\0\0\rIHDR\0\01\0\0\0\0\0+y\0\0 IDATxl}q5}%4j#Z)k xVNZE6\rFij&ȴESYS7EM\na\rԃ!܆+!X~c߽y<:w>w9wD\0\0z\0\0d\0\0-@\0\0\0d\0\0i2\04\0@x\0 <M\0&\0O\0\0\0d\0\0i2\04\0@x\0 <M\0&\0O\0\0\0d\0\0i2\04\0@x\0 <M\0&\0O\0\0\0d\0\0i2\04\0@x\0 <M\0&\0O\0\0\0d\0\0i2\04\0@x\0 <M\0&\0O\0\0\0d\0\0i2\04\0@x\0 <M\0&\0O\0\0\0d\0\0i2\04\0@x\0 <M\0&\0O\0\0\0d\0\0i2\04\0@x\0 <M\0&\0O\0\0\0d\0\0i2\04\0@x\0 <M\0&\0O\0\0\0d\0\0i2\04\0@x\0 <M\0&\0O\0\0\0d\0\0i2\04\0@x\0 <M,T*ܹ3efxxX,@CS,nθۻއ=RxڸqPX4pCe805]?m\0M{8Ȓ5V;:iӦ۷J{\0Ю40+ΩeX|宻lP+\0mIAqSC\0GQʃ<feX.Mi{<e97˅-6 :ۻAVO~S{	s\0DAAv੃d^9~`$ FFFrܪYen3wmh2Hl6ܷ\"[֩л64TXjPUfÆ\rw=h2H|>&s׮;\n4&{x#l6M)ח䯌d^<zk3w=h2HF:}3M)}\rmx::,2\0X.!zzz;rD%TCߜ\0KAJo}wClcoذ!M)588x뭟ihͷm\'B(@{dRLMe˖;\n4WC_Rz/ڃ&jӗ_җozچ&*JLRvk\nл64[:I&M7{*sG_3h2HbaÆzOAѣwh2 ,nC\0G:~=,d\0Go+6m;N~rY5v/~K\'@C@dJɮ\'n7;~&.Л40WPرcGWWn)NOag7o\Z_g۶OLNNdɀJ|>~KşlxxX,L5BI}z\0,M$a\0h+,&Si/ys?QkHj$MU9S|/\0ZHLKԒMI\0fX〤m:]I9ggiP_=,bg.w\'\0Zu\rHj_dѥMV\0ku\rH	6KsP\'[]$5?<Uͦ9upddiJdklUdgibWOֿ&<KBjhy=*6 :5\'b?`-I!ƱIi2ƱIi2ƱIi2ƱIi2ƱIi2ƱIi2ƱIi2Ʊ)_{WOLL45Ew}ߋ###7\r`Md@=R骫\r믿X,45EKۮjr-7\n`d֭[W	[f2Rz\0\ZM,G+&J2Fd@\"7pCBoڤɀD\nBdA4h+,R4<<ߟf3wKx@.\Z\ZNڣɠ-=}/=zaj*{ػwmI\\fդɠE|>e˖c0uΉOer\nB;\n`uh2hEq~o\\:oÆ\r.UɠreڴC]\0@AݲƩI2w\ZJi2h-R)ɼr|rjI2rq\Z4|>?5}:(E*Uk?@dZr{WAv㖟GO/F/LE?:=s>:pzzG\'.DS(EFßyd:8XMȑTtޜ޸;:ލ7OEGފ&KыwLTٙ3\';;;Cu\0+ɠtuu~ęubt엦gf>;wtTTT|d9bZ]u:g߾BX/_Wg.uj&PnǟzfmS5hwV1h-6(p|uut>=綩\ZM;rWYs\'E^{+:puֽ_{5KɧιmF*U(͞\';Vɉ]7wߊ磳go9Mh2YŠm1=TR#β7_^^=5~Q^+E\'Gq9Mh2YŠM\'M<vpⱧ٣ď~xG>?y韌?~vyH\\rQ;|snd@Ak)7Id@Akm&ڝUZKN&ڝUZK^3M;r,w4bZMV0M;MɀtAk)7N\rN7G_zb&\0V*%n_\r8\r}CYP6obzf\0V*\\6ǃ̥uu_W:gϾwW^yŇ?/4^ٌwXŠ畀3j?S$Y?=?d@Ak)ͱS݀K{kWU]_m\\>ߎ/d%]%2L;w-wKh2h-qϜgڜ4g}zM[nM6v8OF]c+ЛoAk	d5_MU7xRc==˿Η+}z{{\'&&Boh2h1inI\'?O֌|;;۔}78\\ݰwСCq\r*e6nf&LGX|Xﾯ}[_xs6&]G+JCCC7TAk)Ak7`~@[^ٶw-βl6;>>zCH/rټdj*CmMNNqzCH)rmTI+&cUرcpp0VRV1h-y,w4bbb\'VRV1h-&{,w4eƍ^UFV1h-L/	*%nrGZFFFr\\ bZMd/)#rM&cLNNf2[A\ZYŠfXE\'pAk<w陙eQVÉ vZ2/fYxe9a?FDϙyQ6HZݻ\"x|k|>cdᰃR+<W:06	\'add$]ڡa-g3ѳ&|gBi) vrJR6gL)|XNcMdᰃV411{H2Mdq}#Za-j||<βݻ*6gdK==X4A8uJ|6/Xߒeˡ\"&MF;hucccwwF]]1βwkY&#\0#%4A8쀤<PupIy\"%@EJ8	a$偊pH)P\'*R¡N; )TC v@RH	:A8쀤<PupIy\"%@EJ8	a$偊pH)P\'*R¡N; )TC v@RH	:A8zǧBwww߫zbb\"Ah2pw}l޼ydd$Ah2pJ6ȮbzӠQ4A8%vmW\\qEn喁\ra,mݺu ۺuk&)J\ZHXڣ>zWT}}}^Iƚa$r\r7T,@i2p\n[` v@RH	:A8 R4<<ߟf32Ŀ円aC!{}^<zԔYĿwm۶ſBմMF;hblrc.͉OeB軝vaMYoo7ƅ9soذarr2Odᰃ {4sЦMΧmh2pA󌎎nrt4>ٵڃ&#4ITd2>g?r뽿\ZIh2pA\r\rG	ߡVg׮IB$d7nybT3}|B?Rl[ѿ?\n4k`:8@\rh2pA9ċ(:39q!:EwtoM3fsm@ǧOW&^^_և~tޜޘQГϖYx%		A8I]u:g߾BX/_Wgtj&PnǟzfmeZpU[&8t4EΟwwtt~O\\x%		A8I]fu*]<z*z֭[+~=׼.i\':8c-I8NaMRbuDofϓx+?tWoE7?ۚ,P(tww\nM/S8ޜ~y!z\'G7v>E)z<U\'\\h2499dBoidy&U͛OxcO?Gˏ|?/쮯}֛MƒFGGBoidy&)7O*ɛ?>Ge4<A	;%\nM2d_7aGQ_Pd2R)F\'hr0aGQ;Bo)ey&)7k&h2(JLP(RMRn_ɨ#\r\r\nMRn	;n߾=Vj\'hM\nɘT*yAFp\'hr]~vZHXd2XI\ZxՖ%ߺsn|㗵۽{w.klǎ^O<AxNͫj\"~Gl6\'HX0h2hdy]f}TsVwΓͿ0U/ZyWs9\\nM9yX3,$jY+Oֹ\\p^X;l\0MR</j-vHee&)\'O[yjp˕u`oEl1M;l@Vd+Od^zϴt{<Y904U./nbwvkwǂ5ɀP2$py]~z]XT<bOn.!YVIr]VD7ieHi2,+$dyф:\'4ed/S<sf9˲MZa濞=lؑe$~yބ-,4I~b&Z	d&h2eYIMcv4в,O$==3#p4в,O$L嗿?3sM,4I__3	} \0,LA޽{`/wI[Cw44dOϕDMn	} \0,LA융}&z43O}Ei2hR~t|ߢ)|X\0X&nbb$Ldq\n}#P&flMgdK== R40f?24CQtЬ=<[rl|94MgY; )M$ͽ\0\ZGIuD\0\rcm:@ɀlhd\0Y\nvX}-@jY\n[\\VH*k_ascINy? e5Ys``Tm-d\0uXjcNH%l2\'eZ0|id\0IX{r+/vakHjB6i22K!TZIri2Hɉ\'ƱIi2ƱIi2ƱIi2ƱIi2ƱIi2ƱIi2ƱIi2ƱIi2ƱIi2ƱIi2ƱIi2ƱIi2ƱIi2ƱIi2ƱIi2ƱIi2ƱIi2ƱIi2ƱIi2ƱIi2ƱIi2ƱIi2ƱIi2ƱIi2ƱIi2ƱIi2ƱIi2ƱIi2ƱIi2ƱIi2ƱIi2ƱIi2ƱIi2ƱIi2ƱIi2ƱIi2ƱIi2ƱIi2ƱIi2ƱIi2ƱIi2ƱIi2ƱIi2ƱIi2ƱIi2Ʊ)_{WOLL45Ew}l޼ydd$)T*]uUAvwwwЛh2`	vW\\Qm[ne`` F5Xںu*AuL&S*BoZɀ=W^yed}}}^IHn4Y\rX4HP[`\04&\0cU*FFFvܙ?344T(Bo ڡɀ)wwwϞ=&i2ccc7n\\je2`4R	g?w{:~ǖ-[\\3ys˦ɀYBa[őG^^lN~+wUf\n+\0mIdSմ_cs޶s||<MiW*jϐݹkW\Z{v\\cճeI&ri2Hj{eYe<u}lh3Rmdddgj~;N4Zooo5d+T_[}\0d^{4٩gsǎwmh2Hl6[}ۋU	|+߶+.\rM)U,ZdչڷYcll,M)544T7d|򓟪|󁁁;\n4W[Ο=R7n\0AAJU\\&{ǆQ q੃dT_zGڃR岦C(@{\\BJT#G\Zd?zGڃRd{dՃ\'Eh2H|>_ɦuת7sGTyooohRjݕlڶdwUw=h2HӋNY&۴iS\r\rQ 2޽bUߜ,V,C%@{d^rZ~**M7Um.\0mCAz껈_XՓd\n\0mCA\rVsoѣ۾}{h\'nƍsj%WUPg\0DAMNNvuuU[WWsll,nMDqBU_rEvcW\r!ɀY###ճey&9=v֭5d&&&Zf~?RWk˖-WS\0MR,wٱ\r6,~/X	MU//)͎dɀJ8z{{tX&r{qn`h2\04\0@x\0 <M\0&\0,H2\0\0\0\0IENDB`',0),('15002',1,'diagrams/noticeBill.bpmn','15001','<?xml version=\"1.0\" encoding=\"UTF-8\"?>\n<definitions xmlns=\"http://www.omg.org/spec/BPMN/20100524/MODEL\" xmlns:xsi=\"http://www.w3.org/2001/XMLSchema-instance\" xmlns:xsd=\"http://www.w3.org/2001/XMLSchema\" xmlns:activiti=\"http://activiti.org/bpmn\" xmlns:bpmndi=\"http://www.omg.org/spec/BPMN/20100524/DI\" xmlns:omgdc=\"http://www.omg.org/spec/DD/20100524/DC\" xmlns:omgdi=\"http://www.omg.org/spec/DD/20100524/DI\" typeLanguage=\"http://www.w3.org/2001/XMLSchema\" expressionLanguage=\"http://www.w3.org/1999/XPath\" targetNamespace=\"http://www.activiti.org/test\">\n  <process id=\"noticeBill\" name=\"noticeBillprocess\" isExecutable=\"true\">\n    <startEvent id=\"startevent1\" name=\"Start\"></startEvent>\n    <endEvent id=\"endevent1\" name=\"End\"></endEvent>\n    <userTask id=\"usertask1\" name=\"起草\" activiti:assignee=\"${inputUser}\"></userTask>\n    <userTask id=\"usertask2\" name=\"审核\">\n      <extensionElements>\n        <activiti:taskListener event=\"create\" class=\"util.NoticeUtil\"></activiti:taskListener>\n      </extensionElements>\n    </userTask>\n    <sequenceFlow id=\"flow1\" name=\"流程开始\" sourceRef=\"startevent1\" targetRef=\"usertask1\"></sequenceFlow>\n    <sequenceFlow id=\"flow4\" name=\"发布中\" sourceRef=\"usertask2\" targetRef=\"endevent1\">\n      <conditionExpression xsi:type=\"tFormalExpression\"><![CDATA[${outcome==\'发布中\'}]]></conditionExpression>\n    </sequenceFlow>\n    <sequenceFlow id=\"flow5\" name=\"撤出\" sourceRef=\"usertask2\" targetRef=\"usertask1\">\n      <conditionExpression xsi:type=\"tFormalExpression\"><![CDATA[${outcome==\'驳回\'}]]></conditionExpression>\n    </sequenceFlow>\n    <sequenceFlow id=\"flow6\" sourceRef=\"usertask1\" targetRef=\"usertask2\"></sequenceFlow>\n  </process>\n  <bpmndi:BPMNDiagram id=\"BPMNDiagram_noticeBill\">\n    <bpmndi:BPMNPlane bpmnElement=\"noticeBill\" id=\"BPMNPlane_noticeBill\">\n      <bpmndi:BPMNShape bpmnElement=\"startevent1\" id=\"BPMNShape_startevent1\">\n        <omgdc:Bounds height=\"35.0\" width=\"35.0\" x=\"340.0\" y=\"89.0\"></omgdc:Bounds>\n      </bpmndi:BPMNShape>\n      <bpmndi:BPMNShape bpmnElement=\"endevent1\" id=\"BPMNShape_endevent1\">\n        <omgdc:Bounds height=\"35.0\" width=\"35.0\" x=\"340.0\" y=\"360.0\"></omgdc:Bounds>\n      </bpmndi:BPMNShape>\n      <bpmndi:BPMNShape bpmnElement=\"usertask1\" id=\"BPMNShape_usertask1\">\n        <omgdc:Bounds height=\"55.0\" width=\"105.0\" x=\"305.0\" y=\"155.0\"></omgdc:Bounds>\n      </bpmndi:BPMNShape>\n      <bpmndi:BPMNShape bpmnElement=\"usertask2\" id=\"BPMNShape_usertask2\">\n        <omgdc:Bounds height=\"55.0\" width=\"131.0\" x=\"292.0\" y=\"236.0\"></omgdc:Bounds>\n      </bpmndi:BPMNShape>\n      <bpmndi:BPMNEdge bpmnElement=\"flow1\" id=\"BPMNEdge_flow1\">\n        <omgdi:waypoint x=\"357.0\" y=\"124.0\"></omgdi:waypoint>\n        <omgdi:waypoint x=\"357.0\" y=\"155.0\"></omgdi:waypoint>\n        <bpmndi:BPMNLabel>\n          <omgdc:Bounds height=\"14.0\" width=\"48.0\" x=\"357.0\" y=\"124.0\"></omgdc:Bounds>\n        </bpmndi:BPMNLabel>\n      </bpmndi:BPMNEdge>\n      <bpmndi:BPMNEdge bpmnElement=\"flow4\" id=\"BPMNEdge_flow4\">\n        <omgdi:waypoint x=\"357.0\" y=\"291.0\"></omgdi:waypoint>\n        <omgdi:waypoint x=\"357.0\" y=\"360.0\"></omgdi:waypoint>\n        <bpmndi:BPMNLabel>\n          <omgdc:Bounds height=\"14.0\" width=\"100.0\" x=\"357.0\" y=\"291.0\"></omgdc:Bounds>\n        </bpmndi:BPMNLabel>\n      </bpmndi:BPMNEdge>\n      <bpmndi:BPMNEdge bpmnElement=\"flow5\" id=\"BPMNEdge_flow5\">\n        <omgdi:waypoint x=\"423.0\" y=\"263.0\"></omgdi:waypoint>\n        <omgdi:waypoint x=\"606.0\" y=\"263.0\"></omgdi:waypoint>\n        <omgdi:waypoint x=\"606.0\" y=\"214.0\"></omgdi:waypoint>\n        <omgdi:waypoint x=\"606.0\" y=\"184.0\"></omgdi:waypoint>\n        <omgdi:waypoint x=\"410.0\" y=\"184.0\"></omgdi:waypoint>\n        <omgdi:waypoint x=\"410.0\" y=\"184.0\"></omgdi:waypoint>\n        <omgdi:waypoint x=\"410.0\" y=\"182.0\"></omgdi:waypoint>\n        <bpmndi:BPMNLabel>\n          <omgdc:Bounds height=\"14.0\" width=\"24.0\" x=\"423.0\" y=\"263.0\"></omgdc:Bounds>\n        </bpmndi:BPMNLabel>\n      </bpmndi:BPMNEdge>\n      <bpmndi:BPMNEdge bpmnElement=\"flow6\" id=\"BPMNEdge_flow6\">\n        <omgdi:waypoint x=\"357.0\" y=\"210.0\"></omgdi:waypoint>\n        <omgdi:waypoint x=\"357.0\" y=\"236.0\"></omgdi:waypoint>\n      </bpmndi:BPMNEdge>\n    </bpmndi:BPMNPlane>\n  </bpmndi:BPMNDiagram>\n</definitions>',0),('15003',1,'diagrams/noticeBill.png','15001','PNG\r\n\Z\n\0\0\0\rIHDR\0\01\0\0\0\0\0+y\0\0 IDATxl}q5}%4j#Z)k xVNZE6\rFij&ȴESYS7EM\na\rԃ!܆+!X~c߽y<:w>w9wD\0\0z\0\0d\0\0-@\0\0\0d\0\0i2\04\0@x\0 <M\0&\0O\0\0\0d\0\0i2\04\0@x\0 <M\0&\0O\0\0\0d\0\0i2\04\0@x\0 <M\0&\0O\0\0\0d\0\0i2\04\0@x\0 <M\0&\0O\0\0\0d\0\0i2\04\0@x\0 <M\0&\0O\0\0\0d\0\0i2\04\0@x\0 <M\0&\0O\0\0\0d\0\0i2\04\0@x\0 <M\0&\0O\0\0\0d\0\0i2\04\0@x\0 <M\0&\0O\0\0\0d\0\0i2\04\0@x\0 <M\0&\0O\0\0\0d\0\0i2\04\0@x\0 <M\0&\0O\0\0\0d\0\0i2\04\0@x\0 <M,T*ܹ3efxxX,@CS,nθۻއ=RxڸqPX4pCe805]?m\0M{8Ȓ5V;:iӦ۷J{\0Ю40+ΩeX|宻lP+\0mIAqSC\0GQʃ<feX.Mi{<e97˅-6 :ۻAVO~S{	s\0DAAv੃d^9~`$ FFFrܪYen3wmh2Hl6ܷ\"[֩л64TXjPUfÆ\rw=h2H|>&s׮;\n4&{x#l6M)ח䯌d^<zk3w=h2HF:}3M)}\rmx::,2\0X.!zzz;rD%TCߜ\0KAJo}wClcoذ!M)588x뭟ihͷm\'B(@{dRLMe˖;\n4WC_Rz/ڃ&jӗ_җozچ&*JLRvk\nл64[:I&M7{*sG_3h2HbaÆzOAѣwh2 ,nC\0G:~=,d\0Go+6m;N~rY5v/~K\'@C@dJɮ\'n7;~&.Л40WPرcGWWn)NOag7o\Z_g۶OLNNdɀJ|>~KşlxxX,L5BI}z\0,M$a\0h+,&Si/ys?QkHj$MU9S|/\0ZHLKԒMI\0fX〤m:]I9ggiP_=,bg.w\'\0Zu\rHj_dѥMV\0ku\rH	6KsP\'[]$5?<Uͦ9upddiJdklUdgibWOֿ&<KBjhy=*6 :5\'b?`-I!ƱIi2ƱIi2ƱIi2ƱIi2ƱIi2ƱIi2ƱIi2Ʊ)_{WOLL45Ew}ߋ###7\r`Md@=R骫\r믿X,45EKۮjr-7\n`d֭[W	[f2Rz\0\ZM,G+&J2Fd@\"7pCBoڤɀD\nBdA4h+,R4<<ߟf3wKx@.\Z\ZNڣɠ-=}/=zaj*{ػwmI\\fդɠE|>e˖c0uΉOer\nB;\n`uh2hEq~o\\:oÆ\r.UɠreڴC]\0@AݲƩI2w\ZJi2h-R)ɼr|rjI2rq\Z4|>?5}:(E*Uk?@dZr{WAv㖟GO/F/LE?:=s>:pzzG\'.DS(EFßyd:8XMȑTtޜ޸;:ލ7OEGފ&KыwLTٙ3\';;;Cu\0+ɠtuu~ęubt엦gf>;wtTTT|d9bZ]u:g߾BX/_Wg.uj&PnǟzfmS5hwV1h-6(p|uut>=綩\ZM;rWYs\'E^{+:puֽ_{5KɧιmF*U(͞\';Vɉ]7wߊ磳go9Mh2YŠm1=TR#β7_^^=5~Q^+E\'Gq9Mh2YŠM\'M<vpⱧ٣ď~xG>?y韌?~vyH\\rQ;|snd@Ak)7Id@Akm&ڝUZKN&ڝUZK^3M;r,w4bZMV0M;MɀtAk)7N\rN7G_zb&\0V*%n_\r8\r}CYP6obzf\0V*\\6ǃ̥uu_W:gϾwW^yŇ?/4^ٌwXŠ畀3j?S$Y?=?d@Ak)ͱS݀K{kWU]_m\\>ߎ/d%]%2L;w-wKh2h-qϜgڜ4g}zM[nM6v8OF]c+ЛoAk	d5_MU7xRc==˿Η+}z{{\'&&Boh2h1inI\'?O֌|;;۔}78\\ݰwСCq\r*e6nf&LGX|Xﾯ}[_xs6&]G+JCCC7TAk)Ak7`~@[^ٶw-βl6;>>zCH/rټdj*CmMNNqzCH)rmTI+&cUرcpp0VRV1h-y,w4bbb\'VRV1h-&{,w4eƍ^UFV1h-L/	*%nrGZFFFr\\ bZMd/)#rM&cLNNf2[A\ZYŠfXE\'pAk<w陙eQVÉ vZ2/fYxe9a?FDϙyQ6HZݻ\"x|k|>cdᰃR+<W:06	\'add$]ڡa-g3ѳ&|gBi) vrJR6gL)|XNcMdᰃV411{H2Mdq}#Za-j||<βݻ*6gdK==X4A8uJ|6/Xߒeˡ\"&MF;hucccwwF]]1βwkY&#\0#%4A8쀤<PupIy\"%@EJ8	a$偊pH)P\'*R¡N; )TC v@RH	:A8쀤<PupIy\"%@EJ8	a$偊pH)P\'*R¡N; )TC v@RH	:A8zǧBwww߫zbb\"Ah2pw}l޼ydd$Ah2pJ6ȮbzӠQ4A8%vmW\\qEn喁\ra,mݺu ۺuk&)J\ZHXڣ>zWT}}}^Iƚa$r\r7T,@i2p\n[` v@RH	:A8 R4<<ߟf32Ŀ円aC!{}^<zԔYĿwm۶ſBմMF;hblrc.͉OeB軝vaMYoo7ƅ9soذarr2Odᰃ {4sЦMΧmh2pA󌎎nrt4>ٵڃ&#4ITd2>g?r뽿\ZIh2pA\r\rG	ߡVg׮IB$d7nybT3}|B?Rl[ѿ?\n4k`:8@\rh2pA9ċ(:39q!:EwtoM3fsm@ǧOW&^^_և~tޜޘQГϖYx%		A8I]u:g߾BX/_Wgtj&PnǟzfmeZpU[&8t4EΟwwtt~O\\x%		A8I]fu*]<z*z֭[+~=׼.i\':8c-I8NaMRbuDofϓx+?tWoE7?ۚ,P(tww\nM/S8ޜ~y!z\'G7v>E)z<U\'\\h2499dBoidy&U͛OxcO?Gˏ|?/쮯}֛MƒFGGBoidy&)7O*ɛ?>Ge4<A	;%\nM2d_7aGQ_Pd2R)F\'hr0aGQ;Bo)ey&)7k&h2(JLP(RMRn_ɨ#\r\r\nMRn	;n߾=Vj\'hM\nɘT*yAFp\'hr]~vZHXd2XI\ZxՖ%ߺsn|㗵۽{w.klǎ^O<AxNͫj\"~Gl6\'HX0h2hdy]f}TsVwΓͿ0U/ZyWs9\\nM9yX3,$jY+Oֹ\\p^X;l\0MR</j-vHee&)\'O[yjp˕u`oEl1M;l@Vd+Od^zϴt{<Y904U./nbwvkwǂ5ɀP2$py]~z]XT<bOn.!YVIr]VD7ieHi2,+$dyф:\'4ed/S<sf9˲MZa濞=lؑe$~yބ-,4I~b&Z	d&h2eYIMcv4в,O$==3#p4в,O$L嗿?3sM,4I__3	} \0,LA޽{`/wI[Cw44dOϕDMn	} \0,LA융}&z43O}Ei2hR~t|ߢ)|X\0X&nbb$Ldq\n}#P&flMgdK== R40f?24CQtЬ=<[rl|94MgY; )M$ͽ\0\ZGIuD\0\rcm:@ɀlhd\0Y\nvX}-@jY\n[\\VH*k_ascINy? e5Ys``Tm-d\0uXjcNH%l2\'eZ0|id\0IX{r+/vakHjB6i22K!TZIri2Hɉ\'ƱIi2ƱIi2ƱIi2ƱIi2ƱIi2ƱIi2ƱIi2ƱIi2ƱIi2ƱIi2ƱIi2ƱIi2ƱIi2ƱIi2ƱIi2ƱIi2ƱIi2ƱIi2ƱIi2ƱIi2ƱIi2ƱIi2ƱIi2ƱIi2ƱIi2ƱIi2ƱIi2ƱIi2ƱIi2ƱIi2ƱIi2ƱIi2ƱIi2ƱIi2ƱIi2ƱIi2ƱIi2ƱIi2ƱIi2ƱIi2ƱIi2ƱIi2ƱIi2ƱIi2ƱIi2Ʊ)_{WOLL45Ew}l޼ydd$)T*]uUAvwwwЛh2`	vW\\Qm[ne`` F5Xںu*AuL&S*BoZɀ=W^yed}}}^IHn4Y\rX4HP[`\04&\0cU*FFFvܙ?344T(Bo ڡɀ)wwwϞ=&i2ccc7n\\je2`4R	g?w{:~ǖ-[\\3ys˦ɀYBa[őG^^lN~+wUf\n+\0mIdSմ_cs޶s||<MiW*jϐݹkW\Z{v\\cճeI&ri2Hj{eYe<u}lh3Rmdddgj~;N4Zooo5d+T_[}\0d^{4٩gsǎwmh2Hl6[}ۋU	|+߶+.\rM)U,ZdչڷYcll,M)544T7d|򓟪|󁁁;\n4W[Ο=R7n\0AAJU\\&{ǆQ q੃dT_zGڃR岦C(@{\\BJT#G\Zd?zGڃRd{dՃ\'Eh2H|>_ɦuת7sGTyooohRjݕlڶdwUw=h2HӋNY&۴iS\r\rQ 2޽bUߜ,V,C%@{d^rZ~**M7Um.\0mCAz껈_XՓd\n\0mCA\rVsoѣ۾}{h\'nƍsj%WUPg\0DAMNNvuuU[WWsll,nMDqBU_rEvcW\r!ɀY###ճey&9=v֭5d&&&Zf~?RWk˖-WS\0MR,wٱ\r6,~/X	MU//)͎dɀJ8z{{tX&r{qn`h2\04\0@x\0 <M\0&\0,H2\0\0\0\0IENDB`',0),('160002',1,'diagrams/noticeBill.bpmn','160001','<?xml version=\"1.0\" encoding=\"UTF-8\"?>\n<definitions xmlns=\"http://www.omg.org/spec/BPMN/20100524/MODEL\" xmlns:xsi=\"http://www.w3.org/2001/XMLSchema-instance\" xmlns:xsd=\"http://www.w3.org/2001/XMLSchema\" xmlns:activiti=\"http://activiti.org/bpmn\" xmlns:bpmndi=\"http://www.omg.org/spec/BPMN/20100524/DI\" xmlns:omgdc=\"http://www.omg.org/spec/DD/20100524/DC\" xmlns:omgdi=\"http://www.omg.org/spec/DD/20100524/DI\" typeLanguage=\"http://www.w3.org/2001/XMLSchema\" expressionLanguage=\"http://www.w3.org/1999/XPath\" targetNamespace=\"http://www.activiti.org/test\">\n  <process id=\"noticeBill\" name=\"noticeBillprocess\" isExecutable=\"true\">\n    <startEvent id=\"startevent1\" name=\"Start\"></startEvent>\n    <endEvent id=\"endevent1\" name=\"End\"></endEvent>\n    <userTask id=\"usertask1\" name=\"起草\" activiti:assignee=\"${inputUser}\"></userTask>\n    <userTask id=\"usertask2\" name=\"审核\">\n      <extensionElements>\n        <activiti:taskListener event=\"create\" class=\"util.NoticeUtil\"></activiti:taskListener>\n      </extensionElements>\n    </userTask>\n    <sequenceFlow id=\"flow1\" name=\"流程开始\" sourceRef=\"startevent1\" targetRef=\"usertask1\"></sequenceFlow>\n    <sequenceFlow id=\"flow4\" name=\"发布中\" sourceRef=\"usertask2\" targetRef=\"endevent1\">\n      <conditionExpression xsi:type=\"tFormalExpression\"><![CDATA[${outcome==\'发布中\'}]]></conditionExpression>\n    </sequenceFlow>\n    <sequenceFlow id=\"flow5\" name=\"撤出\" sourceRef=\"usertask2\" targetRef=\"usertask1\">\n      <conditionExpression xsi:type=\"tFormalExpression\"><![CDATA[${outcome==\'撤除\'}]]></conditionExpression>\n    </sequenceFlow>\n    <sequenceFlow id=\"flow6\" sourceRef=\"usertask1\" targetRef=\"usertask2\"></sequenceFlow>\n  </process>\n  <bpmndi:BPMNDiagram id=\"BPMNDiagram_noticeBill\">\n    <bpmndi:BPMNPlane bpmnElement=\"noticeBill\" id=\"BPMNPlane_noticeBill\">\n      <bpmndi:BPMNShape bpmnElement=\"startevent1\" id=\"BPMNShape_startevent1\">\n        <omgdc:Bounds height=\"35.0\" width=\"35.0\" x=\"340.0\" y=\"89.0\"></omgdc:Bounds>\n      </bpmndi:BPMNShape>\n      <bpmndi:BPMNShape bpmnElement=\"endevent1\" id=\"BPMNShape_endevent1\">\n        <omgdc:Bounds height=\"35.0\" width=\"35.0\" x=\"340.0\" y=\"360.0\"></omgdc:Bounds>\n      </bpmndi:BPMNShape>\n      <bpmndi:BPMNShape bpmnElement=\"usertask1\" id=\"BPMNShape_usertask1\">\n        <omgdc:Bounds height=\"55.0\" width=\"105.0\" x=\"305.0\" y=\"155.0\"></omgdc:Bounds>\n      </bpmndi:BPMNShape>\n      <bpmndi:BPMNShape bpmnElement=\"usertask2\" id=\"BPMNShape_usertask2\">\n        <omgdc:Bounds height=\"55.0\" width=\"131.0\" x=\"292.0\" y=\"236.0\"></omgdc:Bounds>\n      </bpmndi:BPMNShape>\n      <bpmndi:BPMNEdge bpmnElement=\"flow1\" id=\"BPMNEdge_flow1\">\n        <omgdi:waypoint x=\"357.0\" y=\"124.0\"></omgdi:waypoint>\n        <omgdi:waypoint x=\"357.0\" y=\"155.0\"></omgdi:waypoint>\n        <bpmndi:BPMNLabel>\n          <omgdc:Bounds height=\"14.0\" width=\"48.0\" x=\"357.0\" y=\"124.0\"></omgdc:Bounds>\n        </bpmndi:BPMNLabel>\n      </bpmndi:BPMNEdge>\n      <bpmndi:BPMNEdge bpmnElement=\"flow4\" id=\"BPMNEdge_flow4\">\n        <omgdi:waypoint x=\"357.0\" y=\"291.0\"></omgdi:waypoint>\n        <omgdi:waypoint x=\"357.0\" y=\"360.0\"></omgdi:waypoint>\n        <bpmndi:BPMNLabel>\n          <omgdc:Bounds height=\"14.0\" width=\"100.0\" x=\"357.0\" y=\"291.0\"></omgdc:Bounds>\n        </bpmndi:BPMNLabel>\n      </bpmndi:BPMNEdge>\n      <bpmndi:BPMNEdge bpmnElement=\"flow5\" id=\"BPMNEdge_flow5\">\n        <omgdi:waypoint x=\"423.0\" y=\"263.0\"></omgdi:waypoint>\n        <omgdi:waypoint x=\"606.0\" y=\"263.0\"></omgdi:waypoint>\n        <omgdi:waypoint x=\"606.0\" y=\"214.0\"></omgdi:waypoint>\n        <omgdi:waypoint x=\"606.0\" y=\"184.0\"></omgdi:waypoint>\n        <omgdi:waypoint x=\"410.0\" y=\"184.0\"></omgdi:waypoint>\n        <omgdi:waypoint x=\"410.0\" y=\"184.0\"></omgdi:waypoint>\n        <omgdi:waypoint x=\"410.0\" y=\"182.0\"></omgdi:waypoint>\n        <bpmndi:BPMNLabel>\n          <omgdc:Bounds height=\"14.0\" width=\"100.0\" x=\"423.0\" y=\"263.0\"></omgdc:Bounds>\n        </bpmndi:BPMNLabel>\n      </bpmndi:BPMNEdge>\n      <bpmndi:BPMNEdge bpmnElement=\"flow6\" id=\"BPMNEdge_flow6\">\n        <omgdi:waypoint x=\"357.0\" y=\"210.0\"></omgdi:waypoint>\n        <omgdi:waypoint x=\"357.0\" y=\"236.0\"></omgdi:waypoint>\n      </bpmndi:BPMNEdge>\n    </bpmndi:BPMNPlane>\n  </bpmndi:BPMNDiagram>\n</definitions>',0),('160003',1,'diagrams/noticeBill.png','160001','PNG\r\n\Z\n\0\0\0\rIHDR\0\01\0\0\0\0\0+y\0\0 IDATxl}q5}%4j#Z)k xVNZE6\rFij&ȴESYS7EM\na\rԃ!܆+!X~c߽y<:w>w9wD\0\0z\0\0d\0\0-@\0\0\0d\0\0i2\04\0@x\0 <M\0&\0O\0\0\0d\0\0i2\04\0@x\0 <M\0&\0O\0\0\0d\0\0i2\04\0@x\0 <M\0&\0O\0\0\0d\0\0i2\04\0@x\0 <M\0&\0O\0\0\0d\0\0i2\04\0@x\0 <M\0&\0O\0\0\0d\0\0i2\04\0@x\0 <M\0&\0O\0\0\0d\0\0i2\04\0@x\0 <M\0&\0O\0\0\0d\0\0i2\04\0@x\0 <M\0&\0O\0\0\0d\0\0i2\04\0@x\0 <M\0&\0O\0\0\0d\0\0i2\04\0@x\0 <M\0&\0O\0\0\0d\0\0i2\04\0@x\0 <M,T*ܹ3efxxX,@CS,nθۻއ=RxڸqPX4pCe805]?m\0M{8Ȓ5V;:iӦ۷J{\0Ю40+ΩeX|宻lP+\0mIAqSC\0GQʃ<feX.Mi{<e97˅-6 :ۻAVO~S{	s\0DAAv੃d^9~`$ FFFrܪYen3wmh2Hl6ܷ\"[֩л64TXjPUfÆ\rw=h2H|>&s׮;\n4&{x#l6M)ח䯌d^<zk3w=h2HF:}3M)}\rmx::,2\0X.!zzz;rD%TCߜ\0KAJo}wClcoذ!M)588x뭟ihͷm\'B(@{dRLMe˖;\n4WC_Rz/ڃ&jӗ_җozچ&*JLRvk\nл64[:I&M7{*sG_3h2HbaÆzOAѣwh2 ,nC\0G:~=,d\0Go+6m;N~rY5v/~K\'@C@dJɮ\'n7;~&.Л40WPرcGWWn)NOag7o\Z_g۶OLNNdɀJ|>~KşlxxX,L5BI}z\0,M$a\0h+,&Si/ys?QkHj$MU9S|/\0ZHLKԒMI\0fX〤m:]I9ggiP_=,bg.w\'\0Zu\rHj_dѥMV\0ku\rH	6KsP\'[]$5?<Uͦ9upddiJdklUdgibWOֿ&<KBjhy=*6 :5\'b?`-I!ƱIi2ƱIi2ƱIi2ƱIi2ƱIi2ƱIi2ƱIi2Ʊ)_{WOLL45Ew}ߋ###7\r`Md@=R骫\r믿X,45EKۮjr-7\n`d֭[W	[f2Rz\0\ZM,G+&J2Fd@\"7pCBoڤɀD\nBdA4h+,R4<<ߟf3wKx@.\Z\ZNڣɠ-=}/=zaj*{ػwmI\\fդɠE|>e˖c0uΉOer\nB;\n`uh2hEq~o\\:oÆ\r.UɠreڴC]\0@AݲƩI2w\ZJi2h-R)ɼr|rjI2rq\Z4|>?5}:(E*Uk?@dZr{WAv㖟GO/F/LE?:=s>:pzzG\'.DS(EFßyd:8XMȑTtޜ޸;:ލ7OEGފ&KыwLTٙ3\';;;Cu\0+ɠtuu~ęubt엦gf>;wtTTT|d9bZ]u:g߾BX/_Wg.uj&PnǟzfmS5hwV1h-6(p|uut>=綩\ZM;rWYs\'E^{+:puֽ_{5KɧιmF*U(͞\';Vɉ]7wߊ磳go9Mh2YŠm1=TR#β7_^^=5~Q^+E\'Gq9Mh2YŠM\'M<vpⱧ٣ď~xG>?y韌?~vyH\\rQ;|snd@Ak)7Id@Akm&ڝUZKN&ڝUZK^3M;r,w4bZMV0M;MɀtAk)7N\rN7G_zb&\0V*%n_\r8\r}CYP6obzf\0V*\\6ǃ̥uu_W:gϾwW^yŇ?/4^ٌwXŠ畀3j?S$Y?=?d@Ak)ͱS݀K{kWU]_m\\>ߎ/d%]%2L;w-wKh2h-qϜgڜ4g}zM[nM6v8OF]c+ЛoAk	d5_MU7xRc==˿Η+}z{{\'&&Boh2h1inI\'?O֌|;;۔}78\\ݰwСCq\r*e6nf&LGX|Xﾯ}[_xs6&]G+JCCC7TAk)Ak7`~@[^ٶw-βl6;>>zCH/rټdj*CmMNNqzCH)rmTI+&cUرcpp0VRV1h-y,w4bbb\'VRV1h-&{,w4eƍ^UFV1h-L/	*%nrGZFFFr\\ bZMd/)#rM&cLNNf2[A\ZYŠfXE\'pAk<w陙eQVÉ vZ2/fYxe9a?FDϙyQ6HZݻ\"x|k|>cdᰃR+<W:06	\'add$]ڡa-g3ѳ&|gBi) vrJR6gL)|XNcMdᰃV411{H2Mdq}#Za-j||<βݻ*6gdK==X4A8uJ|6/Xߒeˡ\"&MF;hucccwwF]]1βwkY&#\0#%4A8쀤<PupIy\"%@EJ8	a$偊pH)P\'*R¡N; )TC v@RH	:A8쀤<PupIy\"%@EJ8	a$偊pH)P\'*R¡N; )TC v@RH	:A8zǧBwww߫zbb\"Ah2pw}l޼ydd$Ah2pJ6ȮbzӠQ4A8%vmW\\qEn喁\ra,mݺu ۺuk&)J\ZHXڣ>zWT}}}^Iƚa$r\r7T,@i2p\n[` v@RH	:A8 R4<<ߟf32Ŀ円aC!{}^<zԔYĿwm۶ſBմMF;hblrc.͉OeB軝vaMYoo7ƅ9soذarr2Odᰃ {4sЦMΧmh2pA󌎎nrt4>ٵڃ&#4ITd2>g?r뽿\ZIh2pA\r\rG	ߡVg׮IB$d7nybT3}|B?Rl[ѿ?\n4k`:8@\rh2pA9ċ(:39q!:EwtoM3fsm@ǧOW&^^_և~tޜޘQГϖYx%		A8I]u:g߾BX/_Wgtj&PnǟzfmeZpU[&8t4EΟwwtt~O\\x%		A8I]fu*]<z*z֭[+~=׼.i\':8c-I8NaMRbuDofϓx+?tWoE7?ۚ,P(tww\nM/S8ޜ~y!z\'G7v>E)z<U\'\\h2499dBoidy&U͛OxcO?Gˏ|?/쮯}֛MƒFGGBoidy&)7O*ɛ?>Ge4<A	;%\nM2d_7aGQ_Pd2R)F\'hr0aGQ;Bo)ey&)7k&h2(JLP(RMRn_ɨ#\r\r\nMRn	;n߾=Vj\'hM\nɘT*yAFp\'hr]~vZHXd2XI\ZxՖ%ߺsn|㗵۽{w.klǎ^O<AxNͫj\"~Gl6\'HX0h2hdy]f}TsVwΓͿ0U/ZyWs9\\nM9yX3,$jY+Oֹ\\p^X;l\0MR</j-vHee&)\'O[yjp˕u`oEl1M;l@Vd+Od^zϴt{<Y904U./nbwvkwǂ5ɀP2$py]~z]XT<bOn.!YVIr]VD7ieHi2,+$dyф:\'4ed/S<sf9˲MZa濞=lؑe$~yބ-,4I~b&Z	d&h2eYIMcv4в,O$==3#p4в,O$L嗿?3sM,4I__3	} \0,LA޽{`/wI[Cw44dOϕDMn	} \0,LA융}&z43O}Ei2hR~t|ߢ)|X\0X&nbb$Ldq\n}#P&flMgdK== R40f?24CQtЬ=<[rl|94MgY; )M$ͽ\0\ZGIuD\0\rcm:@ɀlhd\0Y\nvX}-@jY\n[\\VH*k_ascINy? e5Ys``Tm-d\0uXjcNH%l2\'eZ0|id\0IX{r+/vakHjB6i22K!TZIri2Hɉ\'ƱIi2ƱIi2ƱIi2ƱIi2ƱIi2ƱIi2ƱIi2ƱIi2ƱIi2ƱIi2ƱIi2ƱIi2ƱIi2ƱIi2ƱIi2ƱIi2ƱIi2ƱIi2ƱIi2ƱIi2ƱIi2ƱIi2ƱIi2ƱIi2ƱIi2ƱIi2ƱIi2ƱIi2ƱIi2ƱIi2ƱIi2ƱIi2ƱIi2ƱIi2ƱIi2ƱIi2ƱIi2ƱIi2ƱIi2ƱIi2ƱIi2ƱIi2ƱIi2ƱIi2ƱIi2Ʊ)_{WOLL45Ew}l޼ydd$)T*]uUAvwwwЛh2`	vW\\Qm[ne`` F5Xںu*AuL&S*BoZɀ=W^yed}}}^IHn4Y\rX4HP[`\04&\0cU*FFFvܙ?344T(Bo ڡɀ)wwwϞ=&i2ccc7n\\je2`4R	g?w{:~ǖ-[\\3ys˦ɀYBa[őG^^lN~+wUf\n+\0mIdSմ_cs޶s||<MiW*jϐݹkW\Z{v\\cճeI&ri2Hj{eYe<u}lh3Rmdddgj~;N4Zooo5d+T_[}\0d^{4٩gsǎwmh2Hl6[}ۋU	|+߶+.\rM)U,ZdչڷYcll,M)544T7d|򓟪|󁁁;\n4W[Ο=R7n\0AAJU\\&{ǆQ q੃dT_zGڃR岦C(@{\\BJT#G\Zd?zGڃRd{dՃ\'Eh2H|>_ɦuת7sGTyooohRjݕlڶdwUw=h2HӋNY&۴iS\r\rQ 2޽bUߜ,V,C%@{d^rZ~**M7Um.\0mCAz껈_XՓd\n\0mCA\rVsoѣ۾}{h\'nƍsj%WUPg\0DAMNNvuuU[WWsll,nMDqBU_rEvcW\r!ɀY###ճey&9=v֭5d&&&Zf~?RWk˖-WS\0MR,wٱ\r6,~/X	MU//)͎dɀJ8z{{tX&r{qn`h2\04\0@x\0 <M\0&\0,H2\0\0\0\0IENDB`',0),('172502',1,'diagrams/noticeBill.bpmn','172501','<?xml version=\"1.0\" encoding=\"UTF-8\"?>\n<definitions xmlns=\"http://www.omg.org/spec/BPMN/20100524/MODEL\" xmlns:xsi=\"http://www.w3.org/2001/XMLSchema-instance\" xmlns:xsd=\"http://www.w3.org/2001/XMLSchema\" xmlns:activiti=\"http://activiti.org/bpmn\" xmlns:bpmndi=\"http://www.omg.org/spec/BPMN/20100524/DI\" xmlns:omgdc=\"http://www.omg.org/spec/DD/20100524/DC\" xmlns:omgdi=\"http://www.omg.org/spec/DD/20100524/DI\" typeLanguage=\"http://www.w3.org/2001/XMLSchema\" expressionLanguage=\"http://www.w3.org/1999/XPath\" targetNamespace=\"http://www.activiti.org/test\">\n  <process id=\"noticeBill\" name=\"noticeBillprocess\" isExecutable=\"true\">\n    <startEvent id=\"startevent1\" name=\"Start\"></startEvent>\n    <endEvent id=\"endevent1\" name=\"End\"></endEvent>\n    <userTask id=\"usertask1\" name=\"起草\" activiti:assignee=\"${inputUser}\"></userTask>\n    <userTask id=\"usertask2\" name=\"审核\">\n      <extensionElements>\n        <activiti:taskListener event=\"create\" class=\"util.NoticeUtil\"></activiti:taskListener>\n      </extensionElements>\n    </userTask>\n    <sequenceFlow id=\"flow1\" name=\"流程开始\" sourceRef=\"startevent1\" targetRef=\"usertask1\"></sequenceFlow>\n    <sequenceFlow id=\"flow4\" name=\"发布中\" sourceRef=\"usertask2\" targetRef=\"endevent1\">\n      <conditionExpression xsi:type=\"tFormalExpression\"><![CDATA[${outcome==\'发布中\'}]]></conditionExpression>\n    </sequenceFlow>\n    <sequenceFlow id=\"flow5\" name=\"撤出\" sourceRef=\"usertask2\" targetRef=\"usertask1\">\n      <conditionExpression xsi:type=\"tFormalExpression\"><![CDATA[${outcome==\'撤除\'}]]></conditionExpression>\n    </sequenceFlow>\n    <sequenceFlow id=\"flow6\" sourceRef=\"usertask1\" targetRef=\"usertask2\"></sequenceFlow>\n  </process>\n  <bpmndi:BPMNDiagram id=\"BPMNDiagram_noticeBill\">\n    <bpmndi:BPMNPlane bpmnElement=\"noticeBill\" id=\"BPMNPlane_noticeBill\">\n      <bpmndi:BPMNShape bpmnElement=\"startevent1\" id=\"BPMNShape_startevent1\">\n        <omgdc:Bounds height=\"35.0\" width=\"35.0\" x=\"340.0\" y=\"89.0\"></omgdc:Bounds>\n      </bpmndi:BPMNShape>\n      <bpmndi:BPMNShape bpmnElement=\"endevent1\" id=\"BPMNShape_endevent1\">\n        <omgdc:Bounds height=\"35.0\" width=\"35.0\" x=\"340.0\" y=\"360.0\"></omgdc:Bounds>\n      </bpmndi:BPMNShape>\n      <bpmndi:BPMNShape bpmnElement=\"usertask1\" id=\"BPMNShape_usertask1\">\n        <omgdc:Bounds height=\"55.0\" width=\"105.0\" x=\"305.0\" y=\"155.0\"></omgdc:Bounds>\n      </bpmndi:BPMNShape>\n      <bpmndi:BPMNShape bpmnElement=\"usertask2\" id=\"BPMNShape_usertask2\">\n        <omgdc:Bounds height=\"55.0\" width=\"131.0\" x=\"292.0\" y=\"236.0\"></omgdc:Bounds>\n      </bpmndi:BPMNShape>\n      <bpmndi:BPMNEdge bpmnElement=\"flow1\" id=\"BPMNEdge_flow1\">\n        <omgdi:waypoint x=\"357.0\" y=\"124.0\"></omgdi:waypoint>\n        <omgdi:waypoint x=\"357.0\" y=\"155.0\"></omgdi:waypoint>\n        <bpmndi:BPMNLabel>\n          <omgdc:Bounds height=\"14.0\" width=\"48.0\" x=\"357.0\" y=\"124.0\"></omgdc:Bounds>\n        </bpmndi:BPMNLabel>\n      </bpmndi:BPMNEdge>\n      <bpmndi:BPMNEdge bpmnElement=\"flow4\" id=\"BPMNEdge_flow4\">\n        <omgdi:waypoint x=\"357.0\" y=\"291.0\"></omgdi:waypoint>\n        <omgdi:waypoint x=\"357.0\" y=\"360.0\"></omgdi:waypoint>\n        <bpmndi:BPMNLabel>\n          <omgdc:Bounds height=\"14.0\" width=\"100.0\" x=\"357.0\" y=\"291.0\"></omgdc:Bounds>\n        </bpmndi:BPMNLabel>\n      </bpmndi:BPMNEdge>\n      <bpmndi:BPMNEdge bpmnElement=\"flow5\" id=\"BPMNEdge_flow5\">\n        <omgdi:waypoint x=\"423.0\" y=\"263.0\"></omgdi:waypoint>\n        <omgdi:waypoint x=\"606.0\" y=\"263.0\"></omgdi:waypoint>\n        <omgdi:waypoint x=\"606.0\" y=\"214.0\"></omgdi:waypoint>\n        <omgdi:waypoint x=\"606.0\" y=\"184.0\"></omgdi:waypoint>\n        <omgdi:waypoint x=\"410.0\" y=\"184.0\"></omgdi:waypoint>\n        <omgdi:waypoint x=\"410.0\" y=\"184.0\"></omgdi:waypoint>\n        <omgdi:waypoint x=\"410.0\" y=\"182.0\"></omgdi:waypoint>\n        <bpmndi:BPMNLabel>\n          <omgdc:Bounds height=\"14.0\" width=\"100.0\" x=\"423.0\" y=\"263.0\"></omgdc:Bounds>\n        </bpmndi:BPMNLabel>\n      </bpmndi:BPMNEdge>\n      <bpmndi:BPMNEdge bpmnElement=\"flow6\" id=\"BPMNEdge_flow6\">\n        <omgdi:waypoint x=\"357.0\" y=\"210.0\"></omgdi:waypoint>\n        <omgdi:waypoint x=\"357.0\" y=\"236.0\"></omgdi:waypoint>\n      </bpmndi:BPMNEdge>\n    </bpmndi:BPMNPlane>\n  </bpmndi:BPMNDiagram>\n</definitions>',0),('172503',1,'diagrams/noticeBill.png','172501','PNG\r\n\Z\n\0\0\0\rIHDR\0\01\0\0\0\0\0+y\0\0 IDATxl}q5}%4j#Z)k xVNZE6\rFij&ȴESYS7EM\na\rԃ!܆+!X~c߽y<:w>w9wD\0\0z\0\0d\0\0-@\0\0\0d\0\0i2\04\0@x\0 <M\0&\0O\0\0\0d\0\0i2\04\0@x\0 <M\0&\0O\0\0\0d\0\0i2\04\0@x\0 <M\0&\0O\0\0\0d\0\0i2\04\0@x\0 <M\0&\0O\0\0\0d\0\0i2\04\0@x\0 <M\0&\0O\0\0\0d\0\0i2\04\0@x\0 <M\0&\0O\0\0\0d\0\0i2\04\0@x\0 <M\0&\0O\0\0\0d\0\0i2\04\0@x\0 <M\0&\0O\0\0\0d\0\0i2\04\0@x\0 <M\0&\0O\0\0\0d\0\0i2\04\0@x\0 <M\0&\0O\0\0\0d\0\0i2\04\0@x\0 <M,T*ܹ3efxxX,@CS,nθۻއ=RxڸqPX4pCe805]?m\0M{8Ȓ5V;:iӦ۷J{\0Ю40+ΩeX|宻lP+\0mIAqSC\0GQʃ<feX.Mi{<e97˅-6 :ۻAVO~S{	s\0DAAv੃d^9~`$ FFFrܪYen3wmh2Hl6ܷ\"[֩л64TXjPUfÆ\rw=h2H|>&s׮;\n4&{x#l6M)ח䯌d^<zk3w=h2HF:}3M)}\rmx::,2\0X.!zzz;rD%TCߜ\0KAJo}wClcoذ!M)588x뭟ihͷm\'B(@{dRLMe˖;\n4WC_Rz/ڃ&jӗ_җozچ&*JLRvk\nл64[:I&M7{*sG_3h2HbaÆzOAѣwh2 ,nC\0G:~=,d\0Go+6m;N~rY5v/~K\'@C@dJɮ\'n7;~&.Л40WPرcGWWn)NOag7o\Z_g۶OLNNdɀJ|>~KşlxxX,L5BI}z\0,M$a\0h+,&Si/ys?QkHj$MU9S|/\0ZHLKԒMI\0fX〤m:]I9ggiP_=,bg.w\'\0Zu\rHj_dѥMV\0ku\rH	6KsP\'[]$5?<Uͦ9upddiJdklUdgibWOֿ&<KBjhy=*6 :5\'b?`-I!ƱIi2ƱIi2ƱIi2ƱIi2ƱIi2ƱIi2ƱIi2Ʊ)_{WOLL45Ew}ߋ###7\r`Md@=R骫\r믿X,45EKۮjr-7\n`d֭[W	[f2Rz\0\ZM,G+&J2Fd@\"7pCBoڤɀD\nBdA4h+,R4<<ߟf3wKx@.\Z\ZNڣɠ-=}/=zaj*{ػwmI\\fդɠE|>e˖c0uΉOer\nB;\n`uh2hEq~o\\:oÆ\r.UɠreڴC]\0@AݲƩI2w\ZJi2h-R)ɼr|rjI2rq\Z4|>?5}:(E*Uk?@dZr{WAv㖟GO/F/LE?:=s>:pzzG\'.DS(EFßyd:8XMȑTtޜ޸;:ލ7OEGފ&KыwLTٙ3\';;;Cu\0+ɠtuu~ęubt엦gf>;wtTTT|d9bZ]u:g߾BX/_Wg.uj&PnǟzfmS5hwV1h-6(p|uut>=綩\ZM;rWYs\'E^{+:puֽ_{5KɧιmF*U(͞\';Vɉ]7wߊ磳go9Mh2YŠm1=TR#β7_^^=5~Q^+E\'Gq9Mh2YŠM\'M<vpⱧ٣ď~xG>?y韌?~vyH\\rQ;|snd@Ak)7Id@Akm&ڝUZKN&ڝUZK^3M;r,w4bZMV0M;MɀtAk)7N\rN7G_zb&\0V*%n_\r8\r}CYP6obzf\0V*\\6ǃ̥uu_W:gϾwW^yŇ?/4^ٌwXŠ畀3j?S$Y?=?d@Ak)ͱS݀K{kWU]_m\\>ߎ/d%]%2L;w-wKh2h-qϜgڜ4g}zM[nM6v8OF]c+ЛoAk	d5_MU7xRc==˿Η+}z{{\'&&Boh2h1inI\'?O֌|;;۔}78\\ݰwСCq\r*e6nf&LGX|Xﾯ}[_xs6&]G+JCCC7TAk)Ak7`~@[^ٶw-βl6;>>zCH/rټdj*CmMNNqzCH)rmTI+&cUرcpp0VRV1h-y,w4bbb\'VRV1h-&{,w4eƍ^UFV1h-L/	*%nrGZFFFr\\ bZMd/)#rM&cLNNf2[A\ZYŠfXE\'pAk<w陙eQVÉ vZ2/fYxe9a?FDϙyQ6HZݻ\"x|k|>cdᰃR+<W:06	\'add$]ڡa-g3ѳ&|gBi) vrJR6gL)|XNcMdᰃV411{H2Mdq}#Za-j||<βݻ*6gdK==X4A8uJ|6/Xߒeˡ\"&MF;hucccwwF]]1βwkY&#\0#%4A8쀤<PupIy\"%@EJ8	a$偊pH)P\'*R¡N; )TC v@RH	:A8쀤<PupIy\"%@EJ8	a$偊pH)P\'*R¡N; )TC v@RH	:A8zǧBwww߫zbb\"Ah2pw}l޼ydd$Ah2pJ6ȮbzӠQ4A8%vmW\\qEn喁\ra,mݺu ۺuk&)J\ZHXڣ>zWT}}}^Iƚa$r\r7T,@i2p\n[` v@RH	:A8 R4<<ߟf32Ŀ円aC!{}^<zԔYĿwm۶ſBմMF;hblrc.͉OeB軝vaMYoo7ƅ9soذarr2Odᰃ {4sЦMΧmh2pA󌎎nrt4>ٵڃ&#4ITd2>g?r뽿\ZIh2pA\r\rG	ߡVg׮IB$d7nybT3}|B?Rl[ѿ?\n4k`:8@\rh2pA9ċ(:39q!:EwtoM3fsm@ǧOW&^^_և~tޜޘQГϖYx%		A8I]u:g߾BX/_Wgtj&PnǟzfmeZpU[&8t4EΟwwtt~O\\x%		A8I]fu*]<z*z֭[+~=׼.i\':8c-I8NaMRbuDofϓx+?tWoE7?ۚ,P(tww\nM/S8ޜ~y!z\'G7v>E)z<U\'\\h2499dBoidy&U͛OxcO?Gˏ|?/쮯}֛MƒFGGBoidy&)7O*ɛ?>Ge4<A	;%\nM2d_7aGQ_Pd2R)F\'hr0aGQ;Bo)ey&)7k&h2(JLP(RMRn_ɨ#\r\r\nMRn	;n߾=Vj\'hM\nɘT*yAFp\'hr]~vZHXd2XI\ZxՖ%ߺsn|㗵۽{w.klǎ^O<AxNͫj\"~Gl6\'HX0h2hdy]f}TsVwΓͿ0U/ZyWs9\\nM9yX3,$jY+Oֹ\\p^X;l\0MR</j-vHee&)\'O[yjp˕u`oEl1M;l@Vd+Od^zϴt{<Y904U./nbwvkwǂ5ɀP2$py]~z]XT<bOn.!YVIr]VD7ieHi2,+$dyф:\'4ed/S<sf9˲MZa濞=lؑe$~yބ-,4I~b&Z	d&h2eYIMcv4в,O$==3#p4в,O$L嗿?3sM,4I__3	} \0,LA޽{`/wI[Cw44dOϕDMn	} \0,LA융}&z43O}Ei2hR~t|ߢ)|X\0X&nbb$Ldq\n}#P&flMgdK== R40f?24CQtЬ=<[rl|94MgY; )M$ͽ\0\ZGIuD\0\rcm:@ɀlhd\0Y\nvX}-@jY\n[\\VH*k_ascINy? e5Ys``Tm-d\0uXjcNH%l2\'eZ0|id\0IX{r+/vakHjB6i22K!TZIri2Hɉ\'ƱIi2ƱIi2ƱIi2ƱIi2ƱIi2ƱIi2ƱIi2ƱIi2ƱIi2ƱIi2ƱIi2ƱIi2ƱIi2ƱIi2ƱIi2ƱIi2ƱIi2ƱIi2ƱIi2ƱIi2ƱIi2ƱIi2ƱIi2ƱIi2ƱIi2ƱIi2ƱIi2ƱIi2ƱIi2ƱIi2ƱIi2ƱIi2ƱIi2ƱIi2ƱIi2ƱIi2ƱIi2ƱIi2ƱIi2ƱIi2ƱIi2ƱIi2ƱIi2ƱIi2ƱIi2Ʊ)_{WOLL45Ew}l޼ydd$)T*]uUAvwwwЛh2`	vW\\Qm[ne`` F5Xںu*AuL&S*BoZɀ=W^yed}}}^IHn4Y\rX4HP[`\04&\0cU*FFFvܙ?344T(Bo ڡɀ)wwwϞ=&i2ccc7n\\je2`4R	g?w{:~ǖ-[\\3ys˦ɀYBa[őG^^lN~+wUf\n+\0mIdSմ_cs޶s||<MiW*jϐݹkW\Z{v\\cճeI&ri2Hj{eYe<u}lh3Rmdddgj~;N4Zooo5d+T_[}\0d^{4٩gsǎwmh2Hl6[}ۋU	|+߶+.\rM)U,ZdչڷYcll,M)544T7d|򓟪|󁁁;\n4W[Ο=R7n\0AAJU\\&{ǆQ q੃dT_zGڃR岦C(@{\\BJT#G\Zd?zGڃRd{dՃ\'Eh2H|>_ɦuת7sGTyooohRjݕlڶdwUw=h2HӋNY&۴iS\r\rQ 2޽bUߜ,V,C%@{d^rZ~**M7Um.\0mCAz껈_XՓd\n\0mCA\rVsoѣ۾}{h\'nƍsj%WUPg\0DAMNNvuuU[WWsll,nMDqBU_rEvcW\r!ɀY###ճey&9=v֭5d&&&Zf~?RWk˖-WS\0MR,wٱ\r6,~/X	MU//)͎dɀJ8z{{tX&r{qn`h2\04\0@x\0 <M\0&\0,H2\0\0\0\0IENDB`',0),('17502',1,'diagrams/noticeBill.bpmn','17501','<?xml version=\"1.0\" encoding=\"UTF-8\"?>\n<definitions xmlns=\"http://www.omg.org/spec/BPMN/20100524/MODEL\" xmlns:xsi=\"http://www.w3.org/2001/XMLSchema-instance\" xmlns:xsd=\"http://www.w3.org/2001/XMLSchema\" xmlns:activiti=\"http://activiti.org/bpmn\" xmlns:bpmndi=\"http://www.omg.org/spec/BPMN/20100524/DI\" xmlns:omgdc=\"http://www.omg.org/spec/DD/20100524/DC\" xmlns:omgdi=\"http://www.omg.org/spec/DD/20100524/DI\" typeLanguage=\"http://www.w3.org/2001/XMLSchema\" expressionLanguage=\"http://www.w3.org/1999/XPath\" targetNamespace=\"http://www.activiti.org/test\">\n  <process id=\"noticeBill\" name=\"noticeBillprocess\" isExecutable=\"true\">\n    <startEvent id=\"startevent1\" name=\"Start\"></startEvent>\n    <endEvent id=\"endevent1\" name=\"End\"></endEvent>\n    <userTask id=\"usertask1\" name=\"起草\" activiti:assignee=\"${inputUser}\"></userTask>\n    <userTask id=\"usertask2\" name=\"审核\">\n      <extensionElements>\n        <activiti:taskListener event=\"create\" class=\"util.NoticeUtil\"></activiti:taskListener>\n      </extensionElements>\n    </userTask>\n    <sequenceFlow id=\"flow1\" name=\"流程开始\" sourceRef=\"startevent1\" targetRef=\"usertask1\"></sequenceFlow>\n    <sequenceFlow id=\"flow4\" name=\"发布中\" sourceRef=\"usertask2\" targetRef=\"endevent1\">\n      <conditionExpression xsi:type=\"tFormalExpression\"><![CDATA[${outcome==\'发布中\'}]]></conditionExpression>\n    </sequenceFlow>\n    <sequenceFlow id=\"flow5\" name=\"撤出\" sourceRef=\"usertask2\" targetRef=\"usertask1\">\n      <conditionExpression xsi:type=\"tFormalExpression\"><![CDATA[${outcome==\'撤除\'}]]></conditionExpression>\n    </sequenceFlow>\n    <sequenceFlow id=\"flow6\" sourceRef=\"usertask1\" targetRef=\"usertask2\"></sequenceFlow>\n  </process>\n  <bpmndi:BPMNDiagram id=\"BPMNDiagram_noticeBill\">\n    <bpmndi:BPMNPlane bpmnElement=\"noticeBill\" id=\"BPMNPlane_noticeBill\">\n      <bpmndi:BPMNShape bpmnElement=\"startevent1\" id=\"BPMNShape_startevent1\">\n        <omgdc:Bounds height=\"35.0\" width=\"35.0\" x=\"340.0\" y=\"89.0\"></omgdc:Bounds>\n      </bpmndi:BPMNShape>\n      <bpmndi:BPMNShape bpmnElement=\"endevent1\" id=\"BPMNShape_endevent1\">\n        <omgdc:Bounds height=\"35.0\" width=\"35.0\" x=\"340.0\" y=\"360.0\"></omgdc:Bounds>\n      </bpmndi:BPMNShape>\n      <bpmndi:BPMNShape bpmnElement=\"usertask1\" id=\"BPMNShape_usertask1\">\n        <omgdc:Bounds height=\"55.0\" width=\"105.0\" x=\"305.0\" y=\"155.0\"></omgdc:Bounds>\n      </bpmndi:BPMNShape>\n      <bpmndi:BPMNShape bpmnElement=\"usertask2\" id=\"BPMNShape_usertask2\">\n        <omgdc:Bounds height=\"55.0\" width=\"131.0\" x=\"292.0\" y=\"236.0\"></omgdc:Bounds>\n      </bpmndi:BPMNShape>\n      <bpmndi:BPMNEdge bpmnElement=\"flow1\" id=\"BPMNEdge_flow1\">\n        <omgdi:waypoint x=\"357.0\" y=\"124.0\"></omgdi:waypoint>\n        <omgdi:waypoint x=\"357.0\" y=\"155.0\"></omgdi:waypoint>\n        <bpmndi:BPMNLabel>\n          <omgdc:Bounds height=\"14.0\" width=\"48.0\" x=\"357.0\" y=\"124.0\"></omgdc:Bounds>\n        </bpmndi:BPMNLabel>\n      </bpmndi:BPMNEdge>\n      <bpmndi:BPMNEdge bpmnElement=\"flow4\" id=\"BPMNEdge_flow4\">\n        <omgdi:waypoint x=\"357.0\" y=\"291.0\"></omgdi:waypoint>\n        <omgdi:waypoint x=\"357.0\" y=\"360.0\"></omgdi:waypoint>\n        <bpmndi:BPMNLabel>\n          <omgdc:Bounds height=\"14.0\" width=\"100.0\" x=\"357.0\" y=\"291.0\"></omgdc:Bounds>\n        </bpmndi:BPMNLabel>\n      </bpmndi:BPMNEdge>\n      <bpmndi:BPMNEdge bpmnElement=\"flow5\" id=\"BPMNEdge_flow5\">\n        <omgdi:waypoint x=\"423.0\" y=\"263.0\"></omgdi:waypoint>\n        <omgdi:waypoint x=\"606.0\" y=\"263.0\"></omgdi:waypoint>\n        <omgdi:waypoint x=\"606.0\" y=\"214.0\"></omgdi:waypoint>\n        <omgdi:waypoint x=\"606.0\" y=\"184.0\"></omgdi:waypoint>\n        <omgdi:waypoint x=\"410.0\" y=\"184.0\"></omgdi:waypoint>\n        <omgdi:waypoint x=\"410.0\" y=\"184.0\"></omgdi:waypoint>\n        <omgdi:waypoint x=\"410.0\" y=\"182.0\"></omgdi:waypoint>\n        <bpmndi:BPMNLabel>\n          <omgdc:Bounds height=\"14.0\" width=\"100.0\" x=\"423.0\" y=\"263.0\"></omgdc:Bounds>\n        </bpmndi:BPMNLabel>\n      </bpmndi:BPMNEdge>\n      <bpmndi:BPMNEdge bpmnElement=\"flow6\" id=\"BPMNEdge_flow6\">\n        <omgdi:waypoint x=\"357.0\" y=\"210.0\"></omgdi:waypoint>\n        <omgdi:waypoint x=\"357.0\" y=\"236.0\"></omgdi:waypoint>\n      </bpmndi:BPMNEdge>\n    </bpmndi:BPMNPlane>\n  </bpmndi:BPMNDiagram>\n</definitions>',0),('17503',1,'diagrams/noticeBill.png','17501','PNG\r\n\Z\n\0\0\0\rIHDR\0\01\0\0\0\0\0+y\0\0 IDATxl}q5}%4j#Z)k xVNZE6\rFij&ȴESYS7EM\na\rԃ!܆+!X~c߽y<:w>w9wD\0\0z\0\0d\0\0-@\0\0\0d\0\0i2\04\0@x\0 <M\0&\0O\0\0\0d\0\0i2\04\0@x\0 <M\0&\0O\0\0\0d\0\0i2\04\0@x\0 <M\0&\0O\0\0\0d\0\0i2\04\0@x\0 <M\0&\0O\0\0\0d\0\0i2\04\0@x\0 <M\0&\0O\0\0\0d\0\0i2\04\0@x\0 <M\0&\0O\0\0\0d\0\0i2\04\0@x\0 <M\0&\0O\0\0\0d\0\0i2\04\0@x\0 <M\0&\0O\0\0\0d\0\0i2\04\0@x\0 <M\0&\0O\0\0\0d\0\0i2\04\0@x\0 <M\0&\0O\0\0\0d\0\0i2\04\0@x\0 <M,T*ܹ3efxxX,@CS,nθۻއ=RxڸqPX4pCe805]?m\0M{8Ȓ5V;:iӦ۷J{\0Ю40+ΩeX|宻lP+\0mIAqSC\0GQʃ<feX.Mi{<e97˅-6 :ۻAVO~S{	s\0DAAv੃d^9~`$ FFFrܪYen3wmh2Hl6ܷ\"[֩л64TXjPUfÆ\rw=h2H|>&s׮;\n4&{x#l6M)ח䯌d^<zk3w=h2HF:}3M)}\rmx::,2\0X.!zzz;rD%TCߜ\0KAJo}wClcoذ!M)588x뭟ihͷm\'B(@{dRLMe˖;\n4WC_Rz/ڃ&jӗ_җozچ&*JLRvk\nл64[:I&M7{*sG_3h2HbaÆzOAѣwh2 ,nC\0G:~=,d\0Go+6m;N~rY5v/~K\'@C@dJɮ\'n7;~&.Л40WPرcGWWn)NOag7o\Z_g۶OLNNdɀJ|>~KşlxxX,L5BI}z\0,M$a\0h+,&Si/ys?QkHj$MU9S|/\0ZHLKԒMI\0fX〤m:]I9ggiP_=,bg.w\'\0Zu\rHj_dѥMV\0ku\rH	6KsP\'[]$5?<Uͦ9upddiJdklUdgibWOֿ&<KBjhy=*6 :5\'b?`-I!ƱIi2ƱIi2ƱIi2ƱIi2ƱIi2ƱIi2ƱIi2Ʊ)_{WOLL45Ew}ߋ###7\r`Md@=R骫\r믿X,45EKۮjr-7\n`d֭[W	[f2Rz\0\ZM,G+&J2Fd@\"7pCBoڤɀD\nBdA4h+,R4<<ߟf3wKx@.\Z\ZNڣɠ-=}/=zaj*{ػwmI\\fդɠE|>e˖c0uΉOer\nB;\n`uh2hEq~o\\:oÆ\r.UɠreڴC]\0@AݲƩI2w\ZJi2h-R)ɼr|rjI2rq\Z4|>?5}:(E*Uk?@dZr{WAv㖟GO/F/LE?:=s>:pzzG\'.DS(EFßyd:8XMȑTtޜ޸;:ލ7OEGފ&KыwLTٙ3\';;;Cu\0+ɠtuu~ęubt엦gf>;wtTTT|d9bZ]u:g߾BX/_Wg.uj&PnǟzfmS5hwV1h-6(p|uut>=綩\ZM;rWYs\'E^{+:puֽ_{5KɧιmF*U(͞\';Vɉ]7wߊ磳go9Mh2YŠm1=TR#β7_^^=5~Q^+E\'Gq9Mh2YŠM\'M<vpⱧ٣ď~xG>?y韌?~vyH\\rQ;|snd@Ak)7Id@Akm&ڝUZKN&ڝUZK^3M;r,w4bZMV0M;MɀtAk)7N\rN7G_zb&\0V*%n_\r8\r}CYP6obzf\0V*\\6ǃ̥uu_W:gϾwW^yŇ?/4^ٌwXŠ畀3j?S$Y?=?d@Ak)ͱS݀K{kWU]_m\\>ߎ/d%]%2L;w-wKh2h-qϜgڜ4g}zM[nM6v8OF]c+ЛoAk	d5_MU7xRc==˿Η+}z{{\'&&Boh2h1inI\'?O֌|;;۔}78\\ݰwСCq\r*e6nf&LGX|Xﾯ}[_xs6&]G+JCCC7TAk)Ak7`~@[^ٶw-βl6;>>zCH/rټdj*CmMNNqzCH)rmTI+&cUرcpp0VRV1h-y,w4bbb\'VRV1h-&{,w4eƍ^UFV1h-L/	*%nrGZFFFr\\ bZMd/)#rM&cLNNf2[A\ZYŠfXE\'pAk<w陙eQVÉ vZ2/fYxe9a?FDϙyQ6HZݻ\"x|k|>cdᰃR+<W:06	\'add$]ڡa-g3ѳ&|gBi) vrJR6gL)|XNcMdᰃV411{H2Mdq}#Za-j||<βݻ*6gdK==X4A8uJ|6/Xߒeˡ\"&MF;hucccwwF]]1βwkY&#\0#%4A8쀤<PupIy\"%@EJ8	a$偊pH)P\'*R¡N; )TC v@RH	:A8쀤<PupIy\"%@EJ8	a$偊pH)P\'*R¡N; )TC v@RH	:A8zǧBwww߫zbb\"Ah2pw}l޼ydd$Ah2pJ6ȮbzӠQ4A8%vmW\\qEn喁\ra,mݺu ۺuk&)J\ZHXڣ>zWT}}}^Iƚa$r\r7T,@i2p\n[` v@RH	:A8 R4<<ߟf32Ŀ円aC!{}^<zԔYĿwm۶ſBմMF;hblrc.͉OeB軝vaMYoo7ƅ9soذarr2Odᰃ {4sЦMΧmh2pA󌎎nrt4>ٵڃ&#4ITd2>g?r뽿\ZIh2pA\r\rG	ߡVg׮IB$d7nybT3}|B?Rl[ѿ?\n4k`:8@\rh2pA9ċ(:39q!:EwtoM3fsm@ǧOW&^^_և~tޜޘQГϖYx%		A8I]u:g߾BX/_Wgtj&PnǟzfmeZpU[&8t4EΟwwtt~O\\x%		A8I]fu*]<z*z֭[+~=׼.i\':8c-I8NaMRbuDofϓx+?tWoE7?ۚ,P(tww\nM/S8ޜ~y!z\'G7v>E)z<U\'\\h2499dBoidy&U͛OxcO?Gˏ|?/쮯}֛MƒFGGBoidy&)7O*ɛ?>Ge4<A	;%\nM2d_7aGQ_Pd2R)F\'hr0aGQ;Bo)ey&)7k&h2(JLP(RMRn_ɨ#\r\r\nMRn	;n߾=Vj\'hM\nɘT*yAFp\'hr]~vZHXd2XI\ZxՖ%ߺsn|㗵۽{w.klǎ^O<AxNͫj\"~Gl6\'HX0h2hdy]f}TsVwΓͿ0U/ZyWs9\\nM9yX3,$jY+Oֹ\\p^X;l\0MR</j-vHee&)\'O[yjp˕u`oEl1M;l@Vd+Od^zϴt{<Y904U./nbwvkwǂ5ɀP2$py]~z]XT<bOn.!YVIr]VD7ieHi2,+$dyф:\'4ed/S<sf9˲MZa濞=lؑe$~yބ-,4I~b&Z	d&h2eYIMcv4в,O$==3#p4в,O$L嗿?3sM,4I__3	} \0,LA޽{`/wI[Cw44dOϕDMn	} \0,LA융}&z43O}Ei2hR~t|ߢ)|X\0X&nbb$Ldq\n}#P&flMgdK== R40f?24CQtЬ=<[rl|94MgY; )M$ͽ\0\ZGIuD\0\rcm:@ɀlhd\0Y\nvX}-@jY\n[\\VH*k_ascINy? e5Ys``Tm-d\0uXjcNH%l2\'eZ0|id\0IX{r+/vakHjB6i22K!TZIri2Hɉ\'ƱIi2ƱIi2ƱIi2ƱIi2ƱIi2ƱIi2ƱIi2ƱIi2ƱIi2ƱIi2ƱIi2ƱIi2ƱIi2ƱIi2ƱIi2ƱIi2ƱIi2ƱIi2ƱIi2ƱIi2ƱIi2ƱIi2ƱIi2ƱIi2ƱIi2ƱIi2ƱIi2ƱIi2ƱIi2ƱIi2ƱIi2ƱIi2ƱIi2ƱIi2ƱIi2ƱIi2ƱIi2ƱIi2ƱIi2ƱIi2ƱIi2ƱIi2ƱIi2ƱIi2ƱIi2Ʊ)_{WOLL45Ew}l޼ydd$)T*]uUAvwwwЛh2`	vW\\Qm[ne`` F5Xںu*AuL&S*BoZɀ=W^yed}}}^IHn4Y\rX4HP[`\04&\0cU*FFFvܙ?344T(Bo ڡɀ)wwwϞ=&i2ccc7n\\je2`4R	g?w{:~ǖ-[\\3ys˦ɀYBa[őG^^lN~+wUf\n+\0mIdSմ_cs޶s||<MiW*jϐݹkW\Z{v\\cճeI&ri2Hj{eYe<u}lh3Rmdddgj~;N4Zooo5d+T_[}\0d^{4٩gsǎwmh2Hl6[}ۋU	|+߶+.\rM)U,ZdչڷYcll,M)544T7d|򓟪|󁁁;\n4W[Ο=R7n\0AAJU\\&{ǆQ q੃dT_zGڃR岦C(@{\\BJT#G\Zd?zGڃRd{dՃ\'Eh2H|>_ɦuת7sGTyooohRjݕlڶdwUw=h2HӋNY&۴iS\r\rQ 2޽bUߜ,V,C%@{d^rZ~**M7Um.\0mCAz껈_XՓd\n\0mCA\rVsoѣ۾}{h\'nƍsj%WUPg\0DAMNNvuuU[WWsll,nMDqBU_rEvcW\r!ɀY###ճey&9=v֭5d&&&Zf~?RWk˖-WS\0MR,wٱ\r6,~/X	MU//)͎dɀJ8z{{tX&r{qn`h2\04\0@x\0 <M\0&\0,H2\0\0\0\0IENDB`',0),('180002',1,'diagrams/noticeBill.bpmn','180001','<?xml version=\"1.0\" encoding=\"UTF-8\"?>\n<definitions xmlns=\"http://www.omg.org/spec/BPMN/20100524/MODEL\" xmlns:xsi=\"http://www.w3.org/2001/XMLSchema-instance\" xmlns:xsd=\"http://www.w3.org/2001/XMLSchema\" xmlns:activiti=\"http://activiti.org/bpmn\" xmlns:bpmndi=\"http://www.omg.org/spec/BPMN/20100524/DI\" xmlns:omgdc=\"http://www.omg.org/spec/DD/20100524/DC\" xmlns:omgdi=\"http://www.omg.org/spec/DD/20100524/DI\" typeLanguage=\"http://www.w3.org/2001/XMLSchema\" expressionLanguage=\"http://www.w3.org/1999/XPath\" targetNamespace=\"http://www.activiti.org/test\">\n  <process id=\"noticeBill\" name=\"noticeBillprocess\" isExecutable=\"true\">\n    <startEvent id=\"startevent1\" name=\"Start\"></startEvent>\n    <endEvent id=\"endevent1\" name=\"End\"></endEvent>\n    <userTask id=\"usertask1\" name=\"起草\" activiti:assignee=\"${inputUser}\"></userTask>\n    <userTask id=\"usertask2\" name=\"审核\">\n      <extensionElements>\n        <activiti:taskListener event=\"create\" class=\"util.NoticeUtil\"></activiti:taskListener>\n      </extensionElements>\n    </userTask>\n    <sequenceFlow id=\"flow1\" name=\"流程开始\" sourceRef=\"startevent1\" targetRef=\"usertask1\"></sequenceFlow>\n    <sequenceFlow id=\"flow4\" name=\"发布中\" sourceRef=\"usertask2\" targetRef=\"endevent1\">\n      <conditionExpression xsi:type=\"tFormalExpression\"><![CDATA[${outcome==\'发布中\'}]]></conditionExpression>\n    </sequenceFlow>\n    <sequenceFlow id=\"flow5\" name=\"撤出\" sourceRef=\"usertask2\" targetRef=\"usertask1\">\n      <conditionExpression xsi:type=\"tFormalExpression\"><![CDATA[${outcome==\'撤除\'}]]></conditionExpression>\n    </sequenceFlow>\n    <sequenceFlow id=\"flow6\" sourceRef=\"usertask1\" targetRef=\"usertask2\"></sequenceFlow>\n  </process>\n  <bpmndi:BPMNDiagram id=\"BPMNDiagram_noticeBill\">\n    <bpmndi:BPMNPlane bpmnElement=\"noticeBill\" id=\"BPMNPlane_noticeBill\">\n      <bpmndi:BPMNShape bpmnElement=\"startevent1\" id=\"BPMNShape_startevent1\">\n        <omgdc:Bounds height=\"35.0\" width=\"35.0\" x=\"340.0\" y=\"89.0\"></omgdc:Bounds>\n      </bpmndi:BPMNShape>\n      <bpmndi:BPMNShape bpmnElement=\"endevent1\" id=\"BPMNShape_endevent1\">\n        <omgdc:Bounds height=\"35.0\" width=\"35.0\" x=\"340.0\" y=\"360.0\"></omgdc:Bounds>\n      </bpmndi:BPMNShape>\n      <bpmndi:BPMNShape bpmnElement=\"usertask1\" id=\"BPMNShape_usertask1\">\n        <omgdc:Bounds height=\"55.0\" width=\"105.0\" x=\"305.0\" y=\"155.0\"></omgdc:Bounds>\n      </bpmndi:BPMNShape>\n      <bpmndi:BPMNShape bpmnElement=\"usertask2\" id=\"BPMNShape_usertask2\">\n        <omgdc:Bounds height=\"55.0\" width=\"131.0\" x=\"292.0\" y=\"236.0\"></omgdc:Bounds>\n      </bpmndi:BPMNShape>\n      <bpmndi:BPMNEdge bpmnElement=\"flow1\" id=\"BPMNEdge_flow1\">\n        <omgdi:waypoint x=\"357.0\" y=\"124.0\"></omgdi:waypoint>\n        <omgdi:waypoint x=\"357.0\" y=\"155.0\"></omgdi:waypoint>\n        <bpmndi:BPMNLabel>\n          <omgdc:Bounds height=\"14.0\" width=\"48.0\" x=\"357.0\" y=\"124.0\"></omgdc:Bounds>\n        </bpmndi:BPMNLabel>\n      </bpmndi:BPMNEdge>\n      <bpmndi:BPMNEdge bpmnElement=\"flow4\" id=\"BPMNEdge_flow4\">\n        <omgdi:waypoint x=\"357.0\" y=\"291.0\"></omgdi:waypoint>\n        <omgdi:waypoint x=\"357.0\" y=\"360.0\"></omgdi:waypoint>\n        <bpmndi:BPMNLabel>\n          <omgdc:Bounds height=\"14.0\" width=\"100.0\" x=\"357.0\" y=\"291.0\"></omgdc:Bounds>\n        </bpmndi:BPMNLabel>\n      </bpmndi:BPMNEdge>\n      <bpmndi:BPMNEdge bpmnElement=\"flow5\" id=\"BPMNEdge_flow5\">\n        <omgdi:waypoint x=\"423.0\" y=\"263.0\"></omgdi:waypoint>\n        <omgdi:waypoint x=\"606.0\" y=\"263.0\"></omgdi:waypoint>\n        <omgdi:waypoint x=\"606.0\" y=\"214.0\"></omgdi:waypoint>\n        <omgdi:waypoint x=\"606.0\" y=\"184.0\"></omgdi:waypoint>\n        <omgdi:waypoint x=\"410.0\" y=\"184.0\"></omgdi:waypoint>\n        <omgdi:waypoint x=\"410.0\" y=\"184.0\"></omgdi:waypoint>\n        <omgdi:waypoint x=\"410.0\" y=\"182.0\"></omgdi:waypoint>\n        <bpmndi:BPMNLabel>\n          <omgdc:Bounds height=\"14.0\" width=\"100.0\" x=\"423.0\" y=\"263.0\"></omgdc:Bounds>\n        </bpmndi:BPMNLabel>\n      </bpmndi:BPMNEdge>\n      <bpmndi:BPMNEdge bpmnElement=\"flow6\" id=\"BPMNEdge_flow6\">\n        <omgdi:waypoint x=\"357.0\" y=\"210.0\"></omgdi:waypoint>\n        <omgdi:waypoint x=\"357.0\" y=\"236.0\"></omgdi:waypoint>\n      </bpmndi:BPMNEdge>\n    </bpmndi:BPMNPlane>\n  </bpmndi:BPMNDiagram>\n</definitions>',0),('180003',1,'diagrams/noticeBill.png','180001','PNG\r\n\Z\n\0\0\0\rIHDR\0\01\0\0\0\0\0+y\0\0 IDATxl}q5}%4j#Z)k xVNZE6\rFij&ȴESYS7EM\na\rԃ!܆+!X~c߽y<:w>w9wD\0\0z\0\0d\0\0-@\0\0\0d\0\0i2\04\0@x\0 <M\0&\0O\0\0\0d\0\0i2\04\0@x\0 <M\0&\0O\0\0\0d\0\0i2\04\0@x\0 <M\0&\0O\0\0\0d\0\0i2\04\0@x\0 <M\0&\0O\0\0\0d\0\0i2\04\0@x\0 <M\0&\0O\0\0\0d\0\0i2\04\0@x\0 <M\0&\0O\0\0\0d\0\0i2\04\0@x\0 <M\0&\0O\0\0\0d\0\0i2\04\0@x\0 <M\0&\0O\0\0\0d\0\0i2\04\0@x\0 <M\0&\0O\0\0\0d\0\0i2\04\0@x\0 <M\0&\0O\0\0\0d\0\0i2\04\0@x\0 <M,T*ܹ3efxxX,@CS,nθۻއ=RxڸqPX4pCe805]?m\0M{8Ȓ5V;:iӦ۷J{\0Ю40+ΩeX|宻lP+\0mIAqSC\0GQʃ<feX.Mi{<e97˅-6 :ۻAVO~S{	s\0DAAv੃d^9~`$ FFFrܪYen3wmh2Hl6ܷ\"[֩л64TXjPUfÆ\rw=h2H|>&s׮;\n4&{x#l6M)ח䯌d^<zk3w=h2HF:}3M)}\rmx::,2\0X.!zzz;rD%TCߜ\0KAJo}wClcoذ!M)588x뭟ihͷm\'B(@{dRLMe˖;\n4WC_Rz/ڃ&jӗ_җozچ&*JLRvk\nл64[:I&M7{*sG_3h2HbaÆzOAѣwh2 ,nC\0G:~=,d\0Go+6m;N~rY5v/~K\'@C@dJɮ\'n7;~&.Л40WPرcGWWn)NOag7o\Z_g۶OLNNdɀJ|>~KşlxxX,L5BI}z\0,M$a\0h+,&Si/ys?QkHj$MU9S|/\0ZHLKԒMI\0fX〤m:]I9ggiP_=,bg.w\'\0Zu\rHj_dѥMV\0ku\rH	6KsP\'[]$5?<Uͦ9upddiJdklUdgibWOֿ&<KBjhy=*6 :5\'b?`-I!ƱIi2ƱIi2ƱIi2ƱIi2ƱIi2ƱIi2ƱIi2Ʊ)_{WOLL45Ew}ߋ###7\r`Md@=R骫\r믿X,45EKۮjr-7\n`d֭[W	[f2Rz\0\ZM,G+&J2Fd@\"7pCBoڤɀD\nBdA4h+,R4<<ߟf3wKx@.\Z\ZNڣɠ-=}/=zaj*{ػwmI\\fդɠE|>e˖c0uΉOer\nB;\n`uh2hEq~o\\:oÆ\r.UɠreڴC]\0@AݲƩI2w\ZJi2h-R)ɼr|rjI2rq\Z4|>?5}:(E*Uk?@dZr{WAv㖟GO/F/LE?:=s>:pzzG\'.DS(EFßyd:8XMȑTtޜ޸;:ލ7OEGފ&KыwLTٙ3\';;;Cu\0+ɠtuu~ęubt엦gf>;wtTTT|d9bZ]u:g߾BX/_Wg.uj&PnǟzfmS5hwV1h-6(p|uut>=綩\ZM;rWYs\'E^{+:puֽ_{5KɧιmF*U(͞\';Vɉ]7wߊ磳go9Mh2YŠm1=TR#β7_^^=5~Q^+E\'Gq9Mh2YŠM\'M<vpⱧ٣ď~xG>?y韌?~vyH\\rQ;|snd@Ak)7Id@Akm&ڝUZKN&ڝUZK^3M;r,w4bZMV0M;MɀtAk)7N\rN7G_zb&\0V*%n_\r8\r}CYP6obzf\0V*\\6ǃ̥uu_W:gϾwW^yŇ?/4^ٌwXŠ畀3j?S$Y?=?d@Ak)ͱS݀K{kWU]_m\\>ߎ/d%]%2L;w-wKh2h-qϜgڜ4g}zM[nM6v8OF]c+ЛoAk	d5_MU7xRc==˿Η+}z{{\'&&Boh2h1inI\'?O֌|;;۔}78\\ݰwСCq\r*e6nf&LGX|Xﾯ}[_xs6&]G+JCCC7TAk)Ak7`~@[^ٶw-βl6;>>zCH/rټdj*CmMNNqzCH)rmTI+&cUرcpp0VRV1h-y,w4bbb\'VRV1h-&{,w4eƍ^UFV1h-L/	*%nrGZFFFr\\ bZMd/)#rM&cLNNf2[A\ZYŠfXE\'pAk<w陙eQVÉ vZ2/fYxe9a?FDϙyQ6HZݻ\"x|k|>cdᰃR+<W:06	\'add$]ڡa-g3ѳ&|gBi) vrJR6gL)|XNcMdᰃV411{H2Mdq}#Za-j||<βݻ*6gdK==X4A8uJ|6/Xߒeˡ\"&MF;hucccwwF]]1βwkY&#\0#%4A8쀤<PupIy\"%@EJ8	a$偊pH)P\'*R¡N; )TC v@RH	:A8쀤<PupIy\"%@EJ8	a$偊pH)P\'*R¡N; )TC v@RH	:A8zǧBwww߫zbb\"Ah2pw}l޼ydd$Ah2pJ6ȮbzӠQ4A8%vmW\\qEn喁\ra,mݺu ۺuk&)J\ZHXڣ>zWT}}}^Iƚa$r\r7T,@i2p\n[` v@RH	:A8 R4<<ߟf32Ŀ円aC!{}^<zԔYĿwm۶ſBմMF;hblrc.͉OeB軝vaMYoo7ƅ9soذarr2Odᰃ {4sЦMΧmh2pA󌎎nrt4>ٵڃ&#4ITd2>g?r뽿\ZIh2pA\r\rG	ߡVg׮IB$d7nybT3}|B?Rl[ѿ?\n4k`:8@\rh2pA9ċ(:39q!:EwtoM3fsm@ǧOW&^^_և~tޜޘQГϖYx%		A8I]u:g߾BX/_Wgtj&PnǟzfmeZpU[&8t4EΟwwtt~O\\x%		A8I]fu*]<z*z֭[+~=׼.i\':8c-I8NaMRbuDofϓx+?tWoE7?ۚ,P(tww\nM/S8ޜ~y!z\'G7v>E)z<U\'\\h2499dBoidy&U͛OxcO?Gˏ|?/쮯}֛MƒFGGBoidy&)7O*ɛ?>Ge4<A	;%\nM2d_7aGQ_Pd2R)F\'hr0aGQ;Bo)ey&)7k&h2(JLP(RMRn_ɨ#\r\r\nMRn	;n߾=Vj\'hM\nɘT*yAFp\'hr]~vZHXd2XI\ZxՖ%ߺsn|㗵۽{w.klǎ^O<AxNͫj\"~Gl6\'HX0h2hdy]f}TsVwΓͿ0U/ZyWs9\\nM9yX3,$jY+Oֹ\\p^X;l\0MR</j-vHee&)\'O[yjp˕u`oEl1M;l@Vd+Od^zϴt{<Y904U./nbwvkwǂ5ɀP2$py]~z]XT<bOn.!YVIr]VD7ieHi2,+$dyф:\'4ed/S<sf9˲MZa濞=lؑe$~yބ-,4I~b&Z	d&h2eYIMcv4в,O$==3#p4в,O$L嗿?3sM,4I__3	} \0,LA޽{`/wI[Cw44dOϕDMn	} \0,LA융}&z43O}Ei2hR~t|ߢ)|X\0X&nbb$Ldq\n}#P&flMgdK== R40f?24CQtЬ=<[rl|94MgY; )M$ͽ\0\ZGIuD\0\rcm:@ɀlhd\0Y\nvX}-@jY\n[\\VH*k_ascINy? e5Ys``Tm-d\0uXjcNH%l2\'eZ0|id\0IX{r+/vakHjB6i22K!TZIri2Hɉ\'ƱIi2ƱIi2ƱIi2ƱIi2ƱIi2ƱIi2ƱIi2ƱIi2ƱIi2ƱIi2ƱIi2ƱIi2ƱIi2ƱIi2ƱIi2ƱIi2ƱIi2ƱIi2ƱIi2ƱIi2ƱIi2ƱIi2ƱIi2ƱIi2ƱIi2ƱIi2ƱIi2ƱIi2ƱIi2ƱIi2ƱIi2ƱIi2ƱIi2ƱIi2ƱIi2ƱIi2ƱIi2ƱIi2ƱIi2ƱIi2ƱIi2ƱIi2ƱIi2ƱIi2ƱIi2Ʊ)_{WOLL45Ew}l޼ydd$)T*]uUAvwwwЛh2`	vW\\Qm[ne`` F5Xںu*AuL&S*BoZɀ=W^yed}}}^IHn4Y\rX4HP[`\04&\0cU*FFFvܙ?344T(Bo ڡɀ)wwwϞ=&i2ccc7n\\je2`4R	g?w{:~ǖ-[\\3ys˦ɀYBa[őG^^lN~+wUf\n+\0mIdSմ_cs޶s||<MiW*jϐݹkW\Z{v\\cճeI&ri2Hj{eYe<u}lh3Rmdddgj~;N4Zooo5d+T_[}\0d^{4٩gsǎwmh2Hl6[}ۋU	|+߶+.\rM)U,ZdչڷYcll,M)544T7d|򓟪|󁁁;\n4W[Ο=R7n\0AAJU\\&{ǆQ q੃dT_zGڃR岦C(@{\\BJT#G\Zd?zGڃRd{dՃ\'Eh2H|>_ɦuת7sGTyooohRjݕlڶdwUw=h2HӋNY&۴iS\r\rQ 2޽bUߜ,V,C%@{d^rZ~**M7Um.\0mCAz껈_XՓd\n\0mCA\rVsoѣ۾}{h\'nƍsj%WUPg\0DAMNNvuuU[WWsll,nMDqBU_rEvcW\r!ɀY###ճey&9=v֭5d&&&Zf~?RWk˖-WS\0MR,wٱ\r6,~/X	MU//)͎dɀJ8z{{tX&r{qn`h2\04\0@x\0 <M\0&\0,H2\0\0\0\0IENDB`',0),('187502',1,'diagrams/noticeBill.bpmn','187501','<?xml version=\"1.0\" encoding=\"UTF-8\"?>\n<definitions xmlns=\"http://www.omg.org/spec/BPMN/20100524/MODEL\" xmlns:xsi=\"http://www.w3.org/2001/XMLSchema-instance\" xmlns:xsd=\"http://www.w3.org/2001/XMLSchema\" xmlns:activiti=\"http://activiti.org/bpmn\" xmlns:bpmndi=\"http://www.omg.org/spec/BPMN/20100524/DI\" xmlns:omgdc=\"http://www.omg.org/spec/DD/20100524/DC\" xmlns:omgdi=\"http://www.omg.org/spec/DD/20100524/DI\" typeLanguage=\"http://www.w3.org/2001/XMLSchema\" expressionLanguage=\"http://www.w3.org/1999/XPath\" targetNamespace=\"http://www.activiti.org/test\">\n  <process id=\"noticeBill\" name=\"noticeBillprocess\" isExecutable=\"true\">\n    <startEvent id=\"startevent1\" name=\"Start\"></startEvent>\n    <endEvent id=\"endevent1\" name=\"End\"></endEvent>\n    <userTask id=\"usertask1\" name=\"起草\" activiti:assignee=\"${inputUser}\"></userTask>\n    <userTask id=\"usertask2\" name=\"审核\">\n      <extensionElements>\n        <activiti:taskListener event=\"create\" class=\"util.NoticeUtil\"></activiti:taskListener>\n      </extensionElements>\n    </userTask>\n    <sequenceFlow id=\"flow1\" name=\"流程开始\" sourceRef=\"startevent1\" targetRef=\"usertask1\"></sequenceFlow>\n    <sequenceFlow id=\"flow4\" name=\"发布中\" sourceRef=\"usertask2\" targetRef=\"endevent1\">\n      <conditionExpression xsi:type=\"tFormalExpression\"><![CDATA[${outcome==\'发布中\'}]]></conditionExpression>\n    </sequenceFlow>\n    <sequenceFlow id=\"flow5\" name=\"撤出\" sourceRef=\"usertask2\" targetRef=\"usertask1\">\n      <conditionExpression xsi:type=\"tFormalExpression\"><![CDATA[${outcome==\'撤除\'}]]></conditionExpression>\n    </sequenceFlow>\n    <sequenceFlow id=\"flow6\" sourceRef=\"usertask1\" targetRef=\"usertask2\"></sequenceFlow>\n  </process>\n  <bpmndi:BPMNDiagram id=\"BPMNDiagram_noticeBill\">\n    <bpmndi:BPMNPlane bpmnElement=\"noticeBill\" id=\"BPMNPlane_noticeBill\">\n      <bpmndi:BPMNShape bpmnElement=\"startevent1\" id=\"BPMNShape_startevent1\">\n        <omgdc:Bounds height=\"35.0\" width=\"35.0\" x=\"340.0\" y=\"89.0\"></omgdc:Bounds>\n      </bpmndi:BPMNShape>\n      <bpmndi:BPMNShape bpmnElement=\"endevent1\" id=\"BPMNShape_endevent1\">\n        <omgdc:Bounds height=\"35.0\" width=\"35.0\" x=\"340.0\" y=\"360.0\"></omgdc:Bounds>\n      </bpmndi:BPMNShape>\n      <bpmndi:BPMNShape bpmnElement=\"usertask1\" id=\"BPMNShape_usertask1\">\n        <omgdc:Bounds height=\"55.0\" width=\"105.0\" x=\"305.0\" y=\"155.0\"></omgdc:Bounds>\n      </bpmndi:BPMNShape>\n      <bpmndi:BPMNShape bpmnElement=\"usertask2\" id=\"BPMNShape_usertask2\">\n        <omgdc:Bounds height=\"55.0\" width=\"131.0\" x=\"292.0\" y=\"236.0\"></omgdc:Bounds>\n      </bpmndi:BPMNShape>\n      <bpmndi:BPMNEdge bpmnElement=\"flow1\" id=\"BPMNEdge_flow1\">\n        <omgdi:waypoint x=\"357.0\" y=\"124.0\"></omgdi:waypoint>\n        <omgdi:waypoint x=\"357.0\" y=\"155.0\"></omgdi:waypoint>\n        <bpmndi:BPMNLabel>\n          <omgdc:Bounds height=\"14.0\" width=\"48.0\" x=\"357.0\" y=\"124.0\"></omgdc:Bounds>\n        </bpmndi:BPMNLabel>\n      </bpmndi:BPMNEdge>\n      <bpmndi:BPMNEdge bpmnElement=\"flow4\" id=\"BPMNEdge_flow4\">\n        <omgdi:waypoint x=\"357.0\" y=\"291.0\"></omgdi:waypoint>\n        <omgdi:waypoint x=\"357.0\" y=\"360.0\"></omgdi:waypoint>\n        <bpmndi:BPMNLabel>\n          <omgdc:Bounds height=\"14.0\" width=\"100.0\" x=\"357.0\" y=\"291.0\"></omgdc:Bounds>\n        </bpmndi:BPMNLabel>\n      </bpmndi:BPMNEdge>\n      <bpmndi:BPMNEdge bpmnElement=\"flow5\" id=\"BPMNEdge_flow5\">\n        <omgdi:waypoint x=\"423.0\" y=\"263.0\"></omgdi:waypoint>\n        <omgdi:waypoint x=\"606.0\" y=\"263.0\"></omgdi:waypoint>\n        <omgdi:waypoint x=\"606.0\" y=\"214.0\"></omgdi:waypoint>\n        <omgdi:waypoint x=\"606.0\" y=\"184.0\"></omgdi:waypoint>\n        <omgdi:waypoint x=\"410.0\" y=\"184.0\"></omgdi:waypoint>\n        <omgdi:waypoint x=\"410.0\" y=\"184.0\"></omgdi:waypoint>\n        <omgdi:waypoint x=\"410.0\" y=\"182.0\"></omgdi:waypoint>\n        <bpmndi:BPMNLabel>\n          <omgdc:Bounds height=\"14.0\" width=\"100.0\" x=\"423.0\" y=\"263.0\"></omgdc:Bounds>\n        </bpmndi:BPMNLabel>\n      </bpmndi:BPMNEdge>\n      <bpmndi:BPMNEdge bpmnElement=\"flow6\" id=\"BPMNEdge_flow6\">\n        <omgdi:waypoint x=\"357.0\" y=\"210.0\"></omgdi:waypoint>\n        <omgdi:waypoint x=\"357.0\" y=\"236.0\"></omgdi:waypoint>\n      </bpmndi:BPMNEdge>\n    </bpmndi:BPMNPlane>\n  </bpmndi:BPMNDiagram>\n</definitions>',0),('187503',1,'diagrams/noticeBill.png','187501','PNG\r\n\Z\n\0\0\0\rIHDR\0\01\0\0\0\0\0+y\0\0 IDATxl}q5}%4j#Z)k xVNZE6\rFij&ȴESYS7EM\na\rԃ!܆+!X~c߽y<:w>w9wD\0\0z\0\0d\0\0-@\0\0\0d\0\0i2\04\0@x\0 <M\0&\0O\0\0\0d\0\0i2\04\0@x\0 <M\0&\0O\0\0\0d\0\0i2\04\0@x\0 <M\0&\0O\0\0\0d\0\0i2\04\0@x\0 <M\0&\0O\0\0\0d\0\0i2\04\0@x\0 <M\0&\0O\0\0\0d\0\0i2\04\0@x\0 <M\0&\0O\0\0\0d\0\0i2\04\0@x\0 <M\0&\0O\0\0\0d\0\0i2\04\0@x\0 <M\0&\0O\0\0\0d\0\0i2\04\0@x\0 <M\0&\0O\0\0\0d\0\0i2\04\0@x\0 <M\0&\0O\0\0\0d\0\0i2\04\0@x\0 <M,T*ܹ3efxxX,@CS,nθۻއ=RxڸqPX4pCe805]?m\0M{8Ȓ5V;:iӦ۷J{\0Ю40+ΩeX|宻lP+\0mIAqSC\0GQʃ<feX.Mi{<e97˅-6 :ۻAVO~S{	s\0DAAv੃d^9~`$ FFFrܪYen3wmh2Hl6ܷ\"[֩л64TXjPUfÆ\rw=h2H|>&s׮;\n4&{x#l6M)ח䯌d^<zk3w=h2HF:}3M)}\rmx::,2\0X.!zzz;rD%TCߜ\0KAJo}wClcoذ!M)588x뭟ihͷm\'B(@{dRLMe˖;\n4WC_Rz/ڃ&jӗ_җozچ&*JLRvk\nл64[:I&M7{*sG_3h2HbaÆzOAѣwh2 ,nC\0G:~=,d\0Go+6m;N~rY5v/~K\'@C@dJɮ\'n7;~&.Л40WPرcGWWn)NOag7o\Z_g۶OLNNdɀJ|>~KşlxxX,L5BI}z\0,M$a\0h+,&Si/ys?QkHj$MU9S|/\0ZHLKԒMI\0fX〤m:]I9ggiP_=,bg.w\'\0Zu\rHj_dѥMV\0ku\rH	6KsP\'[]$5?<Uͦ9upddiJdklUdgibWOֿ&<KBjhy=*6 :5\'b?`-I!ƱIi2ƱIi2ƱIi2ƱIi2ƱIi2ƱIi2ƱIi2Ʊ)_{WOLL45Ew}ߋ###7\r`Md@=R骫\r믿X,45EKۮjr-7\n`d֭[W	[f2Rz\0\ZM,G+&J2Fd@\"7pCBoڤɀD\nBdA4h+,R4<<ߟf3wKx@.\Z\ZNڣɠ-=}/=zaj*{ػwmI\\fդɠE|>e˖c0uΉOer\nB;\n`uh2hEq~o\\:oÆ\r.UɠreڴC]\0@AݲƩI2w\ZJi2h-R)ɼr|rjI2rq\Z4|>?5}:(E*Uk?@dZr{WAv㖟GO/F/LE?:=s>:pzzG\'.DS(EFßyd:8XMȑTtޜ޸;:ލ7OEGފ&KыwLTٙ3\';;;Cu\0+ɠtuu~ęubt엦gf>;wtTTT|d9bZ]u:g߾BX/_Wg.uj&PnǟzfmS5hwV1h-6(p|uut>=綩\ZM;rWYs\'E^{+:puֽ_{5KɧιmF*U(͞\';Vɉ]7wߊ磳go9Mh2YŠm1=TR#β7_^^=5~Q^+E\'Gq9Mh2YŠM\'M<vpⱧ٣ď~xG>?y韌?~vyH\\rQ;|snd@Ak)7Id@Akm&ڝUZKN&ڝUZK^3M;r,w4bZMV0M;MɀtAk)7N\rN7G_zb&\0V*%n_\r8\r}CYP6obzf\0V*\\6ǃ̥uu_W:gϾwW^yŇ?/4^ٌwXŠ畀3j?S$Y?=?d@Ak)ͱS݀K{kWU]_m\\>ߎ/d%]%2L;w-wKh2h-qϜgڜ4g}zM[nM6v8OF]c+ЛoAk	d5_MU7xRc==˿Η+}z{{\'&&Boh2h1inI\'?O֌|;;۔}78\\ݰwСCq\r*e6nf&LGX|Xﾯ}[_xs6&]G+JCCC7TAk)Ak7`~@[^ٶw-βl6;>>zCH/rټdj*CmMNNqzCH)rmTI+&cUرcpp0VRV1h-y,w4bbb\'VRV1h-&{,w4eƍ^UFV1h-L/	*%nrGZFFFr\\ bZMd/)#rM&cLNNf2[A\ZYŠfXE\'pAk<w陙eQVÉ vZ2/fYxe9a?FDϙyQ6HZݻ\"x|k|>cdᰃR+<W:06	\'add$]ڡa-g3ѳ&|gBi) vrJR6gL)|XNcMdᰃV411{H2Mdq}#Za-j||<βݻ*6gdK==X4A8uJ|6/Xߒeˡ\"&MF;hucccwwF]]1βwkY&#\0#%4A8쀤<PupIy\"%@EJ8	a$偊pH)P\'*R¡N; )TC v@RH	:A8쀤<PupIy\"%@EJ8	a$偊pH)P\'*R¡N; )TC v@RH	:A8zǧBwww߫zbb\"Ah2pw}l޼ydd$Ah2pJ6ȮbzӠQ4A8%vmW\\qEn喁\ra,mݺu ۺuk&)J\ZHXڣ>zWT}}}^Iƚa$r\r7T,@i2p\n[` v@RH	:A8 R4<<ߟf32Ŀ円aC!{}^<zԔYĿwm۶ſBմMF;hblrc.͉OeB軝vaMYoo7ƅ9soذarr2Odᰃ {4sЦMΧmh2pA󌎎nrt4>ٵڃ&#4ITd2>g?r뽿\ZIh2pA\r\rG	ߡVg׮IB$d7nybT3}|B?Rl[ѿ?\n4k`:8@\rh2pA9ċ(:39q!:EwtoM3fsm@ǧOW&^^_և~tޜޘQГϖYx%		A8I]u:g߾BX/_Wgtj&PnǟzfmeZpU[&8t4EΟwwtt~O\\x%		A8I]fu*]<z*z֭[+~=׼.i\':8c-I8NaMRbuDofϓx+?tWoE7?ۚ,P(tww\nM/S8ޜ~y!z\'G7v>E)z<U\'\\h2499dBoidy&U͛OxcO?Gˏ|?/쮯}֛MƒFGGBoidy&)7O*ɛ?>Ge4<A	;%\nM2d_7aGQ_Pd2R)F\'hr0aGQ;Bo)ey&)7k&h2(JLP(RMRn_ɨ#\r\r\nMRn	;n߾=Vj\'hM\nɘT*yAFp\'hr]~vZHXd2XI\ZxՖ%ߺsn|㗵۽{w.klǎ^O<AxNͫj\"~Gl6\'HX0h2hdy]f}TsVwΓͿ0U/ZyWs9\\nM9yX3,$jY+Oֹ\\p^X;l\0MR</j-vHee&)\'O[yjp˕u`oEl1M;l@Vd+Od^zϴt{<Y904U./nbwvkwǂ5ɀP2$py]~z]XT<bOn.!YVIr]VD7ieHi2,+$dyф:\'4ed/S<sf9˲MZa濞=lؑe$~yބ-,4I~b&Z	d&h2eYIMcv4в,O$==3#p4в,O$L嗿?3sM,4I__3	} \0,LA޽{`/wI[Cw44dOϕDMn	} \0,LA융}&z43O}Ei2hR~t|ߢ)|X\0X&nbb$Ldq\n}#P&flMgdK== R40f?24CQtЬ=<[rl|94MgY; )M$ͽ\0\ZGIuD\0\rcm:@ɀlhd\0Y\nvX}-@jY\n[\\VH*k_ascINy? e5Ys``Tm-d\0uXjcNH%l2\'eZ0|id\0IX{r+/vakHjB6i22K!TZIri2Hɉ\'ƱIi2ƱIi2ƱIi2ƱIi2ƱIi2ƱIi2ƱIi2ƱIi2ƱIi2ƱIi2ƱIi2ƱIi2ƱIi2ƱIi2ƱIi2ƱIi2ƱIi2ƱIi2ƱIi2ƱIi2ƱIi2ƱIi2ƱIi2ƱIi2ƱIi2ƱIi2ƱIi2ƱIi2ƱIi2ƱIi2ƱIi2ƱIi2ƱIi2ƱIi2ƱIi2ƱIi2ƱIi2ƱIi2ƱIi2ƱIi2ƱIi2ƱIi2ƱIi2ƱIi2ƱIi2Ʊ)_{WOLL45Ew}l޼ydd$)T*]uUAvwwwЛh2`	vW\\Qm[ne`` F5Xںu*AuL&S*BoZɀ=W^yed}}}^IHn4Y\rX4HP[`\04&\0cU*FFFvܙ?344T(Bo ڡɀ)wwwϞ=&i2ccc7n\\je2`4R	g?w{:~ǖ-[\\3ys˦ɀYBa[őG^^lN~+wUf\n+\0mIdSմ_cs޶s||<MiW*jϐݹkW\Z{v\\cճeI&ri2Hj{eYe<u}lh3Rmdddgj~;N4Zooo5d+T_[}\0d^{4٩gsǎwmh2Hl6[}ۋU	|+߶+.\rM)U,ZdչڷYcll,M)544T7d|򓟪|󁁁;\n4W[Ο=R7n\0AAJU\\&{ǆQ q੃dT_zGڃR岦C(@{\\BJT#G\Zd?zGڃRd{dՃ\'Eh2H|>_ɦuת7sGTyooohRjݕlڶdwUw=h2HӋNY&۴iS\r\rQ 2޽bUߜ,V,C%@{d^rZ~**M7Um.\0mCAz껈_XՓd\n\0mCA\rVsoѣ۾}{h\'nƍsj%WUPg\0DAMNNvuuU[WWsll,nMDqBU_rEvcW\r!ɀY###ճey&9=v֭5d&&&Zf~?RWk˖-WS\0MR,wٱ\r6,~/X	MU//)͎dɀJ8z{{tX&r{qn`h2\04\0@x\0 <M\0&\0,H2\0\0\0\0IENDB`',0),('195002',1,'diagrams/noticeBill.bpmn','195001','<?xml version=\"1.0\" encoding=\"UTF-8\"?>\n<definitions xmlns=\"http://www.omg.org/spec/BPMN/20100524/MODEL\" xmlns:xsi=\"http://www.w3.org/2001/XMLSchema-instance\" xmlns:xsd=\"http://www.w3.org/2001/XMLSchema\" xmlns:activiti=\"http://activiti.org/bpmn\" xmlns:bpmndi=\"http://www.omg.org/spec/BPMN/20100524/DI\" xmlns:omgdc=\"http://www.omg.org/spec/DD/20100524/DC\" xmlns:omgdi=\"http://www.omg.org/spec/DD/20100524/DI\" typeLanguage=\"http://www.w3.org/2001/XMLSchema\" expressionLanguage=\"http://www.w3.org/1999/XPath\" targetNamespace=\"http://www.activiti.org/test\">\n  <process id=\"noticeBill\" name=\"noticeBillprocess\" isExecutable=\"true\">\n    <startEvent id=\"startevent1\" name=\"Start\"></startEvent>\n    <endEvent id=\"endevent1\" name=\"End\"></endEvent>\n    <userTask id=\"usertask1\" name=\"起草\" activiti:assignee=\"${inputUser}\"></userTask>\n    <userTask id=\"usertask2\" name=\"审核\">\n      <extensionElements>\n        <activiti:taskListener event=\"create\" class=\"util.NoticeUtil\"></activiti:taskListener>\n      </extensionElements>\n    </userTask>\n    <sequenceFlow id=\"flow1\" name=\"流程开始\" sourceRef=\"startevent1\" targetRef=\"usertask1\"></sequenceFlow>\n    <sequenceFlow id=\"flow4\" name=\"发布中\" sourceRef=\"usertask2\" targetRef=\"endevent1\">\n      <conditionExpression xsi:type=\"tFormalExpression\"><![CDATA[${outcome==\'发布中\'}]]></conditionExpression>\n    </sequenceFlow>\n    <sequenceFlow id=\"flow5\" name=\"撤出\" sourceRef=\"usertask2\" targetRef=\"usertask1\">\n      <conditionExpression xsi:type=\"tFormalExpression\"><![CDATA[${outcome==\'撤除\'}]]></conditionExpression>\n    </sequenceFlow>\n    <sequenceFlow id=\"flow6\" sourceRef=\"usertask1\" targetRef=\"usertask2\"></sequenceFlow>\n  </process>\n  <bpmndi:BPMNDiagram id=\"BPMNDiagram_noticeBill\">\n    <bpmndi:BPMNPlane bpmnElement=\"noticeBill\" id=\"BPMNPlane_noticeBill\">\n      <bpmndi:BPMNShape bpmnElement=\"startevent1\" id=\"BPMNShape_startevent1\">\n        <omgdc:Bounds height=\"35.0\" width=\"35.0\" x=\"340.0\" y=\"89.0\"></omgdc:Bounds>\n      </bpmndi:BPMNShape>\n      <bpmndi:BPMNShape bpmnElement=\"endevent1\" id=\"BPMNShape_endevent1\">\n        <omgdc:Bounds height=\"35.0\" width=\"35.0\" x=\"340.0\" y=\"360.0\"></omgdc:Bounds>\n      </bpmndi:BPMNShape>\n      <bpmndi:BPMNShape bpmnElement=\"usertask1\" id=\"BPMNShape_usertask1\">\n        <omgdc:Bounds height=\"55.0\" width=\"105.0\" x=\"305.0\" y=\"155.0\"></omgdc:Bounds>\n      </bpmndi:BPMNShape>\n      <bpmndi:BPMNShape bpmnElement=\"usertask2\" id=\"BPMNShape_usertask2\">\n        <omgdc:Bounds height=\"55.0\" width=\"131.0\" x=\"292.0\" y=\"236.0\"></omgdc:Bounds>\n      </bpmndi:BPMNShape>\n      <bpmndi:BPMNEdge bpmnElement=\"flow1\" id=\"BPMNEdge_flow1\">\n        <omgdi:waypoint x=\"357.0\" y=\"124.0\"></omgdi:waypoint>\n        <omgdi:waypoint x=\"357.0\" y=\"155.0\"></omgdi:waypoint>\n        <bpmndi:BPMNLabel>\n          <omgdc:Bounds height=\"14.0\" width=\"48.0\" x=\"357.0\" y=\"124.0\"></omgdc:Bounds>\n        </bpmndi:BPMNLabel>\n      </bpmndi:BPMNEdge>\n      <bpmndi:BPMNEdge bpmnElement=\"flow4\" id=\"BPMNEdge_flow4\">\n        <omgdi:waypoint x=\"357.0\" y=\"291.0\"></omgdi:waypoint>\n        <omgdi:waypoint x=\"357.0\" y=\"360.0\"></omgdi:waypoint>\n        <bpmndi:BPMNLabel>\n          <omgdc:Bounds height=\"14.0\" width=\"100.0\" x=\"357.0\" y=\"291.0\"></omgdc:Bounds>\n        </bpmndi:BPMNLabel>\n      </bpmndi:BPMNEdge>\n      <bpmndi:BPMNEdge bpmnElement=\"flow5\" id=\"BPMNEdge_flow5\">\n        <omgdi:waypoint x=\"423.0\" y=\"263.0\"></omgdi:waypoint>\n        <omgdi:waypoint x=\"606.0\" y=\"263.0\"></omgdi:waypoint>\n        <omgdi:waypoint x=\"606.0\" y=\"214.0\"></omgdi:waypoint>\n        <omgdi:waypoint x=\"606.0\" y=\"184.0\"></omgdi:waypoint>\n        <omgdi:waypoint x=\"410.0\" y=\"184.0\"></omgdi:waypoint>\n        <omgdi:waypoint x=\"410.0\" y=\"184.0\"></omgdi:waypoint>\n        <omgdi:waypoint x=\"410.0\" y=\"182.0\"></omgdi:waypoint>\n        <bpmndi:BPMNLabel>\n          <omgdc:Bounds height=\"14.0\" width=\"100.0\" x=\"423.0\" y=\"263.0\"></omgdc:Bounds>\n        </bpmndi:BPMNLabel>\n      </bpmndi:BPMNEdge>\n      <bpmndi:BPMNEdge bpmnElement=\"flow6\" id=\"BPMNEdge_flow6\">\n        <omgdi:waypoint x=\"357.0\" y=\"210.0\"></omgdi:waypoint>\n        <omgdi:waypoint x=\"357.0\" y=\"236.0\"></omgdi:waypoint>\n      </bpmndi:BPMNEdge>\n    </bpmndi:BPMNPlane>\n  </bpmndi:BPMNDiagram>\n</definitions>',0),('195003',1,'diagrams/noticeBill.png','195001','PNG\r\n\Z\n\0\0\0\rIHDR\0\01\0\0\0\0\0+y\0\0 IDATxl}q5}%4j#Z)k xVNZE6\rFij&ȴESYS7EM\na\rԃ!܆+!X~c߽y<:w>w9wD\0\0z\0\0d\0\0-@\0\0\0d\0\0i2\04\0@x\0 <M\0&\0O\0\0\0d\0\0i2\04\0@x\0 <M\0&\0O\0\0\0d\0\0i2\04\0@x\0 <M\0&\0O\0\0\0d\0\0i2\04\0@x\0 <M\0&\0O\0\0\0d\0\0i2\04\0@x\0 <M\0&\0O\0\0\0d\0\0i2\04\0@x\0 <M\0&\0O\0\0\0d\0\0i2\04\0@x\0 <M\0&\0O\0\0\0d\0\0i2\04\0@x\0 <M\0&\0O\0\0\0d\0\0i2\04\0@x\0 <M\0&\0O\0\0\0d\0\0i2\04\0@x\0 <M\0&\0O\0\0\0d\0\0i2\04\0@x\0 <M,T*ܹ3efxxX,@CS,nθۻއ=RxڸqPX4pCe805]?m\0M{8Ȓ5V;:iӦ۷J{\0Ю40+ΩeX|宻lP+\0mIAqSC\0GQʃ<feX.Mi{<e97˅-6 :ۻAVO~S{	s\0DAAv੃d^9~`$ FFFrܪYen3wmh2Hl6ܷ\"[֩л64TXjPUfÆ\rw=h2H|>&s׮;\n4&{x#l6M)ח䯌d^<zk3w=h2HF:}3M)}\rmx::,2\0X.!zzz;rD%TCߜ\0KAJo}wClcoذ!M)588x뭟ihͷm\'B(@{dRLMe˖;\n4WC_Rz/ڃ&jӗ_җozچ&*JLRvk\nл64[:I&M7{*sG_3h2HbaÆzOAѣwh2 ,nC\0G:~=,d\0Go+6m;N~rY5v/~K\'@C@dJɮ\'n7;~&.Л40WPرcGWWn)NOag7o\Z_g۶OLNNdɀJ|>~KşlxxX,L5BI}z\0,M$a\0h+,&Si/ys?QkHj$MU9S|/\0ZHLKԒMI\0fX〤m:]I9ggiP_=,bg.w\'\0Zu\rHj_dѥMV\0ku\rH	6KsP\'[]$5?<Uͦ9upddiJdklUdgibWOֿ&<KBjhy=*6 :5\'b?`-I!ƱIi2ƱIi2ƱIi2ƱIi2ƱIi2ƱIi2ƱIi2Ʊ)_{WOLL45Ew}ߋ###7\r`Md@=R骫\r믿X,45EKۮjr-7\n`d֭[W	[f2Rz\0\ZM,G+&J2Fd@\"7pCBoڤɀD\nBdA4h+,R4<<ߟf3wKx@.\Z\ZNڣɠ-=}/=zaj*{ػwmI\\fդɠE|>e˖c0uΉOer\nB;\n`uh2hEq~o\\:oÆ\r.UɠreڴC]\0@AݲƩI2w\ZJi2h-R)ɼr|rjI2rq\Z4|>?5}:(E*Uk?@dZr{WAv㖟GO/F/LE?:=s>:pzzG\'.DS(EFßyd:8XMȑTtޜ޸;:ލ7OEGފ&KыwLTٙ3\';;;Cu\0+ɠtuu~ęubt엦gf>;wtTTT|d9bZ]u:g߾BX/_Wg.uj&PnǟzfmS5hwV1h-6(p|uut>=綩\ZM;rWYs\'E^{+:puֽ_{5KɧιmF*U(͞\';Vɉ]7wߊ磳go9Mh2YŠm1=TR#β7_^^=5~Q^+E\'Gq9Mh2YŠM\'M<vpⱧ٣ď~xG>?y韌?~vyH\\rQ;|snd@Ak)7Id@Akm&ڝUZKN&ڝUZK^3M;r,w4bZMV0M;MɀtAk)7N\rN7G_zb&\0V*%n_\r8\r}CYP6obzf\0V*\\6ǃ̥uu_W:gϾwW^yŇ?/4^ٌwXŠ畀3j?S$Y?=?d@Ak)ͱS݀K{kWU]_m\\>ߎ/d%]%2L;w-wKh2h-qϜgڜ4g}zM[nM6v8OF]c+ЛoAk	d5_MU7xRc==˿Η+}z{{\'&&Boh2h1inI\'?O֌|;;۔}78\\ݰwСCq\r*e6nf&LGX|Xﾯ}[_xs6&]G+JCCC7TAk)Ak7`~@[^ٶw-βl6;>>zCH/rټdj*CmMNNqzCH)rmTI+&cUرcpp0VRV1h-y,w4bbb\'VRV1h-&{,w4eƍ^UFV1h-L/	*%nrGZFFFr\\ bZMd/)#rM&cLNNf2[A\ZYŠfXE\'pAk<w陙eQVÉ vZ2/fYxe9a?FDϙyQ6HZݻ\"x|k|>cdᰃR+<W:06	\'add$]ڡa-g3ѳ&|gBi) vrJR6gL)|XNcMdᰃV411{H2Mdq}#Za-j||<βݻ*6gdK==X4A8uJ|6/Xߒeˡ\"&MF;hucccwwF]]1βwkY&#\0#%4A8쀤<PupIy\"%@EJ8	a$偊pH)P\'*R¡N; )TC v@RH	:A8쀤<PupIy\"%@EJ8	a$偊pH)P\'*R¡N; )TC v@RH	:A8zǧBwww߫zbb\"Ah2pw}l޼ydd$Ah2pJ6ȮbzӠQ4A8%vmW\\qEn喁\ra,mݺu ۺuk&)J\ZHXڣ>zWT}}}^Iƚa$r\r7T,@i2p\n[` v@RH	:A8 R4<<ߟf32Ŀ円aC!{}^<zԔYĿwm۶ſBմMF;hblrc.͉OeB軝vaMYoo7ƅ9soذarr2Odᰃ {4sЦMΧmh2pA󌎎nrt4>ٵڃ&#4ITd2>g?r뽿\ZIh2pA\r\rG	ߡVg׮IB$d7nybT3}|B?Rl[ѿ?\n4k`:8@\rh2pA9ċ(:39q!:EwtoM3fsm@ǧOW&^^_և~tޜޘQГϖYx%		A8I]u:g߾BX/_Wgtj&PnǟzfmeZpU[&8t4EΟwwtt~O\\x%		A8I]fu*]<z*z֭[+~=׼.i\':8c-I8NaMRbuDofϓx+?tWoE7?ۚ,P(tww\nM/S8ޜ~y!z\'G7v>E)z<U\'\\h2499dBoidy&U͛OxcO?Gˏ|?/쮯}֛MƒFGGBoidy&)7O*ɛ?>Ge4<A	;%\nM2d_7aGQ_Pd2R)F\'hr0aGQ;Bo)ey&)7k&h2(JLP(RMRn_ɨ#\r\r\nMRn	;n߾=Vj\'hM\nɘT*yAFp\'hr]~vZHXd2XI\ZxՖ%ߺsn|㗵۽{w.klǎ^O<AxNͫj\"~Gl6\'HX0h2hdy]f}TsVwΓͿ0U/ZyWs9\\nM9yX3,$jY+Oֹ\\p^X;l\0MR</j-vHee&)\'O[yjp˕u`oEl1M;l@Vd+Od^zϴt{<Y904U./nbwvkwǂ5ɀP2$py]~z]XT<bOn.!YVIr]VD7ieHi2,+$dyф:\'4ed/S<sf9˲MZa濞=lؑe$~yބ-,4I~b&Z	d&h2eYIMcv4в,O$==3#p4в,O$L嗿?3sM,4I__3	} \0,LA޽{`/wI[Cw44dOϕDMn	} \0,LA융}&z43O}Ei2hR~t|ߢ)|X\0X&nbb$Ldq\n}#P&flMgdK== R40f?24CQtЬ=<[rl|94MgY; )M$ͽ\0\ZGIuD\0\rcm:@ɀlhd\0Y\nvX}-@jY\n[\\VH*k_ascINy? e5Ys``Tm-d\0uXjcNH%l2\'eZ0|id\0IX{r+/vakHjB6i22K!TZIri2Hɉ\'ƱIi2ƱIi2ƱIi2ƱIi2ƱIi2ƱIi2ƱIi2ƱIi2ƱIi2ƱIi2ƱIi2ƱIi2ƱIi2ƱIi2ƱIi2ƱIi2ƱIi2ƱIi2ƱIi2ƱIi2ƱIi2ƱIi2ƱIi2ƱIi2ƱIi2ƱIi2ƱIi2ƱIi2ƱIi2ƱIi2ƱIi2ƱIi2ƱIi2ƱIi2ƱIi2ƱIi2ƱIi2ƱIi2ƱIi2ƱIi2ƱIi2ƱIi2ƱIi2ƱIi2ƱIi2Ʊ)_{WOLL45Ew}l޼ydd$)T*]uUAvwwwЛh2`	vW\\Qm[ne`` F5Xںu*AuL&S*BoZɀ=W^yed}}}^IHn4Y\rX4HP[`\04&\0cU*FFFvܙ?344T(Bo ڡɀ)wwwϞ=&i2ccc7n\\je2`4R	g?w{:~ǖ-[\\3ys˦ɀYBa[őG^^lN~+wUf\n+\0mIdSմ_cs޶s||<MiW*jϐݹkW\Z{v\\cճeI&ri2Hj{eYe<u}lh3Rmdddgj~;N4Zooo5d+T_[}\0d^{4٩gsǎwmh2Hl6[}ۋU	|+߶+.\rM)U,ZdչڷYcll,M)544T7d|򓟪|󁁁;\n4W[Ο=R7n\0AAJU\\&{ǆQ q੃dT_zGڃR岦C(@{\\BJT#G\Zd?zGڃRd{dՃ\'Eh2H|>_ɦuת7sGTyooohRjݕlڶdwUw=h2HӋNY&۴iS\r\rQ 2޽bUߜ,V,C%@{d^rZ~**M7Um.\0mCAz껈_XՓd\n\0mCA\rVsoѣ۾}{h\'nƍsj%WUPg\0DAMNNvuuU[WWsll,nMDqBU_rEvcW\r!ɀY###ճey&9=v֭5d&&&Zf~?RWk˖-WS\0MR,wٱ\r6,~/X	MU//)͎dɀJ8z{{tX&r{qn`h2\04\0@x\0 <M\0&\0,H2\0\0\0\0IENDB`',0),('2',1,'diagrams/noticeBill.bpmn','1','<?xml version=\"1.0\" encoding=\"UTF-8\"?>\n<definitions xmlns=\"http://www.omg.org/spec/BPMN/20100524/MODEL\" xmlns:xsi=\"http://www.w3.org/2001/XMLSchema-instance\" xmlns:xsd=\"http://www.w3.org/2001/XMLSchema\" xmlns:activiti=\"http://activiti.org/bpmn\" xmlns:bpmndi=\"http://www.omg.org/spec/BPMN/20100524/DI\" xmlns:omgdc=\"http://www.omg.org/spec/DD/20100524/DC\" xmlns:omgdi=\"http://www.omg.org/spec/DD/20100524/DI\" typeLanguage=\"http://www.w3.org/2001/XMLSchema\" expressionLanguage=\"http://www.w3.org/1999/XPath\" targetNamespace=\"http://www.activiti.org/test\">\n  <process id=\"noticeBill\" name=\"noticeBillprocess\" isExecutable=\"true\">\n    <startEvent id=\"startevent1\" name=\"Start\"></startEvent>\n    <endEvent id=\"endevent1\" name=\"End\"></endEvent>\n    <userTask id=\"usertask1\" name=\"起草\" activiti:assignee=\"${inputUser}\"></userTask>\n    <userTask id=\"usertask2\" name=\"审核\">\n      <extensionElements>\n        <activiti:taskListener event=\"create\" class=\"util.NoticeUtil\"></activiti:taskListener>\n      </extensionElements>\n    </userTask>\n    <sequenceFlow id=\"flow1\" name=\"流程开始\" sourceRef=\"startevent1\" targetRef=\"usertask1\"></sequenceFlow>\n    <sequenceFlow id=\"flow4\" name=\"发布中\" sourceRef=\"usertask2\" targetRef=\"endevent1\">\n      <conditionExpression xsi:type=\"tFormalExpression\"><![CDATA[${outcome==\'发布中\'}]]></conditionExpression>\n    </sequenceFlow>\n    <sequenceFlow id=\"flow5\" name=\"撤出\" sourceRef=\"usertask2\" targetRef=\"usertask1\">\n      <conditionExpression xsi:type=\"tFormalExpression\"><![CDATA[${outcome==\'驳回\'}]]></conditionExpression>\n    </sequenceFlow>\n    <sequenceFlow id=\"flow6\" sourceRef=\"usertask1\" targetRef=\"usertask2\"></sequenceFlow>\n  </process>\n  <bpmndi:BPMNDiagram id=\"BPMNDiagram_noticeBill\">\n    <bpmndi:BPMNPlane bpmnElement=\"noticeBill\" id=\"BPMNPlane_noticeBill\">\n      <bpmndi:BPMNShape bpmnElement=\"startevent1\" id=\"BPMNShape_startevent1\">\n        <omgdc:Bounds height=\"35.0\" width=\"35.0\" x=\"340.0\" y=\"89.0\"></omgdc:Bounds>\n      </bpmndi:BPMNShape>\n      <bpmndi:BPMNShape bpmnElement=\"endevent1\" id=\"BPMNShape_endevent1\">\n        <omgdc:Bounds height=\"35.0\" width=\"35.0\" x=\"340.0\" y=\"360.0\"></omgdc:Bounds>\n      </bpmndi:BPMNShape>\n      <bpmndi:BPMNShape bpmnElement=\"usertask1\" id=\"BPMNShape_usertask1\">\n        <omgdc:Bounds height=\"55.0\" width=\"105.0\" x=\"305.0\" y=\"155.0\"></omgdc:Bounds>\n      </bpmndi:BPMNShape>\n      <bpmndi:BPMNShape bpmnElement=\"usertask2\" id=\"BPMNShape_usertask2\">\n        <omgdc:Bounds height=\"55.0\" width=\"131.0\" x=\"292.0\" y=\"236.0\"></omgdc:Bounds>\n      </bpmndi:BPMNShape>\n      <bpmndi:BPMNEdge bpmnElement=\"flow1\" id=\"BPMNEdge_flow1\">\n        <omgdi:waypoint x=\"357.0\" y=\"124.0\"></omgdi:waypoint>\n        <omgdi:waypoint x=\"357.0\" y=\"155.0\"></omgdi:waypoint>\n        <bpmndi:BPMNLabel>\n          <omgdc:Bounds height=\"14.0\" width=\"48.0\" x=\"357.0\" y=\"124.0\"></omgdc:Bounds>\n        </bpmndi:BPMNLabel>\n      </bpmndi:BPMNEdge>\n      <bpmndi:BPMNEdge bpmnElement=\"flow4\" id=\"BPMNEdge_flow4\">\n        <omgdi:waypoint x=\"357.0\" y=\"291.0\"></omgdi:waypoint>\n        <omgdi:waypoint x=\"357.0\" y=\"360.0\"></omgdi:waypoint>\n        <bpmndi:BPMNLabel>\n          <omgdc:Bounds height=\"14.0\" width=\"100.0\" x=\"357.0\" y=\"291.0\"></omgdc:Bounds>\n        </bpmndi:BPMNLabel>\n      </bpmndi:BPMNEdge>\n      <bpmndi:BPMNEdge bpmnElement=\"flow5\" id=\"BPMNEdge_flow5\">\n        <omgdi:waypoint x=\"423.0\" y=\"263.0\"></omgdi:waypoint>\n        <omgdi:waypoint x=\"606.0\" y=\"263.0\"></omgdi:waypoint>\n        <omgdi:waypoint x=\"606.0\" y=\"214.0\"></omgdi:waypoint>\n        <omgdi:waypoint x=\"606.0\" y=\"184.0\"></omgdi:waypoint>\n        <omgdi:waypoint x=\"410.0\" y=\"184.0\"></omgdi:waypoint>\n        <omgdi:waypoint x=\"410.0\" y=\"184.0\"></omgdi:waypoint>\n        <omgdi:waypoint x=\"410.0\" y=\"182.0\"></omgdi:waypoint>\n        <bpmndi:BPMNLabel>\n          <omgdc:Bounds height=\"14.0\" width=\"24.0\" x=\"423.0\" y=\"263.0\"></omgdc:Bounds>\n        </bpmndi:BPMNLabel>\n      </bpmndi:BPMNEdge>\n      <bpmndi:BPMNEdge bpmnElement=\"flow6\" id=\"BPMNEdge_flow6\">\n        <omgdi:waypoint x=\"357.0\" y=\"210.0\"></omgdi:waypoint>\n        <omgdi:waypoint x=\"357.0\" y=\"236.0\"></omgdi:waypoint>\n      </bpmndi:BPMNEdge>\n    </bpmndi:BPMNPlane>\n  </bpmndi:BPMNDiagram>\n</definitions>',0),('22502',1,'diagrams/noticeBill.bpmn','22501','<?xml version=\"1.0\" encoding=\"UTF-8\"?>\n<definitions xmlns=\"http://www.omg.org/spec/BPMN/20100524/MODEL\" xmlns:xsi=\"http://www.w3.org/2001/XMLSchema-instance\" xmlns:xsd=\"http://www.w3.org/2001/XMLSchema\" xmlns:activiti=\"http://activiti.org/bpmn\" xmlns:bpmndi=\"http://www.omg.org/spec/BPMN/20100524/DI\" xmlns:omgdc=\"http://www.omg.org/spec/DD/20100524/DC\" xmlns:omgdi=\"http://www.omg.org/spec/DD/20100524/DI\" typeLanguage=\"http://www.w3.org/2001/XMLSchema\" expressionLanguage=\"http://www.w3.org/1999/XPath\" targetNamespace=\"http://www.activiti.org/test\">\n  <process id=\"noticeBill\" name=\"noticeBillprocess\" isExecutable=\"true\">\n    <startEvent id=\"startevent1\" name=\"Start\"></startEvent>\n    <endEvent id=\"endevent1\" name=\"End\"></endEvent>\n    <userTask id=\"usertask1\" name=\"起草\" activiti:assignee=\"${inputUser}\"></userTask>\n    <userTask id=\"usertask2\" name=\"审核\">\n      <extensionElements>\n        <activiti:taskListener event=\"create\" class=\"util.NoticeUtil\"></activiti:taskListener>\n      </extensionElements>\n    </userTask>\n    <sequenceFlow id=\"flow1\" name=\"流程开始\" sourceRef=\"startevent1\" targetRef=\"usertask1\"></sequenceFlow>\n    <sequenceFlow id=\"flow4\" name=\"发布中\" sourceRef=\"usertask2\" targetRef=\"endevent1\">\n      <conditionExpression xsi:type=\"tFormalExpression\"><![CDATA[${outcome==\'发布中\'}]]></conditionExpression>\n    </sequenceFlow>\n    <sequenceFlow id=\"flow5\" name=\"撤出\" sourceRef=\"usertask2\" targetRef=\"usertask1\">\n      <conditionExpression xsi:type=\"tFormalExpression\"><![CDATA[${outcome==\'撤除\'}]]></conditionExpression>\n    </sequenceFlow>\n    <sequenceFlow id=\"flow6\" sourceRef=\"usertask1\" targetRef=\"usertask2\"></sequenceFlow>\n  </process>\n  <bpmndi:BPMNDiagram id=\"BPMNDiagram_noticeBill\">\n    <bpmndi:BPMNPlane bpmnElement=\"noticeBill\" id=\"BPMNPlane_noticeBill\">\n      <bpmndi:BPMNShape bpmnElement=\"startevent1\" id=\"BPMNShape_startevent1\">\n        <omgdc:Bounds height=\"35.0\" width=\"35.0\" x=\"340.0\" y=\"89.0\"></omgdc:Bounds>\n      </bpmndi:BPMNShape>\n      <bpmndi:BPMNShape bpmnElement=\"endevent1\" id=\"BPMNShape_endevent1\">\n        <omgdc:Bounds height=\"35.0\" width=\"35.0\" x=\"340.0\" y=\"360.0\"></omgdc:Bounds>\n      </bpmndi:BPMNShape>\n      <bpmndi:BPMNShape bpmnElement=\"usertask1\" id=\"BPMNShape_usertask1\">\n        <omgdc:Bounds height=\"55.0\" width=\"105.0\" x=\"305.0\" y=\"155.0\"></omgdc:Bounds>\n      </bpmndi:BPMNShape>\n      <bpmndi:BPMNShape bpmnElement=\"usertask2\" id=\"BPMNShape_usertask2\">\n        <omgdc:Bounds height=\"55.0\" width=\"131.0\" x=\"292.0\" y=\"236.0\"></omgdc:Bounds>\n      </bpmndi:BPMNShape>\n      <bpmndi:BPMNEdge bpmnElement=\"flow1\" id=\"BPMNEdge_flow1\">\n        <omgdi:waypoint x=\"357.0\" y=\"124.0\"></omgdi:waypoint>\n        <omgdi:waypoint x=\"357.0\" y=\"155.0\"></omgdi:waypoint>\n        <bpmndi:BPMNLabel>\n          <omgdc:Bounds height=\"14.0\" width=\"48.0\" x=\"357.0\" y=\"124.0\"></omgdc:Bounds>\n        </bpmndi:BPMNLabel>\n      </bpmndi:BPMNEdge>\n      <bpmndi:BPMNEdge bpmnElement=\"flow4\" id=\"BPMNEdge_flow4\">\n        <omgdi:waypoint x=\"357.0\" y=\"291.0\"></omgdi:waypoint>\n        <omgdi:waypoint x=\"357.0\" y=\"360.0\"></omgdi:waypoint>\n        <bpmndi:BPMNLabel>\n          <omgdc:Bounds height=\"14.0\" width=\"100.0\" x=\"357.0\" y=\"291.0\"></omgdc:Bounds>\n        </bpmndi:BPMNLabel>\n      </bpmndi:BPMNEdge>\n      <bpmndi:BPMNEdge bpmnElement=\"flow5\" id=\"BPMNEdge_flow5\">\n        <omgdi:waypoint x=\"423.0\" y=\"263.0\"></omgdi:waypoint>\n        <omgdi:waypoint x=\"606.0\" y=\"263.0\"></omgdi:waypoint>\n        <omgdi:waypoint x=\"606.0\" y=\"214.0\"></omgdi:waypoint>\n        <omgdi:waypoint x=\"606.0\" y=\"184.0\"></omgdi:waypoint>\n        <omgdi:waypoint x=\"410.0\" y=\"184.0\"></omgdi:waypoint>\n        <omgdi:waypoint x=\"410.0\" y=\"184.0\"></omgdi:waypoint>\n        <omgdi:waypoint x=\"410.0\" y=\"182.0\"></omgdi:waypoint>\n        <bpmndi:BPMNLabel>\n          <omgdc:Bounds height=\"14.0\" width=\"100.0\" x=\"423.0\" y=\"263.0\"></omgdc:Bounds>\n        </bpmndi:BPMNLabel>\n      </bpmndi:BPMNEdge>\n      <bpmndi:BPMNEdge bpmnElement=\"flow6\" id=\"BPMNEdge_flow6\">\n        <omgdi:waypoint x=\"357.0\" y=\"210.0\"></omgdi:waypoint>\n        <omgdi:waypoint x=\"357.0\" y=\"236.0\"></omgdi:waypoint>\n      </bpmndi:BPMNEdge>\n    </bpmndi:BPMNPlane>\n  </bpmndi:BPMNDiagram>\n</definitions>',0),('22503',1,'diagrams/noticeBill.png','22501','PNG\r\n\Z\n\0\0\0\rIHDR\0\01\0\0\0\0\0+y\0\0 IDATxl}q5}%4j#Z)k xVNZE6\rFij&ȴESYS7EM\na\rԃ!܆+!X~c߽y<:w>w9wD\0\0z\0\0d\0\0-@\0\0\0d\0\0i2\04\0@x\0 <M\0&\0O\0\0\0d\0\0i2\04\0@x\0 <M\0&\0O\0\0\0d\0\0i2\04\0@x\0 <M\0&\0O\0\0\0d\0\0i2\04\0@x\0 <M\0&\0O\0\0\0d\0\0i2\04\0@x\0 <M\0&\0O\0\0\0d\0\0i2\04\0@x\0 <M\0&\0O\0\0\0d\0\0i2\04\0@x\0 <M\0&\0O\0\0\0d\0\0i2\04\0@x\0 <M\0&\0O\0\0\0d\0\0i2\04\0@x\0 <M\0&\0O\0\0\0d\0\0i2\04\0@x\0 <M\0&\0O\0\0\0d\0\0i2\04\0@x\0 <M,T*ܹ3efxxX,@CS,nθۻއ=RxڸqPX4pCe805]?m\0M{8Ȓ5V;:iӦ۷J{\0Ю40+ΩeX|宻lP+\0mIAqSC\0GQʃ<feX.Mi{<e97˅-6 :ۻAVO~S{	s\0DAAv੃d^9~`$ FFFrܪYen3wmh2Hl6ܷ\"[֩л64TXjPUfÆ\rw=h2H|>&s׮;\n4&{x#l6M)ח䯌d^<zk3w=h2HF:}3M)}\rmx::,2\0X.!zzz;rD%TCߜ\0KAJo}wClcoذ!M)588x뭟ihͷm\'B(@{dRLMe˖;\n4WC_Rz/ڃ&jӗ_җozچ&*JLRvk\nл64[:I&M7{*sG_3h2HbaÆzOAѣwh2 ,nC\0G:~=,d\0Go+6m;N~rY5v/~K\'@C@dJɮ\'n7;~&.Л40WPرcGWWn)NOag7o\Z_g۶OLNNdɀJ|>~KşlxxX,L5BI}z\0,M$a\0h+,&Si/ys?QkHj$MU9S|/\0ZHLKԒMI\0fX〤m:]I9ggiP_=,bg.w\'\0Zu\rHj_dѥMV\0ku\rH	6KsP\'[]$5?<Uͦ9upddiJdklUdgibWOֿ&<KBjhy=*6 :5\'b?`-I!ƱIi2ƱIi2ƱIi2ƱIi2ƱIi2ƱIi2ƱIi2Ʊ)_{WOLL45Ew}ߋ###7\r`Md@=R骫\r믿X,45EKۮjr-7\n`d֭[W	[f2Rz\0\ZM,G+&J2Fd@\"7pCBoڤɀD\nBdA4h+,R4<<ߟf3wKx@.\Z\ZNڣɠ-=}/=zaj*{ػwmI\\fդɠE|>e˖c0uΉOer\nB;\n`uh2hEq~o\\:oÆ\r.UɠreڴC]\0@AݲƩI2w\ZJi2h-R)ɼr|rjI2rq\Z4|>?5}:(E*Uk?@dZr{WAv㖟GO/F/LE?:=s>:pzzG\'.DS(EFßyd:8XMȑTtޜ޸;:ލ7OEGފ&KыwLTٙ3\';;;Cu\0+ɠtuu~ęubt엦gf>;wtTTT|d9bZ]u:g߾BX/_Wg.uj&PnǟzfmS5hwV1h-6(p|uut>=綩\ZM;rWYs\'E^{+:puֽ_{5KɧιmF*U(͞\';Vɉ]7wߊ磳go9Mh2YŠm1=TR#β7_^^=5~Q^+E\'Gq9Mh2YŠM\'M<vpⱧ٣ď~xG>?y韌?~vyH\\rQ;|snd@Ak)7Id@Akm&ڝUZKN&ڝUZK^3M;r,w4bZMV0M;MɀtAk)7N\rN7G_zb&\0V*%n_\r8\r}CYP6obzf\0V*\\6ǃ̥uu_W:gϾwW^yŇ?/4^ٌwXŠ畀3j?S$Y?=?d@Ak)ͱS݀K{kWU]_m\\>ߎ/d%]%2L;w-wKh2h-qϜgڜ4g}zM[nM6v8OF]c+ЛoAk	d5_MU7xRc==˿Η+}z{{\'&&Boh2h1inI\'?O֌|;;۔}78\\ݰwСCq\r*e6nf&LGX|Xﾯ}[_xs6&]G+JCCC7TAk)Ak7`~@[^ٶw-βl6;>>zCH/rټdj*CmMNNqzCH)rmTI+&cUرcpp0VRV1h-y,w4bbb\'VRV1h-&{,w4eƍ^UFV1h-L/	*%nrGZFFFr\\ bZMd/)#rM&cLNNf2[A\ZYŠfXE\'pAk<w陙eQVÉ vZ2/fYxe9a?FDϙyQ6HZݻ\"x|k|>cdᰃR+<W:06	\'add$]ڡa-g3ѳ&|gBi) vrJR6gL)|XNcMdᰃV411{H2Mdq}#Za-j||<βݻ*6gdK==X4A8uJ|6/Xߒeˡ\"&MF;hucccwwF]]1βwkY&#\0#%4A8쀤<PupIy\"%@EJ8	a$偊pH)P\'*R¡N; )TC v@RH	:A8쀤<PupIy\"%@EJ8	a$偊pH)P\'*R¡N; )TC v@RH	:A8zǧBwww߫zbb\"Ah2pw}l޼ydd$Ah2pJ6ȮbzӠQ4A8%vmW\\qEn喁\ra,mݺu ۺuk&)J\ZHXڣ>zWT}}}^Iƚa$r\r7T,@i2p\n[` v@RH	:A8 R4<<ߟf32Ŀ円aC!{}^<zԔYĿwm۶ſBմMF;hblrc.͉OeB軝vaMYoo7ƅ9soذarr2Odᰃ {4sЦMΧmh2pA󌎎nrt4>ٵڃ&#4ITd2>g?r뽿\ZIh2pA\r\rG	ߡVg׮IB$d7nybT3}|B?Rl[ѿ?\n4k`:8@\rh2pA9ċ(:39q!:EwtoM3fsm@ǧOW&^^_և~tޜޘQГϖYx%		A8I]u:g߾BX/_Wgtj&PnǟzfmeZpU[&8t4EΟwwtt~O\\x%		A8I]fu*]<z*z֭[+~=׼.i\':8c-I8NaMRbuDofϓx+?tWoE7?ۚ,P(tww\nM/S8ޜ~y!z\'G7v>E)z<U\'\\h2499dBoidy&U͛OxcO?Gˏ|?/쮯}֛MƒFGGBoidy&)7O*ɛ?>Ge4<A	;%\nM2d_7aGQ_Pd2R)F\'hr0aGQ;Bo)ey&)7k&h2(JLP(RMRn_ɨ#\r\r\nMRn	;n߾=Vj\'hM\nɘT*yAFp\'hr]~vZHXd2XI\ZxՖ%ߺsn|㗵۽{w.klǎ^O<AxNͫj\"~Gl6\'HX0h2hdy]f}TsVwΓͿ0U/ZyWs9\\nM9yX3,$jY+Oֹ\\p^X;l\0MR</j-vHee&)\'O[yjp˕u`oEl1M;l@Vd+Od^zϴt{<Y904U./nbwvkwǂ5ɀP2$py]~z]XT<bOn.!YVIr]VD7ieHi2,+$dyф:\'4ed/S<sf9˲MZa濞=lؑe$~yބ-,4I~b&Z	d&h2eYIMcv4в,O$==3#p4в,O$L嗿?3sM,4I__3	} \0,LA޽{`/wI[Cw44dOϕDMn	} \0,LA융}&z43O}Ei2hR~t|ߢ)|X\0X&nbb$Ldq\n}#P&flMgdK== R40f?24CQtЬ=<[rl|94MgY; )M$ͽ\0\ZGIuD\0\rcm:@ɀlhd\0Y\nvX}-@jY\n[\\VH*k_ascINy? e5Ys``Tm-d\0uXjcNH%l2\'eZ0|id\0IX{r+/vakHjB6i22K!TZIri2Hɉ\'ƱIi2ƱIi2ƱIi2ƱIi2ƱIi2ƱIi2ƱIi2ƱIi2ƱIi2ƱIi2ƱIi2ƱIi2ƱIi2ƱIi2ƱIi2ƱIi2ƱIi2ƱIi2ƱIi2ƱIi2ƱIi2ƱIi2ƱIi2ƱIi2ƱIi2ƱIi2ƱIi2ƱIi2ƱIi2ƱIi2ƱIi2ƱIi2ƱIi2ƱIi2ƱIi2ƱIi2ƱIi2ƱIi2ƱIi2ƱIi2ƱIi2ƱIi2ƱIi2ƱIi2ƱIi2Ʊ)_{WOLL45Ew}l޼ydd$)T*]uUAvwwwЛh2`	vW\\Qm[ne`` F5Xںu*AuL&S*BoZɀ=W^yed}}}^IHn4Y\rX4HP[`\04&\0cU*FFFvܙ?344T(Bo ڡɀ)wwwϞ=&i2ccc7n\\je2`4R	g?w{:~ǖ-[\\3ys˦ɀYBa[őG^^lN~+wUf\n+\0mIdSմ_cs޶s||<MiW*jϐݹkW\Z{v\\cճeI&ri2Hj{eYe<u}lh3Rmdddgj~;N4Zooo5d+T_[}\0d^{4٩gsǎwmh2Hl6[}ۋU	|+߶+.\rM)U,ZdչڷYcll,M)544T7d|򓟪|󁁁;\n4W[Ο=R7n\0AAJU\\&{ǆQ q੃dT_zGڃR岦C(@{\\BJT#G\Zd?zGڃRd{dՃ\'Eh2H|>_ɦuת7sGTyooohRjݕlڶdwUw=h2HӋNY&۴iS\r\rQ 2޽bUߜ,V,C%@{d^rZ~**M7Um.\0mCAz껈_XՓd\n\0mCA\rVsoѣ۾}{h\'nƍsj%WUPg\0DAMNNvuuU[WWsll,nMDqBU_rEvcW\r!ɀY###ճey&9=v֭5d&&&Zf~?RWk˖-WS\0MR,wٱ\r6,~/X	MU//)͎dɀJ8z{{tX&r{qn`h2\04\0@x\0 <M\0&\0,H2\0\0\0\0IENDB`',0),('3',1,'diagrams/noticeBill.png','1','PNG\r\n\Z\n\0\0\0\rIHDR\0\01\0\0\0\0\0+y\0\0 IDATxl}q5}%4j#Z)k xVNZE6\rFij&ȴESYS7EM\na\rԃ!܆+!X~c߽y<:w>w9wD\0\0z\0\0d\0\0-@\0\0\0d\0\0i2\04\0@x\0 <M\0&\0O\0\0\0d\0\0i2\04\0@x\0 <M\0&\0O\0\0\0d\0\0i2\04\0@x\0 <M\0&\0O\0\0\0d\0\0i2\04\0@x\0 <M\0&\0O\0\0\0d\0\0i2\04\0@x\0 <M\0&\0O\0\0\0d\0\0i2\04\0@x\0 <M\0&\0O\0\0\0d\0\0i2\04\0@x\0 <M\0&\0O\0\0\0d\0\0i2\04\0@x\0 <M\0&\0O\0\0\0d\0\0i2\04\0@x\0 <M\0&\0O\0\0\0d\0\0i2\04\0@x\0 <M\0&\0O\0\0\0d\0\0i2\04\0@x\0 <M,T*ܹ3efxxX,@CS,nθۻއ=RxڸqPX4pCe805]?m\0M{8Ȓ5V;:iӦ۷J{\0Ю40+ΩeX|宻lP+\0mIAqSC\0GQʃ<feX.Mi{<e97˅-6 :ۻAVO~S{	s\0DAAv੃d^9~`$ FFFrܪYen3wmh2Hl6ܷ\"[֩л64TXjPUfÆ\rw=h2H|>&s׮;\n4&{x#l6M)ח䯌d^<zk3w=h2HF:}3M)}\rmx::,2\0X.!zzz;rD%TCߜ\0KAJo}wClcoذ!M)588x뭟ihͷm\'B(@{dRLMe˖;\n4WC_Rz/ڃ&jӗ_җozچ&*JLRvk\nл64[:I&M7{*sG_3h2HbaÆzOAѣwh2 ,nC\0G:~=,d\0Go+6m;N~rY5v/~K\'@C@dJɮ\'n7;~&.Л40WPرcGWWn)NOag7o\Z_g۶OLNNdɀJ|>~KşlxxX,L5BI}z\0,M$a\0h+,&Si/ys?QkHj$MU9S|/\0ZHLKԒMI\0fX〤m:]I9ggiP_=,bg.w\'\0Zu\rHj_dѥMV\0ku\rH	6KsP\'[]$5?<Uͦ9upddiJdklUdgibWOֿ&<KBjhy=*6 :5\'b?`-I!ƱIi2ƱIi2ƱIi2ƱIi2ƱIi2ƱIi2ƱIi2Ʊ)_{WOLL45Ew}ߋ###7\r`Md@=R骫\r믿X,45EKۮjr-7\n`d֭[W	[f2Rz\0\ZM,G+&J2Fd@\"7pCBoڤɀD\nBdA4h+,R4<<ߟf3wKx@.\Z\ZNڣɠ-=}/=zaj*{ػwmI\\fդɠE|>e˖c0uΉOer\nB;\n`uh2hEq~o\\:oÆ\r.UɠreڴC]\0@AݲƩI2w\ZJi2h-R)ɼr|rjI2rq\Z4|>?5}:(E*Uk?@dZr{WAv㖟GO/F/LE?:=s>:pzzG\'.DS(EFßyd:8XMȑTtޜ޸;:ލ7OEGފ&KыwLTٙ3\';;;Cu\0+ɠtuu~ęubt엦gf>;wtTTT|d9bZ]u:g߾BX/_Wg.uj&PnǟzfmS5hwV1h-6(p|uut>=綩\ZM;rWYs\'E^{+:puֽ_{5KɧιmF*U(͞\';Vɉ]7wߊ磳go9Mh2YŠm1=TR#β7_^^=5~Q^+E\'Gq9Mh2YŠM\'M<vpⱧ٣ď~xG>?y韌?~vyH\\rQ;|snd@Ak)7Id@Akm&ڝUZKN&ڝUZK^3M;r,w4bZMV0M;MɀtAk)7N\rN7G_zb&\0V*%n_\r8\r}CYP6obzf\0V*\\6ǃ̥uu_W:gϾwW^yŇ?/4^ٌwXŠ畀3j?S$Y?=?d@Ak)ͱS݀K{kWU]_m\\>ߎ/d%]%2L;w-wKh2h-qϜgڜ4g}zM[nM6v8OF]c+ЛoAk	d5_MU7xRc==˿Η+}z{{\'&&Boh2h1inI\'?O֌|;;۔}78\\ݰwСCq\r*e6nf&LGX|Xﾯ}[_xs6&]G+JCCC7TAk)Ak7`~@[^ٶw-βl6;>>zCH/rټdj*CmMNNqzCH)rmTI+&cUرcpp0VRV1h-y,w4bbb\'VRV1h-&{,w4eƍ^UFV1h-L/	*%nrGZFFFr\\ bZMd/)#rM&cLNNf2[A\ZYŠfXE\'pAk<w陙eQVÉ vZ2/fYxe9a?FDϙyQ6HZݻ\"x|k|>cdᰃR+<W:06	\'add$]ڡa-g3ѳ&|gBi) vrJR6gL)|XNcMdᰃV411{H2Mdq}#Za-j||<βݻ*6gdK==X4A8uJ|6/Xߒeˡ\"&MF;hucccwwF]]1βwkY&#\0#%4A8쀤<PupIy\"%@EJ8	a$偊pH)P\'*R¡N; )TC v@RH	:A8쀤<PupIy\"%@EJ8	a$偊pH)P\'*R¡N; )TC v@RH	:A8zǧBwww߫zbb\"Ah2pw}l޼ydd$Ah2pJ6ȮbzӠQ4A8%vmW\\qEn喁\ra,mݺu ۺuk&)J\ZHXڣ>zWT}}}^Iƚa$r\r7T,@i2p\n[` v@RH	:A8 R4<<ߟf32Ŀ円aC!{}^<zԔYĿwm۶ſBմMF;hblrc.͉OeB軝vaMYoo7ƅ9soذarr2Odᰃ {4sЦMΧmh2pA󌎎nrt4>ٵڃ&#4ITd2>g?r뽿\ZIh2pA\r\rG	ߡVg׮IB$d7nybT3}|B?Rl[ѿ?\n4k`:8@\rh2pA9ċ(:39q!:EwtoM3fsm@ǧOW&^^_և~tޜޘQГϖYx%		A8I]u:g߾BX/_Wgtj&PnǟzfmeZpU[&8t4EΟwwtt~O\\x%		A8I]fu*]<z*z֭[+~=׼.i\':8c-I8NaMRbuDofϓx+?tWoE7?ۚ,P(tww\nM/S8ޜ~y!z\'G7v>E)z<U\'\\h2499dBoidy&U͛OxcO?Gˏ|?/쮯}֛MƒFGGBoidy&)7O*ɛ?>Ge4<A	;%\nM2d_7aGQ_Pd2R)F\'hr0aGQ;Bo)ey&)7k&h2(JLP(RMRn_ɨ#\r\r\nMRn	;n߾=Vj\'hM\nɘT*yAFp\'hr]~vZHXd2XI\ZxՖ%ߺsn|㗵۽{w.klǎ^O<AxNͫj\"~Gl6\'HX0h2hdy]f}TsVwΓͿ0U/ZyWs9\\nM9yX3,$jY+Oֹ\\p^X;l\0MR</j-vHee&)\'O[yjp˕u`oEl1M;l@Vd+Od^zϴt{<Y904U./nbwvkwǂ5ɀP2$py]~z]XT<bOn.!YVIr]VD7ieHi2,+$dyф:\'4ed/S<sf9˲MZa濞=lؑe$~yބ-,4I~b&Z	d&h2eYIMcv4в,O$==3#p4в,O$L嗿?3sM,4I__3	} \0,LA޽{`/wI[Cw44dOϕDMn	} \0,LA융}&z43O}Ei2hR~t|ߢ)|X\0X&nbb$Ldq\n}#P&flMgdK== R40f?24CQtЬ=<[rl|94MgY; )M$ͽ\0\ZGIuD\0\rcm:@ɀlhd\0Y\nvX}-@jY\n[\\VH*k_ascINy? e5Ys``Tm-d\0uXjcNH%l2\'eZ0|id\0IX{r+/vakHjB6i22K!TZIri2Hɉ\'ƱIi2ƱIi2ƱIi2ƱIi2ƱIi2ƱIi2ƱIi2ƱIi2ƱIi2ƱIi2ƱIi2ƱIi2ƱIi2ƱIi2ƱIi2ƱIi2ƱIi2ƱIi2ƱIi2ƱIi2ƱIi2ƱIi2ƱIi2ƱIi2ƱIi2ƱIi2ƱIi2ƱIi2ƱIi2ƱIi2ƱIi2ƱIi2ƱIi2ƱIi2ƱIi2ƱIi2ƱIi2ƱIi2ƱIi2ƱIi2ƱIi2ƱIi2ƱIi2ƱIi2ƱIi2Ʊ)_{WOLL45Ew}l޼ydd$)T*]uUAvwwwЛh2`	vW\\Qm[ne`` F5Xںu*AuL&S*BoZɀ=W^yed}}}^IHn4Y\rX4HP[`\04&\0cU*FFFvܙ?344T(Bo ڡɀ)wwwϞ=&i2ccc7n\\je2`4R	g?w{:~ǖ-[\\3ys˦ɀYBa[őG^^lN~+wUf\n+\0mIdSմ_cs޶s||<MiW*jϐݹkW\Z{v\\cճeI&ri2Hj{eYe<u}lh3Rmdddgj~;N4Zooo5d+T_[}\0d^{4٩gsǎwmh2Hl6[}ۋU	|+߶+.\rM)U,ZdչڷYcll,M)544T7d|򓟪|󁁁;\n4W[Ο=R7n\0AAJU\\&{ǆQ q੃dT_zGڃR岦C(@{\\BJT#G\Zd?zGڃRd{dՃ\'Eh2H|>_ɦuת7sGTyooohRjݕlڶdwUw=h2HӋNY&۴iS\r\rQ 2޽bUߜ,V,C%@{d^rZ~**M7Um.\0mCAz껈_XՓd\n\0mCA\rVsoѣ۾}{h\'nƍsj%WUPg\0DAMNNvuuU[WWsll,nMDqBU_rEvcW\r!ɀY###ճey&9=v֭5d&&&Zf~?RWk˖-WS\0MR,wٱ\r6,~/X	MU//)͎dɀJ8z{{tX&r{qn`h2\04\0@x\0 <M\0&\0,H2\0\0\0\0IENDB`',0),('42502',1,'diagrams/noticeBill.bpmn','42501','<?xml version=\"1.0\" encoding=\"UTF-8\"?>\n<definitions xmlns=\"http://www.omg.org/spec/BPMN/20100524/MODEL\" xmlns:xsi=\"http://www.w3.org/2001/XMLSchema-instance\" xmlns:xsd=\"http://www.w3.org/2001/XMLSchema\" xmlns:activiti=\"http://activiti.org/bpmn\" xmlns:bpmndi=\"http://www.omg.org/spec/BPMN/20100524/DI\" xmlns:omgdc=\"http://www.omg.org/spec/DD/20100524/DC\" xmlns:omgdi=\"http://www.omg.org/spec/DD/20100524/DI\" typeLanguage=\"http://www.w3.org/2001/XMLSchema\" expressionLanguage=\"http://www.w3.org/1999/XPath\" targetNamespace=\"http://www.activiti.org/test\">\n  <process id=\"noticeBill\" name=\"noticeBillprocess\" isExecutable=\"true\">\n    <startEvent id=\"startevent1\" name=\"Start\"></startEvent>\n    <endEvent id=\"endevent1\" name=\"End\"></endEvent>\n    <userTask id=\"usertask1\" name=\"起草\" activiti:assignee=\"${inputUser}\"></userTask>\n    <userTask id=\"usertask2\" name=\"审核\">\n      <extensionElements>\n        <activiti:taskListener event=\"create\" class=\"util.NoticeUtil\"></activiti:taskListener>\n      </extensionElements>\n    </userTask>\n    <sequenceFlow id=\"flow1\" name=\"流程开始\" sourceRef=\"startevent1\" targetRef=\"usertask1\"></sequenceFlow>\n    <sequenceFlow id=\"flow4\" name=\"发布中\" sourceRef=\"usertask2\" targetRef=\"endevent1\">\n      <conditionExpression xsi:type=\"tFormalExpression\"><![CDATA[${outcome==\'发布中\'}]]></conditionExpression>\n    </sequenceFlow>\n    <sequenceFlow id=\"flow5\" name=\"撤出\" sourceRef=\"usertask2\" targetRef=\"usertask1\">\n      <conditionExpression xsi:type=\"tFormalExpression\"><![CDATA[${outcome==\'撤除\'}]]></conditionExpression>\n    </sequenceFlow>\n    <sequenceFlow id=\"flow6\" sourceRef=\"usertask1\" targetRef=\"usertask2\"></sequenceFlow>\n  </process>\n  <bpmndi:BPMNDiagram id=\"BPMNDiagram_noticeBill\">\n    <bpmndi:BPMNPlane bpmnElement=\"noticeBill\" id=\"BPMNPlane_noticeBill\">\n      <bpmndi:BPMNShape bpmnElement=\"startevent1\" id=\"BPMNShape_startevent1\">\n        <omgdc:Bounds height=\"35.0\" width=\"35.0\" x=\"340.0\" y=\"89.0\"></omgdc:Bounds>\n      </bpmndi:BPMNShape>\n      <bpmndi:BPMNShape bpmnElement=\"endevent1\" id=\"BPMNShape_endevent1\">\n        <omgdc:Bounds height=\"35.0\" width=\"35.0\" x=\"340.0\" y=\"360.0\"></omgdc:Bounds>\n      </bpmndi:BPMNShape>\n      <bpmndi:BPMNShape bpmnElement=\"usertask1\" id=\"BPMNShape_usertask1\">\n        <omgdc:Bounds height=\"55.0\" width=\"105.0\" x=\"305.0\" y=\"155.0\"></omgdc:Bounds>\n      </bpmndi:BPMNShape>\n      <bpmndi:BPMNShape bpmnElement=\"usertask2\" id=\"BPMNShape_usertask2\">\n        <omgdc:Bounds height=\"55.0\" width=\"131.0\" x=\"292.0\" y=\"236.0\"></omgdc:Bounds>\n      </bpmndi:BPMNShape>\n      <bpmndi:BPMNEdge bpmnElement=\"flow1\" id=\"BPMNEdge_flow1\">\n        <omgdi:waypoint x=\"357.0\" y=\"124.0\"></omgdi:waypoint>\n        <omgdi:waypoint x=\"357.0\" y=\"155.0\"></omgdi:waypoint>\n        <bpmndi:BPMNLabel>\n          <omgdc:Bounds height=\"14.0\" width=\"48.0\" x=\"357.0\" y=\"124.0\"></omgdc:Bounds>\n        </bpmndi:BPMNLabel>\n      </bpmndi:BPMNEdge>\n      <bpmndi:BPMNEdge bpmnElement=\"flow4\" id=\"BPMNEdge_flow4\">\n        <omgdi:waypoint x=\"357.0\" y=\"291.0\"></omgdi:waypoint>\n        <omgdi:waypoint x=\"357.0\" y=\"360.0\"></omgdi:waypoint>\n        <bpmndi:BPMNLabel>\n          <omgdc:Bounds height=\"14.0\" width=\"100.0\" x=\"357.0\" y=\"291.0\"></omgdc:Bounds>\n        </bpmndi:BPMNLabel>\n      </bpmndi:BPMNEdge>\n      <bpmndi:BPMNEdge bpmnElement=\"flow5\" id=\"BPMNEdge_flow5\">\n        <omgdi:waypoint x=\"423.0\" y=\"263.0\"></omgdi:waypoint>\n        <omgdi:waypoint x=\"606.0\" y=\"263.0\"></omgdi:waypoint>\n        <omgdi:waypoint x=\"606.0\" y=\"214.0\"></omgdi:waypoint>\n        <omgdi:waypoint x=\"606.0\" y=\"184.0\"></omgdi:waypoint>\n        <omgdi:waypoint x=\"410.0\" y=\"184.0\"></omgdi:waypoint>\n        <omgdi:waypoint x=\"410.0\" y=\"184.0\"></omgdi:waypoint>\n        <omgdi:waypoint x=\"410.0\" y=\"182.0\"></omgdi:waypoint>\n        <bpmndi:BPMNLabel>\n          <omgdc:Bounds height=\"14.0\" width=\"100.0\" x=\"423.0\" y=\"263.0\"></omgdc:Bounds>\n        </bpmndi:BPMNLabel>\n      </bpmndi:BPMNEdge>\n      <bpmndi:BPMNEdge bpmnElement=\"flow6\" id=\"BPMNEdge_flow6\">\n        <omgdi:waypoint x=\"357.0\" y=\"210.0\"></omgdi:waypoint>\n        <omgdi:waypoint x=\"357.0\" y=\"236.0\"></omgdi:waypoint>\n      </bpmndi:BPMNEdge>\n    </bpmndi:BPMNPlane>\n  </bpmndi:BPMNDiagram>\n</definitions>',0),('42503',1,'diagrams/noticeBill.png','42501','PNG\r\n\Z\n\0\0\0\rIHDR\0\01\0\0\0\0\0+y\0\0 IDATxl}q5}%4j#Z)k xVNZE6\rFij&ȴESYS7EM\na\rԃ!܆+!X~c߽y<:w>w9wD\0\0z\0\0d\0\0-@\0\0\0d\0\0i2\04\0@x\0 <M\0&\0O\0\0\0d\0\0i2\04\0@x\0 <M\0&\0O\0\0\0d\0\0i2\04\0@x\0 <M\0&\0O\0\0\0d\0\0i2\04\0@x\0 <M\0&\0O\0\0\0d\0\0i2\04\0@x\0 <M\0&\0O\0\0\0d\0\0i2\04\0@x\0 <M\0&\0O\0\0\0d\0\0i2\04\0@x\0 <M\0&\0O\0\0\0d\0\0i2\04\0@x\0 <M\0&\0O\0\0\0d\0\0i2\04\0@x\0 <M\0&\0O\0\0\0d\0\0i2\04\0@x\0 <M\0&\0O\0\0\0d\0\0i2\04\0@x\0 <M,T*ܹ3efxxX,@CS,nθۻއ=RxڸqPX4pCe805]?m\0M{8Ȓ5V;:iӦ۷J{\0Ю40+ΩeX|宻lP+\0mIAqSC\0GQʃ<feX.Mi{<e97˅-6 :ۻAVO~S{	s\0DAAv੃d^9~`$ FFFrܪYen3wmh2Hl6ܷ\"[֩л64TXjPUfÆ\rw=h2H|>&s׮;\n4&{x#l6M)ח䯌d^<zk3w=h2HF:}3M)}\rmx::,2\0X.!zzz;rD%TCߜ\0KAJo}wClcoذ!M)588x뭟ihͷm\'B(@{dRLMe˖;\n4WC_Rz/ڃ&jӗ_җozچ&*JLRvk\nл64[:I&M7{*sG_3h2HbaÆzOAѣwh2 ,nC\0G:~=,d\0Go+6m;N~rY5v/~K\'@C@dJɮ\'n7;~&.Л40WPرcGWWn)NOag7o\Z_g۶OLNNdɀJ|>~KşlxxX,L5BI}z\0,M$a\0h+,&Si/ys?QkHj$MU9S|/\0ZHLKԒMI\0fX〤m:]I9ggiP_=,bg.w\'\0Zu\rHj_dѥMV\0ku\rH	6KsP\'[]$5?<Uͦ9upddiJdklUdgibWOֿ&<KBjhy=*6 :5\'b?`-I!ƱIi2ƱIi2ƱIi2ƱIi2ƱIi2ƱIi2ƱIi2Ʊ)_{WOLL45Ew}ߋ###7\r`Md@=R骫\r믿X,45EKۮjr-7\n`d֭[W	[f2Rz\0\ZM,G+&J2Fd@\"7pCBoڤɀD\nBdA4h+,R4<<ߟf3wKx@.\Z\ZNڣɠ-=}/=zaj*{ػwmI\\fդɠE|>e˖c0uΉOer\nB;\n`uh2hEq~o\\:oÆ\r.UɠreڴC]\0@AݲƩI2w\ZJi2h-R)ɼr|rjI2rq\Z4|>?5}:(E*Uk?@dZr{WAv㖟GO/F/LE?:=s>:pzzG\'.DS(EFßyd:8XMȑTtޜ޸;:ލ7OEGފ&KыwLTٙ3\';;;Cu\0+ɠtuu~ęubt엦gf>;wtTTT|d9bZ]u:g߾BX/_Wg.uj&PnǟzfmS5hwV1h-6(p|uut>=綩\ZM;rWYs\'E^{+:puֽ_{5KɧιmF*U(͞\';Vɉ]7wߊ磳go9Mh2YŠm1=TR#β7_^^=5~Q^+E\'Gq9Mh2YŠM\'M<vpⱧ٣ď~xG>?y韌?~vyH\\rQ;|snd@Ak)7Id@Akm&ڝUZKN&ڝUZK^3M;r,w4bZMV0M;MɀtAk)7N\rN7G_zb&\0V*%n_\r8\r}CYP6obzf\0V*\\6ǃ̥uu_W:gϾwW^yŇ?/4^ٌwXŠ畀3j?S$Y?=?d@Ak)ͱS݀K{kWU]_m\\>ߎ/d%]%2L;w-wKh2h-qϜgڜ4g}zM[nM6v8OF]c+ЛoAk	d5_MU7xRc==˿Η+}z{{\'&&Boh2h1inI\'?O֌|;;۔}78\\ݰwСCq\r*e6nf&LGX|Xﾯ}[_xs6&]G+JCCC7TAk)Ak7`~@[^ٶw-βl6;>>zCH/rټdj*CmMNNqzCH)rmTI+&cUرcpp0VRV1h-y,w4bbb\'VRV1h-&{,w4eƍ^UFV1h-L/	*%nrGZFFFr\\ bZMd/)#rM&cLNNf2[A\ZYŠfXE\'pAk<w陙eQVÉ vZ2/fYxe9a?FDϙyQ6HZݻ\"x|k|>cdᰃR+<W:06	\'add$]ڡa-g3ѳ&|gBi) vrJR6gL)|XNcMdᰃV411{H2Mdq}#Za-j||<βݻ*6gdK==X4A8uJ|6/Xߒeˡ\"&MF;hucccwwF]]1βwkY&#\0#%4A8쀤<PupIy\"%@EJ8	a$偊pH)P\'*R¡N; )TC v@RH	:A8쀤<PupIy\"%@EJ8	a$偊pH)P\'*R¡N; )TC v@RH	:A8zǧBwww߫zbb\"Ah2pw}l޼ydd$Ah2pJ6ȮbzӠQ4A8%vmW\\qEn喁\ra,mݺu ۺuk&)J\ZHXڣ>zWT}}}^Iƚa$r\r7T,@i2p\n[` v@RH	:A8 R4<<ߟf32Ŀ円aC!{}^<zԔYĿwm۶ſBմMF;hblrc.͉OeB軝vaMYoo7ƅ9soذarr2Odᰃ {4sЦMΧmh2pA󌎎nrt4>ٵڃ&#4ITd2>g?r뽿\ZIh2pA\r\rG	ߡVg׮IB$d7nybT3}|B?Rl[ѿ?\n4k`:8@\rh2pA9ċ(:39q!:EwtoM3fsm@ǧOW&^^_և~tޜޘQГϖYx%		A8I]u:g߾BX/_Wgtj&PnǟzfmeZpU[&8t4EΟwwtt~O\\x%		A8I]fu*]<z*z֭[+~=׼.i\':8c-I8NaMRbuDofϓx+?tWoE7?ۚ,P(tww\nM/S8ޜ~y!z\'G7v>E)z<U\'\\h2499dBoidy&U͛OxcO?Gˏ|?/쮯}֛MƒFGGBoidy&)7O*ɛ?>Ge4<A	;%\nM2d_7aGQ_Pd2R)F\'hr0aGQ;Bo)ey&)7k&h2(JLP(RMRn_ɨ#\r\r\nMRn	;n߾=Vj\'hM\nɘT*yAFp\'hr]~vZHXd2XI\ZxՖ%ߺsn|㗵۽{w.klǎ^O<AxNͫj\"~Gl6\'HX0h2hdy]f}TsVwΓͿ0U/ZyWs9\\nM9yX3,$jY+Oֹ\\p^X;l\0MR</j-vHee&)\'O[yjp˕u`oEl1M;l@Vd+Od^zϴt{<Y904U./nbwvkwǂ5ɀP2$py]~z]XT<bOn.!YVIr]VD7ieHi2,+$dyф:\'4ed/S<sf9˲MZa濞=lؑe$~yބ-,4I~b&Z	d&h2eYIMcv4в,O$==3#p4в,O$L嗿?3sM,4I__3	} \0,LA޽{`/wI[Cw44dOϕDMn	} \0,LA융}&z43O}Ei2hR~t|ߢ)|X\0X&nbb$Ldq\n}#P&flMgdK== R40f?24CQtЬ=<[rl|94MgY; )M$ͽ\0\ZGIuD\0\rcm:@ɀlhd\0Y\nvX}-@jY\n[\\VH*k_ascINy? e5Ys``Tm-d\0uXjcNH%l2\'eZ0|id\0IX{r+/vakHjB6i22K!TZIri2Hɉ\'ƱIi2ƱIi2ƱIi2ƱIi2ƱIi2ƱIi2ƱIi2ƱIi2ƱIi2ƱIi2ƱIi2ƱIi2ƱIi2ƱIi2ƱIi2ƱIi2ƱIi2ƱIi2ƱIi2ƱIi2ƱIi2ƱIi2ƱIi2ƱIi2ƱIi2ƱIi2ƱIi2ƱIi2ƱIi2ƱIi2ƱIi2ƱIi2ƱIi2ƱIi2ƱIi2ƱIi2ƱIi2ƱIi2ƱIi2ƱIi2ƱIi2ƱIi2ƱIi2ƱIi2ƱIi2Ʊ)_{WOLL45Ew}l޼ydd$)T*]uUAvwwwЛh2`	vW\\Qm[ne`` F5Xںu*AuL&S*BoZɀ=W^yed}}}^IHn4Y\rX4HP[`\04&\0cU*FFFvܙ?344T(Bo ڡɀ)wwwϞ=&i2ccc7n\\je2`4R	g?w{:~ǖ-[\\3ys˦ɀYBa[őG^^lN~+wUf\n+\0mIdSմ_cs޶s||<MiW*jϐݹkW\Z{v\\cճeI&ri2Hj{eYe<u}lh3Rmdddgj~;N4Zooo5d+T_[}\0d^{4٩gsǎwmh2Hl6[}ۋU	|+߶+.\rM)U,ZdչڷYcll,M)544T7d|򓟪|󁁁;\n4W[Ο=R7n\0AAJU\\&{ǆQ q੃dT_zGڃR岦C(@{\\BJT#G\Zd?zGڃRd{dՃ\'Eh2H|>_ɦuת7sGTyooohRjݕlڶdwUw=h2HӋNY&۴iS\r\rQ 2޽bUߜ,V,C%@{d^rZ~**M7Um.\0mCAz껈_XՓd\n\0mCA\rVsoѣ۾}{h\'nƍsj%WUPg\0DAMNNvuuU[WWsll,nMDqBU_rEvcW\r!ɀY###ճey&9=v֭5d&&&Zf~?RWk˖-WS\0MR,wٱ\r6,~/X	MU//)͎dɀJ8z{{tX&r{qn`h2\04\0@x\0 <M\0&\0,H2\0\0\0\0IENDB`',0),('47502',1,'diagrams/noticeBill.bpmn','47501','<?xml version=\"1.0\" encoding=\"UTF-8\"?>\n<definitions xmlns=\"http://www.omg.org/spec/BPMN/20100524/MODEL\" xmlns:xsi=\"http://www.w3.org/2001/XMLSchema-instance\" xmlns:xsd=\"http://www.w3.org/2001/XMLSchema\" xmlns:activiti=\"http://activiti.org/bpmn\" xmlns:bpmndi=\"http://www.omg.org/spec/BPMN/20100524/DI\" xmlns:omgdc=\"http://www.omg.org/spec/DD/20100524/DC\" xmlns:omgdi=\"http://www.omg.org/spec/DD/20100524/DI\" typeLanguage=\"http://www.w3.org/2001/XMLSchema\" expressionLanguage=\"http://www.w3.org/1999/XPath\" targetNamespace=\"http://www.activiti.org/test\">\n  <process id=\"noticeBill\" name=\"noticeBillprocess\" isExecutable=\"true\">\n    <startEvent id=\"startevent1\" name=\"Start\"></startEvent>\n    <endEvent id=\"endevent1\" name=\"End\"></endEvent>\n    <userTask id=\"usertask1\" name=\"起草\" activiti:assignee=\"${inputUser}\"></userTask>\n    <userTask id=\"usertask2\" name=\"审核\">\n      <extensionElements>\n        <activiti:taskListener event=\"create\" class=\"util.NoticeUtil\"></activiti:taskListener>\n      </extensionElements>\n    </userTask>\n    <sequenceFlow id=\"flow1\" name=\"流程开始\" sourceRef=\"startevent1\" targetRef=\"usertask1\"></sequenceFlow>\n    <sequenceFlow id=\"flow4\" name=\"发布中\" sourceRef=\"usertask2\" targetRef=\"endevent1\">\n      <conditionExpression xsi:type=\"tFormalExpression\"><![CDATA[${outcome==\'发布中\'}]]></conditionExpression>\n    </sequenceFlow>\n    <sequenceFlow id=\"flow5\" name=\"撤出\" sourceRef=\"usertask2\" targetRef=\"usertask1\">\n      <conditionExpression xsi:type=\"tFormalExpression\"><![CDATA[${outcome==\'撤除\'}]]></conditionExpression>\n    </sequenceFlow>\n    <sequenceFlow id=\"flow6\" sourceRef=\"usertask1\" targetRef=\"usertask2\"></sequenceFlow>\n  </process>\n  <bpmndi:BPMNDiagram id=\"BPMNDiagram_noticeBill\">\n    <bpmndi:BPMNPlane bpmnElement=\"noticeBill\" id=\"BPMNPlane_noticeBill\">\n      <bpmndi:BPMNShape bpmnElement=\"startevent1\" id=\"BPMNShape_startevent1\">\n        <omgdc:Bounds height=\"35.0\" width=\"35.0\" x=\"340.0\" y=\"89.0\"></omgdc:Bounds>\n      </bpmndi:BPMNShape>\n      <bpmndi:BPMNShape bpmnElement=\"endevent1\" id=\"BPMNShape_endevent1\">\n        <omgdc:Bounds height=\"35.0\" width=\"35.0\" x=\"340.0\" y=\"360.0\"></omgdc:Bounds>\n      </bpmndi:BPMNShape>\n      <bpmndi:BPMNShape bpmnElement=\"usertask1\" id=\"BPMNShape_usertask1\">\n        <omgdc:Bounds height=\"55.0\" width=\"105.0\" x=\"305.0\" y=\"155.0\"></omgdc:Bounds>\n      </bpmndi:BPMNShape>\n      <bpmndi:BPMNShape bpmnElement=\"usertask2\" id=\"BPMNShape_usertask2\">\n        <omgdc:Bounds height=\"55.0\" width=\"131.0\" x=\"292.0\" y=\"236.0\"></omgdc:Bounds>\n      </bpmndi:BPMNShape>\n      <bpmndi:BPMNEdge bpmnElement=\"flow1\" id=\"BPMNEdge_flow1\">\n        <omgdi:waypoint x=\"357.0\" y=\"124.0\"></omgdi:waypoint>\n        <omgdi:waypoint x=\"357.0\" y=\"155.0\"></omgdi:waypoint>\n        <bpmndi:BPMNLabel>\n          <omgdc:Bounds height=\"14.0\" width=\"48.0\" x=\"357.0\" y=\"124.0\"></omgdc:Bounds>\n        </bpmndi:BPMNLabel>\n      </bpmndi:BPMNEdge>\n      <bpmndi:BPMNEdge bpmnElement=\"flow4\" id=\"BPMNEdge_flow4\">\n        <omgdi:waypoint x=\"357.0\" y=\"291.0\"></omgdi:waypoint>\n        <omgdi:waypoint x=\"357.0\" y=\"360.0\"></omgdi:waypoint>\n        <bpmndi:BPMNLabel>\n          <omgdc:Bounds height=\"14.0\" width=\"100.0\" x=\"357.0\" y=\"291.0\"></omgdc:Bounds>\n        </bpmndi:BPMNLabel>\n      </bpmndi:BPMNEdge>\n      <bpmndi:BPMNEdge bpmnElement=\"flow5\" id=\"BPMNEdge_flow5\">\n        <omgdi:waypoint x=\"423.0\" y=\"263.0\"></omgdi:waypoint>\n        <omgdi:waypoint x=\"606.0\" y=\"263.0\"></omgdi:waypoint>\n        <omgdi:waypoint x=\"606.0\" y=\"214.0\"></omgdi:waypoint>\n        <omgdi:waypoint x=\"606.0\" y=\"184.0\"></omgdi:waypoint>\n        <omgdi:waypoint x=\"410.0\" y=\"184.0\"></omgdi:waypoint>\n        <omgdi:waypoint x=\"410.0\" y=\"184.0\"></omgdi:waypoint>\n        <omgdi:waypoint x=\"410.0\" y=\"182.0\"></omgdi:waypoint>\n        <bpmndi:BPMNLabel>\n          <omgdc:Bounds height=\"14.0\" width=\"100.0\" x=\"423.0\" y=\"263.0\"></omgdc:Bounds>\n        </bpmndi:BPMNLabel>\n      </bpmndi:BPMNEdge>\n      <bpmndi:BPMNEdge bpmnElement=\"flow6\" id=\"BPMNEdge_flow6\">\n        <omgdi:waypoint x=\"357.0\" y=\"210.0\"></omgdi:waypoint>\n        <omgdi:waypoint x=\"357.0\" y=\"236.0\"></omgdi:waypoint>\n      </bpmndi:BPMNEdge>\n    </bpmndi:BPMNPlane>\n  </bpmndi:BPMNDiagram>\n</definitions>',0),('47503',1,'diagrams/noticeBill.png','47501','PNG\r\n\Z\n\0\0\0\rIHDR\0\01\0\0\0\0\0+y\0\0 IDATxl}q5}%4j#Z)k xVNZE6\rFij&ȴESYS7EM\na\rԃ!܆+!X~c߽y<:w>w9wD\0\0z\0\0d\0\0-@\0\0\0d\0\0i2\04\0@x\0 <M\0&\0O\0\0\0d\0\0i2\04\0@x\0 <M\0&\0O\0\0\0d\0\0i2\04\0@x\0 <M\0&\0O\0\0\0d\0\0i2\04\0@x\0 <M\0&\0O\0\0\0d\0\0i2\04\0@x\0 <M\0&\0O\0\0\0d\0\0i2\04\0@x\0 <M\0&\0O\0\0\0d\0\0i2\04\0@x\0 <M\0&\0O\0\0\0d\0\0i2\04\0@x\0 <M\0&\0O\0\0\0d\0\0i2\04\0@x\0 <M\0&\0O\0\0\0d\0\0i2\04\0@x\0 <M\0&\0O\0\0\0d\0\0i2\04\0@x\0 <M,T*ܹ3efxxX,@CS,nθۻއ=RxڸqPX4pCe805]?m\0M{8Ȓ5V;:iӦ۷J{\0Ю40+ΩeX|宻lP+\0mIAqSC\0GQʃ<feX.Mi{<e97˅-6 :ۻAVO~S{	s\0DAAv੃d^9~`$ FFFrܪYen3wmh2Hl6ܷ\"[֩л64TXjPUfÆ\rw=h2H|>&s׮;\n4&{x#l6M)ח䯌d^<zk3w=h2HF:}3M)}\rmx::,2\0X.!zzz;rD%TCߜ\0KAJo}wClcoذ!M)588x뭟ihͷm\'B(@{dRLMe˖;\n4WC_Rz/ڃ&jӗ_җozچ&*JLRvk\nл64[:I&M7{*sG_3h2HbaÆzOAѣwh2 ,nC\0G:~=,d\0Go+6m;N~rY5v/~K\'@C@dJɮ\'n7;~&.Л40WPرcGWWn)NOag7o\Z_g۶OLNNdɀJ|>~KşlxxX,L5BI}z\0,M$a\0h+,&Si/ys?QkHj$MU9S|/\0ZHLKԒMI\0fX〤m:]I9ggiP_=,bg.w\'\0Zu\rHj_dѥMV\0ku\rH	6KsP\'[]$5?<Uͦ9upddiJdklUdgibWOֿ&<KBjhy=*6 :5\'b?`-I!ƱIi2ƱIi2ƱIi2ƱIi2ƱIi2ƱIi2ƱIi2Ʊ)_{WOLL45Ew}ߋ###7\r`Md@=R骫\r믿X,45EKۮjr-7\n`d֭[W	[f2Rz\0\ZM,G+&J2Fd@\"7pCBoڤɀD\nBdA4h+,R4<<ߟf3wKx@.\Z\ZNڣɠ-=}/=zaj*{ػwmI\\fդɠE|>e˖c0uΉOer\nB;\n`uh2hEq~o\\:oÆ\r.UɠreڴC]\0@AݲƩI2w\ZJi2h-R)ɼr|rjI2rq\Z4|>?5}:(E*Uk?@dZr{WAv㖟GO/F/LE?:=s>:pzzG\'.DS(EFßyd:8XMȑTtޜ޸;:ލ7OEGފ&KыwLTٙ3\';;;Cu\0+ɠtuu~ęubt엦gf>;wtTTT|d9bZ]u:g߾BX/_Wg.uj&PnǟzfmS5hwV1h-6(p|uut>=綩\ZM;rWYs\'E^{+:puֽ_{5KɧιmF*U(͞\';Vɉ]7wߊ磳go9Mh2YŠm1=TR#β7_^^=5~Q^+E\'Gq9Mh2YŠM\'M<vpⱧ٣ď~xG>?y韌?~vyH\\rQ;|snd@Ak)7Id@Akm&ڝUZKN&ڝUZK^3M;r,w4bZMV0M;MɀtAk)7N\rN7G_zb&\0V*%n_\r8\r}CYP6obzf\0V*\\6ǃ̥uu_W:gϾwW^yŇ?/4^ٌwXŠ畀3j?S$Y?=?d@Ak)ͱS݀K{kWU]_m\\>ߎ/d%]%2L;w-wKh2h-qϜgڜ4g}zM[nM6v8OF]c+ЛoAk	d5_MU7xRc==˿Η+}z{{\'&&Boh2h1inI\'?O֌|;;۔}78\\ݰwСCq\r*e6nf&LGX|Xﾯ}[_xs6&]G+JCCC7TAk)Ak7`~@[^ٶw-βl6;>>zCH/rټdj*CmMNNqzCH)rmTI+&cUرcpp0VRV1h-y,w4bbb\'VRV1h-&{,w4eƍ^UFV1h-L/	*%nrGZFFFr\\ bZMd/)#rM&cLNNf2[A\ZYŠfXE\'pAk<w陙eQVÉ vZ2/fYxe9a?FDϙyQ6HZݻ\"x|k|>cdᰃR+<W:06	\'add$]ڡa-g3ѳ&|gBi) vrJR6gL)|XNcMdᰃV411{H2Mdq}#Za-j||<βݻ*6gdK==X4A8uJ|6/Xߒeˡ\"&MF;hucccwwF]]1βwkY&#\0#%4A8쀤<PupIy\"%@EJ8	a$偊pH)P\'*R¡N; )TC v@RH	:A8쀤<PupIy\"%@EJ8	a$偊pH)P\'*R¡N; )TC v@RH	:A8zǧBwww߫zbb\"Ah2pw}l޼ydd$Ah2pJ6ȮbzӠQ4A8%vmW\\qEn喁\ra,mݺu ۺuk&)J\ZHXڣ>zWT}}}^Iƚa$r\r7T,@i2p\n[` v@RH	:A8 R4<<ߟf32Ŀ円aC!{}^<zԔYĿwm۶ſBմMF;hblrc.͉OeB軝vaMYoo7ƅ9soذarr2Odᰃ {4sЦMΧmh2pA󌎎nrt4>ٵڃ&#4ITd2>g?r뽿\ZIh2pA\r\rG	ߡVg׮IB$d7nybT3}|B?Rl[ѿ?\n4k`:8@\rh2pA9ċ(:39q!:EwtoM3fsm@ǧOW&^^_և~tޜޘQГϖYx%		A8I]u:g߾BX/_Wgtj&PnǟzfmeZpU[&8t4EΟwwtt~O\\x%		A8I]fu*]<z*z֭[+~=׼.i\':8c-I8NaMRbuDofϓx+?tWoE7?ۚ,P(tww\nM/S8ޜ~y!z\'G7v>E)z<U\'\\h2499dBoidy&U͛OxcO?Gˏ|?/쮯}֛MƒFGGBoidy&)7O*ɛ?>Ge4<A	;%\nM2d_7aGQ_Pd2R)F\'hr0aGQ;Bo)ey&)7k&h2(JLP(RMRn_ɨ#\r\r\nMRn	;n߾=Vj\'hM\nɘT*yAFp\'hr]~vZHXd2XI\ZxՖ%ߺsn|㗵۽{w.klǎ^O<AxNͫj\"~Gl6\'HX0h2hdy]f}TsVwΓͿ0U/ZyWs9\\nM9yX3,$jY+Oֹ\\p^X;l\0MR</j-vHee&)\'O[yjp˕u`oEl1M;l@Vd+Od^zϴt{<Y904U./nbwvkwǂ5ɀP2$py]~z]XT<bOn.!YVIr]VD7ieHi2,+$dyф:\'4ed/S<sf9˲MZa濞=lؑe$~yބ-,4I~b&Z	d&h2eYIMcv4в,O$==3#p4в,O$L嗿?3sM,4I__3	} \0,LA޽{`/wI[Cw44dOϕDMn	} \0,LA융}&z43O}Ei2hR~t|ߢ)|X\0X&nbb$Ldq\n}#P&flMgdK== R40f?24CQtЬ=<[rl|94MgY; )M$ͽ\0\ZGIuD\0\rcm:@ɀlhd\0Y\nvX}-@jY\n[\\VH*k_ascINy? e5Ys``Tm-d\0uXjcNH%l2\'eZ0|id\0IX{r+/vakHjB6i22K!TZIri2Hɉ\'ƱIi2ƱIi2ƱIi2ƱIi2ƱIi2ƱIi2ƱIi2ƱIi2ƱIi2ƱIi2ƱIi2ƱIi2ƱIi2ƱIi2ƱIi2ƱIi2ƱIi2ƱIi2ƱIi2ƱIi2ƱIi2ƱIi2ƱIi2ƱIi2ƱIi2ƱIi2ƱIi2ƱIi2ƱIi2ƱIi2ƱIi2ƱIi2ƱIi2ƱIi2ƱIi2ƱIi2ƱIi2ƱIi2ƱIi2ƱIi2ƱIi2ƱIi2ƱIi2ƱIi2ƱIi2Ʊ)_{WOLL45Ew}l޼ydd$)T*]uUAvwwwЛh2`	vW\\Qm[ne`` F5Xںu*AuL&S*BoZɀ=W^yed}}}^IHn4Y\rX4HP[`\04&\0cU*FFFvܙ?344T(Bo ڡɀ)wwwϞ=&i2ccc7n\\je2`4R	g?w{:~ǖ-[\\3ys˦ɀYBa[őG^^lN~+wUf\n+\0mIdSմ_cs޶s||<MiW*jϐݹkW\Z{v\\cճeI&ri2Hj{eYe<u}lh3Rmdddgj~;N4Zooo5d+T_[}\0d^{4٩gsǎwmh2Hl6[}ۋU	|+߶+.\rM)U,ZdչڷYcll,M)544T7d|򓟪|󁁁;\n4W[Ο=R7n\0AAJU\\&{ǆQ q੃dT_zGڃR岦C(@{\\BJT#G\Zd?zGڃRd{dՃ\'Eh2H|>_ɦuת7sGTyooohRjݕlڶdwUw=h2HӋNY&۴iS\r\rQ 2޽bUߜ,V,C%@{d^rZ~**M7Um.\0mCAz껈_XՓd\n\0mCA\rVsoѣ۾}{h\'nƍsj%WUPg\0DAMNNvuuU[WWsll,nMDqBU_rEvcW\r!ɀY###ճey&9=v֭5d&&&Zf~?RWk˖-WS\0MR,wٱ\r6,~/X	MU//)͎dɀJ8z{{tX&r{qn`h2\04\0@x\0 <M\0&\0,H2\0\0\0\0IENDB`',0),('52502',1,'diagrams/noticeBill.bpmn','52501','<?xml version=\"1.0\" encoding=\"UTF-8\"?>\n<definitions xmlns=\"http://www.omg.org/spec/BPMN/20100524/MODEL\" xmlns:xsi=\"http://www.w3.org/2001/XMLSchema-instance\" xmlns:xsd=\"http://www.w3.org/2001/XMLSchema\" xmlns:activiti=\"http://activiti.org/bpmn\" xmlns:bpmndi=\"http://www.omg.org/spec/BPMN/20100524/DI\" xmlns:omgdc=\"http://www.omg.org/spec/DD/20100524/DC\" xmlns:omgdi=\"http://www.omg.org/spec/DD/20100524/DI\" typeLanguage=\"http://www.w3.org/2001/XMLSchema\" expressionLanguage=\"http://www.w3.org/1999/XPath\" targetNamespace=\"http://www.activiti.org/test\">\n  <process id=\"noticeBill\" name=\"noticeBillprocess\" isExecutable=\"true\">\n    <startEvent id=\"startevent1\" name=\"Start\"></startEvent>\n    <endEvent id=\"endevent1\" name=\"End\"></endEvent>\n    <userTask id=\"usertask1\" name=\"起草\" activiti:assignee=\"${inputUser}\"></userTask>\n    <userTask id=\"usertask2\" name=\"审核\">\n      <extensionElements>\n        <activiti:taskListener event=\"create\" class=\"util.NoticeUtil\"></activiti:taskListener>\n      </extensionElements>\n    </userTask>\n    <sequenceFlow id=\"flow1\" name=\"流程开始\" sourceRef=\"startevent1\" targetRef=\"usertask1\"></sequenceFlow>\n    <sequenceFlow id=\"flow4\" name=\"发布中\" sourceRef=\"usertask2\" targetRef=\"endevent1\">\n      <conditionExpression xsi:type=\"tFormalExpression\"><![CDATA[${outcome==\'发布中\'}]]></conditionExpression>\n    </sequenceFlow>\n    <sequenceFlow id=\"flow5\" name=\"撤出\" sourceRef=\"usertask2\" targetRef=\"usertask1\">\n      <conditionExpression xsi:type=\"tFormalExpression\"><![CDATA[${outcome==\'撤除\'}]]></conditionExpression>\n    </sequenceFlow>\n    <sequenceFlow id=\"flow6\" sourceRef=\"usertask1\" targetRef=\"usertask2\"></sequenceFlow>\n  </process>\n  <bpmndi:BPMNDiagram id=\"BPMNDiagram_noticeBill\">\n    <bpmndi:BPMNPlane bpmnElement=\"noticeBill\" id=\"BPMNPlane_noticeBill\">\n      <bpmndi:BPMNShape bpmnElement=\"startevent1\" id=\"BPMNShape_startevent1\">\n        <omgdc:Bounds height=\"35.0\" width=\"35.0\" x=\"340.0\" y=\"89.0\"></omgdc:Bounds>\n      </bpmndi:BPMNShape>\n      <bpmndi:BPMNShape bpmnElement=\"endevent1\" id=\"BPMNShape_endevent1\">\n        <omgdc:Bounds height=\"35.0\" width=\"35.0\" x=\"340.0\" y=\"360.0\"></omgdc:Bounds>\n      </bpmndi:BPMNShape>\n      <bpmndi:BPMNShape bpmnElement=\"usertask1\" id=\"BPMNShape_usertask1\">\n        <omgdc:Bounds height=\"55.0\" width=\"105.0\" x=\"305.0\" y=\"155.0\"></omgdc:Bounds>\n      </bpmndi:BPMNShape>\n      <bpmndi:BPMNShape bpmnElement=\"usertask2\" id=\"BPMNShape_usertask2\">\n        <omgdc:Bounds height=\"55.0\" width=\"131.0\" x=\"292.0\" y=\"236.0\"></omgdc:Bounds>\n      </bpmndi:BPMNShape>\n      <bpmndi:BPMNEdge bpmnElement=\"flow1\" id=\"BPMNEdge_flow1\">\n        <omgdi:waypoint x=\"357.0\" y=\"124.0\"></omgdi:waypoint>\n        <omgdi:waypoint x=\"357.0\" y=\"155.0\"></omgdi:waypoint>\n        <bpmndi:BPMNLabel>\n          <omgdc:Bounds height=\"14.0\" width=\"48.0\" x=\"357.0\" y=\"124.0\"></omgdc:Bounds>\n        </bpmndi:BPMNLabel>\n      </bpmndi:BPMNEdge>\n      <bpmndi:BPMNEdge bpmnElement=\"flow4\" id=\"BPMNEdge_flow4\">\n        <omgdi:waypoint x=\"357.0\" y=\"291.0\"></omgdi:waypoint>\n        <omgdi:waypoint x=\"357.0\" y=\"360.0\"></omgdi:waypoint>\n        <bpmndi:BPMNLabel>\n          <omgdc:Bounds height=\"14.0\" width=\"100.0\" x=\"357.0\" y=\"291.0\"></omgdc:Bounds>\n        </bpmndi:BPMNLabel>\n      </bpmndi:BPMNEdge>\n      <bpmndi:BPMNEdge bpmnElement=\"flow5\" id=\"BPMNEdge_flow5\">\n        <omgdi:waypoint x=\"423.0\" y=\"263.0\"></omgdi:waypoint>\n        <omgdi:waypoint x=\"606.0\" y=\"263.0\"></omgdi:waypoint>\n        <omgdi:waypoint x=\"606.0\" y=\"214.0\"></omgdi:waypoint>\n        <omgdi:waypoint x=\"606.0\" y=\"184.0\"></omgdi:waypoint>\n        <omgdi:waypoint x=\"410.0\" y=\"184.0\"></omgdi:waypoint>\n        <omgdi:waypoint x=\"410.0\" y=\"184.0\"></omgdi:waypoint>\n        <omgdi:waypoint x=\"410.0\" y=\"182.0\"></omgdi:waypoint>\n        <bpmndi:BPMNLabel>\n          <omgdc:Bounds height=\"14.0\" width=\"100.0\" x=\"423.0\" y=\"263.0\"></omgdc:Bounds>\n        </bpmndi:BPMNLabel>\n      </bpmndi:BPMNEdge>\n      <bpmndi:BPMNEdge bpmnElement=\"flow6\" id=\"BPMNEdge_flow6\">\n        <omgdi:waypoint x=\"357.0\" y=\"210.0\"></omgdi:waypoint>\n        <omgdi:waypoint x=\"357.0\" y=\"236.0\"></omgdi:waypoint>\n      </bpmndi:BPMNEdge>\n    </bpmndi:BPMNPlane>\n  </bpmndi:BPMNDiagram>\n</definitions>',0),('52503',1,'diagrams/noticeBill.png','52501','PNG\r\n\Z\n\0\0\0\rIHDR\0\01\0\0\0\0\0+y\0\0 IDATxl}q5}%4j#Z)k xVNZE6\rFij&ȴESYS7EM\na\rԃ!܆+!X~c߽y<:w>w9wD\0\0z\0\0d\0\0-@\0\0\0d\0\0i2\04\0@x\0 <M\0&\0O\0\0\0d\0\0i2\04\0@x\0 <M\0&\0O\0\0\0d\0\0i2\04\0@x\0 <M\0&\0O\0\0\0d\0\0i2\04\0@x\0 <M\0&\0O\0\0\0d\0\0i2\04\0@x\0 <M\0&\0O\0\0\0d\0\0i2\04\0@x\0 <M\0&\0O\0\0\0d\0\0i2\04\0@x\0 <M\0&\0O\0\0\0d\0\0i2\04\0@x\0 <M\0&\0O\0\0\0d\0\0i2\04\0@x\0 <M\0&\0O\0\0\0d\0\0i2\04\0@x\0 <M\0&\0O\0\0\0d\0\0i2\04\0@x\0 <M,T*ܹ3efxxX,@CS,nθۻއ=RxڸqPX4pCe805]?m\0M{8Ȓ5V;:iӦ۷J{\0Ю40+ΩeX|宻lP+\0mIAqSC\0GQʃ<feX.Mi{<e97˅-6 :ۻAVO~S{	s\0DAAv੃d^9~`$ FFFrܪYen3wmh2Hl6ܷ\"[֩л64TXjPUfÆ\rw=h2H|>&s׮;\n4&{x#l6M)ח䯌d^<zk3w=h2HF:}3M)}\rmx::,2\0X.!zzz;rD%TCߜ\0KAJo}wClcoذ!M)588x뭟ihͷm\'B(@{dRLMe˖;\n4WC_Rz/ڃ&jӗ_җozچ&*JLRvk\nл64[:I&M7{*sG_3h2HbaÆzOAѣwh2 ,nC\0G:~=,d\0Go+6m;N~rY5v/~K\'@C@dJɮ\'n7;~&.Л40WPرcGWWn)NOag7o\Z_g۶OLNNdɀJ|>~KşlxxX,L5BI}z\0,M$a\0h+,&Si/ys?QkHj$MU9S|/\0ZHLKԒMI\0fX〤m:]I9ggiP_=,bg.w\'\0Zu\rHj_dѥMV\0ku\rH	6KsP\'[]$5?<Uͦ9upddiJdklUdgibWOֿ&<KBjhy=*6 :5\'b?`-I!ƱIi2ƱIi2ƱIi2ƱIi2ƱIi2ƱIi2ƱIi2Ʊ)_{WOLL45Ew}ߋ###7\r`Md@=R骫\r믿X,45EKۮjr-7\n`d֭[W	[f2Rz\0\ZM,G+&J2Fd@\"7pCBoڤɀD\nBdA4h+,R4<<ߟf3wKx@.\Z\ZNڣɠ-=}/=zaj*{ػwmI\\fդɠE|>e˖c0uΉOer\nB;\n`uh2hEq~o\\:oÆ\r.UɠreڴC]\0@AݲƩI2w\ZJi2h-R)ɼr|rjI2rq\Z4|>?5}:(E*Uk?@dZr{WAv㖟GO/F/LE?:=s>:pzzG\'.DS(EFßyd:8XMȑTtޜ޸;:ލ7OEGފ&KыwLTٙ3\';;;Cu\0+ɠtuu~ęubt엦gf>;wtTTT|d9bZ]u:g߾BX/_Wg.uj&PnǟzfmS5hwV1h-6(p|uut>=綩\ZM;rWYs\'E^{+:puֽ_{5KɧιmF*U(͞\';Vɉ]7wߊ磳go9Mh2YŠm1=TR#β7_^^=5~Q^+E\'Gq9Mh2YŠM\'M<vpⱧ٣ď~xG>?y韌?~vyH\\rQ;|snd@Ak)7Id@Akm&ڝUZKN&ڝUZK^3M;r,w4bZMV0M;MɀtAk)7N\rN7G_zb&\0V*%n_\r8\r}CYP6obzf\0V*\\6ǃ̥uu_W:gϾwW^yŇ?/4^ٌwXŠ畀3j?S$Y?=?d@Ak)ͱS݀K{kWU]_m\\>ߎ/d%]%2L;w-wKh2h-qϜgڜ4g}zM[nM6v8OF]c+ЛoAk	d5_MU7xRc==˿Η+}z{{\'&&Boh2h1inI\'?O֌|;;۔}78\\ݰwСCq\r*e6nf&LGX|Xﾯ}[_xs6&]G+JCCC7TAk)Ak7`~@[^ٶw-βl6;>>zCH/rټdj*CmMNNqzCH)rmTI+&cUرcpp0VRV1h-y,w4bbb\'VRV1h-&{,w4eƍ^UFV1h-L/	*%nrGZFFFr\\ bZMd/)#rM&cLNNf2[A\ZYŠfXE\'pAk<w陙eQVÉ vZ2/fYxe9a?FDϙyQ6HZݻ\"x|k|>cdᰃR+<W:06	\'add$]ڡa-g3ѳ&|gBi) vrJR6gL)|XNcMdᰃV411{H2Mdq}#Za-j||<βݻ*6gdK==X4A8uJ|6/Xߒeˡ\"&MF;hucccwwF]]1βwkY&#\0#%4A8쀤<PupIy\"%@EJ8	a$偊pH)P\'*R¡N; )TC v@RH	:A8쀤<PupIy\"%@EJ8	a$偊pH)P\'*R¡N; )TC v@RH	:A8zǧBwww߫zbb\"Ah2pw}l޼ydd$Ah2pJ6ȮbzӠQ4A8%vmW\\qEn喁\ra,mݺu ۺuk&)J\ZHXڣ>zWT}}}^Iƚa$r\r7T,@i2p\n[` v@RH	:A8 R4<<ߟf32Ŀ円aC!{}^<zԔYĿwm۶ſBմMF;hblrc.͉OeB軝vaMYoo7ƅ9soذarr2Odᰃ {4sЦMΧmh2pA󌎎nrt4>ٵڃ&#4ITd2>g?r뽿\ZIh2pA\r\rG	ߡVg׮IB$d7nybT3}|B?Rl[ѿ?\n4k`:8@\rh2pA9ċ(:39q!:EwtoM3fsm@ǧOW&^^_և~tޜޘQГϖYx%		A8I]u:g߾BX/_Wgtj&PnǟzfmeZpU[&8t4EΟwwtt~O\\x%		A8I]fu*]<z*z֭[+~=׼.i\':8c-I8NaMRbuDofϓx+?tWoE7?ۚ,P(tww\nM/S8ޜ~y!z\'G7v>E)z<U\'\\h2499dBoidy&U͛OxcO?Gˏ|?/쮯}֛MƒFGGBoidy&)7O*ɛ?>Ge4<A	;%\nM2d_7aGQ_Pd2R)F\'hr0aGQ;Bo)ey&)7k&h2(JLP(RMRn_ɨ#\r\r\nMRn	;n߾=Vj\'hM\nɘT*yAFp\'hr]~vZHXd2XI\ZxՖ%ߺsn|㗵۽{w.klǎ^O<AxNͫj\"~Gl6\'HX0h2hdy]f}TsVwΓͿ0U/ZyWs9\\nM9yX3,$jY+Oֹ\\p^X;l\0MR</j-vHee&)\'O[yjp˕u`oEl1M;l@Vd+Od^zϴt{<Y904U./nbwvkwǂ5ɀP2$py]~z]XT<bOn.!YVIr]VD7ieHi2,+$dyф:\'4ed/S<sf9˲MZa濞=lؑe$~yބ-,4I~b&Z	d&h2eYIMcv4в,O$==3#p4в,O$L嗿?3sM,4I__3	} \0,LA޽{`/wI[Cw44dOϕDMn	} \0,LA융}&z43O}Ei2hR~t|ߢ)|X\0X&nbb$Ldq\n}#P&flMgdK== R40f?24CQtЬ=<[rl|94MgY; )M$ͽ\0\ZGIuD\0\rcm:@ɀlhd\0Y\nvX}-@jY\n[\\VH*k_ascINy? e5Ys``Tm-d\0uXjcNH%l2\'eZ0|id\0IX{r+/vakHjB6i22K!TZIri2Hɉ\'ƱIi2ƱIi2ƱIi2ƱIi2ƱIi2ƱIi2ƱIi2ƱIi2ƱIi2ƱIi2ƱIi2ƱIi2ƱIi2ƱIi2ƱIi2ƱIi2ƱIi2ƱIi2ƱIi2ƱIi2ƱIi2ƱIi2ƱIi2ƱIi2ƱIi2ƱIi2ƱIi2ƱIi2ƱIi2ƱIi2ƱIi2ƱIi2ƱIi2ƱIi2ƱIi2ƱIi2ƱIi2ƱIi2ƱIi2ƱIi2ƱIi2ƱIi2ƱIi2ƱIi2ƱIi2Ʊ)_{WOLL45Ew}l޼ydd$)T*]uUAvwwwЛh2`	vW\\Qm[ne`` F5Xںu*AuL&S*BoZɀ=W^yed}}}^IHn4Y\rX4HP[`\04&\0cU*FFFvܙ?344T(Bo ڡɀ)wwwϞ=&i2ccc7n\\je2`4R	g?w{:~ǖ-[\\3ys˦ɀYBa[őG^^lN~+wUf\n+\0mIdSմ_cs޶s||<MiW*jϐݹkW\Z{v\\cճeI&ri2Hj{eYe<u}lh3Rmdddgj~;N4Zooo5d+T_[}\0d^{4٩gsǎwmh2Hl6[}ۋU	|+߶+.\rM)U,ZdչڷYcll,M)544T7d|򓟪|󁁁;\n4W[Ο=R7n\0AAJU\\&{ǆQ q੃dT_zGڃR岦C(@{\\BJT#G\Zd?zGڃRd{dՃ\'Eh2H|>_ɦuת7sGTyooohRjݕlڶdwUw=h2HӋNY&۴iS\r\rQ 2޽bUߜ,V,C%@{d^rZ~**M7Um.\0mCAz껈_XՓd\n\0mCA\rVsoѣ۾}{h\'nƍsj%WUPg\0DAMNNvuuU[WWsll,nMDqBU_rEvcW\r!ɀY###ճey&9=v֭5d&&&Zf~?RWk˖-WS\0MR,wٱ\r6,~/X	MU//)͎dɀJ8z{{tX&r{qn`h2\04\0@x\0 <M\0&\0,H2\0\0\0\0IENDB`',0),('62502',1,'diagrams/noticeBill.bpmn','62501','<?xml version=\"1.0\" encoding=\"UTF-8\"?>\n<definitions xmlns=\"http://www.omg.org/spec/BPMN/20100524/MODEL\" xmlns:xsi=\"http://www.w3.org/2001/XMLSchema-instance\" xmlns:xsd=\"http://www.w3.org/2001/XMLSchema\" xmlns:activiti=\"http://activiti.org/bpmn\" xmlns:bpmndi=\"http://www.omg.org/spec/BPMN/20100524/DI\" xmlns:omgdc=\"http://www.omg.org/spec/DD/20100524/DC\" xmlns:omgdi=\"http://www.omg.org/spec/DD/20100524/DI\" typeLanguage=\"http://www.w3.org/2001/XMLSchema\" expressionLanguage=\"http://www.w3.org/1999/XPath\" targetNamespace=\"http://www.activiti.org/test\">\n  <process id=\"noticeBill\" name=\"noticeBillprocess\" isExecutable=\"true\">\n    <startEvent id=\"startevent1\" name=\"Start\"></startEvent>\n    <endEvent id=\"endevent1\" name=\"End\"></endEvent>\n    <userTask id=\"usertask1\" name=\"起草\" activiti:assignee=\"${inputUser}\"></userTask>\n    <userTask id=\"usertask2\" name=\"审核\">\n      <extensionElements>\n        <activiti:taskListener event=\"create\" class=\"util.NoticeUtil\"></activiti:taskListener>\n      </extensionElements>\n    </userTask>\n    <sequenceFlow id=\"flow1\" name=\"流程开始\" sourceRef=\"startevent1\" targetRef=\"usertask1\"></sequenceFlow>\n    <sequenceFlow id=\"flow4\" name=\"发布中\" sourceRef=\"usertask2\" targetRef=\"endevent1\">\n      <conditionExpression xsi:type=\"tFormalExpression\"><![CDATA[${outcome==\'发布中\'}]]></conditionExpression>\n    </sequenceFlow>\n    <sequenceFlow id=\"flow5\" name=\"撤出\" sourceRef=\"usertask2\" targetRef=\"usertask1\">\n      <conditionExpression xsi:type=\"tFormalExpression\"><![CDATA[${outcome==\'撤除\'}]]></conditionExpression>\n    </sequenceFlow>\n    <sequenceFlow id=\"flow6\" sourceRef=\"usertask1\" targetRef=\"usertask2\"></sequenceFlow>\n  </process>\n  <bpmndi:BPMNDiagram id=\"BPMNDiagram_noticeBill\">\n    <bpmndi:BPMNPlane bpmnElement=\"noticeBill\" id=\"BPMNPlane_noticeBill\">\n      <bpmndi:BPMNShape bpmnElement=\"startevent1\" id=\"BPMNShape_startevent1\">\n        <omgdc:Bounds height=\"35.0\" width=\"35.0\" x=\"340.0\" y=\"89.0\"></omgdc:Bounds>\n      </bpmndi:BPMNShape>\n      <bpmndi:BPMNShape bpmnElement=\"endevent1\" id=\"BPMNShape_endevent1\">\n        <omgdc:Bounds height=\"35.0\" width=\"35.0\" x=\"340.0\" y=\"360.0\"></omgdc:Bounds>\n      </bpmndi:BPMNShape>\n      <bpmndi:BPMNShape bpmnElement=\"usertask1\" id=\"BPMNShape_usertask1\">\n        <omgdc:Bounds height=\"55.0\" width=\"105.0\" x=\"305.0\" y=\"155.0\"></omgdc:Bounds>\n      </bpmndi:BPMNShape>\n      <bpmndi:BPMNShape bpmnElement=\"usertask2\" id=\"BPMNShape_usertask2\">\n        <omgdc:Bounds height=\"55.0\" width=\"131.0\" x=\"292.0\" y=\"236.0\"></omgdc:Bounds>\n      </bpmndi:BPMNShape>\n      <bpmndi:BPMNEdge bpmnElement=\"flow1\" id=\"BPMNEdge_flow1\">\n        <omgdi:waypoint x=\"357.0\" y=\"124.0\"></omgdi:waypoint>\n        <omgdi:waypoint x=\"357.0\" y=\"155.0\"></omgdi:waypoint>\n        <bpmndi:BPMNLabel>\n          <omgdc:Bounds height=\"14.0\" width=\"48.0\" x=\"357.0\" y=\"124.0\"></omgdc:Bounds>\n        </bpmndi:BPMNLabel>\n      </bpmndi:BPMNEdge>\n      <bpmndi:BPMNEdge bpmnElement=\"flow4\" id=\"BPMNEdge_flow4\">\n        <omgdi:waypoint x=\"357.0\" y=\"291.0\"></omgdi:waypoint>\n        <omgdi:waypoint x=\"357.0\" y=\"360.0\"></omgdi:waypoint>\n        <bpmndi:BPMNLabel>\n          <omgdc:Bounds height=\"14.0\" width=\"100.0\" x=\"357.0\" y=\"291.0\"></omgdc:Bounds>\n        </bpmndi:BPMNLabel>\n      </bpmndi:BPMNEdge>\n      <bpmndi:BPMNEdge bpmnElement=\"flow5\" id=\"BPMNEdge_flow5\">\n        <omgdi:waypoint x=\"423.0\" y=\"263.0\"></omgdi:waypoint>\n        <omgdi:waypoint x=\"606.0\" y=\"263.0\"></omgdi:waypoint>\n        <omgdi:waypoint x=\"606.0\" y=\"214.0\"></omgdi:waypoint>\n        <omgdi:waypoint x=\"606.0\" y=\"184.0\"></omgdi:waypoint>\n        <omgdi:waypoint x=\"410.0\" y=\"184.0\"></omgdi:waypoint>\n        <omgdi:waypoint x=\"410.0\" y=\"184.0\"></omgdi:waypoint>\n        <omgdi:waypoint x=\"410.0\" y=\"182.0\"></omgdi:waypoint>\n        <bpmndi:BPMNLabel>\n          <omgdc:Bounds height=\"14.0\" width=\"100.0\" x=\"423.0\" y=\"263.0\"></omgdc:Bounds>\n        </bpmndi:BPMNLabel>\n      </bpmndi:BPMNEdge>\n      <bpmndi:BPMNEdge bpmnElement=\"flow6\" id=\"BPMNEdge_flow6\">\n        <omgdi:waypoint x=\"357.0\" y=\"210.0\"></omgdi:waypoint>\n        <omgdi:waypoint x=\"357.0\" y=\"236.0\"></omgdi:waypoint>\n      </bpmndi:BPMNEdge>\n    </bpmndi:BPMNPlane>\n  </bpmndi:BPMNDiagram>\n</definitions>',0),('62503',1,'diagrams/noticeBill.png','62501','PNG\r\n\Z\n\0\0\0\rIHDR\0\01\0\0\0\0\0+y\0\0 IDATxl}q5}%4j#Z)k xVNZE6\rFij&ȴESYS7EM\na\rԃ!܆+!X~c߽y<:w>w9wD\0\0z\0\0d\0\0-@\0\0\0d\0\0i2\04\0@x\0 <M\0&\0O\0\0\0d\0\0i2\04\0@x\0 <M\0&\0O\0\0\0d\0\0i2\04\0@x\0 <M\0&\0O\0\0\0d\0\0i2\04\0@x\0 <M\0&\0O\0\0\0d\0\0i2\04\0@x\0 <M\0&\0O\0\0\0d\0\0i2\04\0@x\0 <M\0&\0O\0\0\0d\0\0i2\04\0@x\0 <M\0&\0O\0\0\0d\0\0i2\04\0@x\0 <M\0&\0O\0\0\0d\0\0i2\04\0@x\0 <M\0&\0O\0\0\0d\0\0i2\04\0@x\0 <M\0&\0O\0\0\0d\0\0i2\04\0@x\0 <M,T*ܹ3efxxX,@CS,nθۻއ=RxڸqPX4pCe805]?m\0M{8Ȓ5V;:iӦ۷J{\0Ю40+ΩeX|宻lP+\0mIAqSC\0GQʃ<feX.Mi{<e97˅-6 :ۻAVO~S{	s\0DAAv੃d^9~`$ FFFrܪYen3wmh2Hl6ܷ\"[֩л64TXjPUfÆ\rw=h2H|>&s׮;\n4&{x#l6M)ח䯌d^<zk3w=h2HF:}3M)}\rmx::,2\0X.!zzz;rD%TCߜ\0KAJo}wClcoذ!M)588x뭟ihͷm\'B(@{dRLMe˖;\n4WC_Rz/ڃ&jӗ_җozچ&*JLRvk\nл64[:I&M7{*sG_3h2HbaÆzOAѣwh2 ,nC\0G:~=,d\0Go+6m;N~rY5v/~K\'@C@dJɮ\'n7;~&.Л40WPرcGWWn)NOag7o\Z_g۶OLNNdɀJ|>~KşlxxX,L5BI}z\0,M$a\0h+,&Si/ys?QkHj$MU9S|/\0ZHLKԒMI\0fX〤m:]I9ggiP_=,bg.w\'\0Zu\rHj_dѥMV\0ku\rH	6KsP\'[]$5?<Uͦ9upddiJdklUdgibWOֿ&<KBjhy=*6 :5\'b?`-I!ƱIi2ƱIi2ƱIi2ƱIi2ƱIi2ƱIi2ƱIi2Ʊ)_{WOLL45Ew}ߋ###7\r`Md@=R骫\r믿X,45EKۮjr-7\n`d֭[W	[f2Rz\0\ZM,G+&J2Fd@\"7pCBoڤɀD\nBdA4h+,R4<<ߟf3wKx@.\Z\ZNڣɠ-=}/=zaj*{ػwmI\\fդɠE|>e˖c0uΉOer\nB;\n`uh2hEq~o\\:oÆ\r.UɠreڴC]\0@AݲƩI2w\ZJi2h-R)ɼr|rjI2rq\Z4|>?5}:(E*Uk?@dZr{WAv㖟GO/F/LE?:=s>:pzzG\'.DS(EFßyd:8XMȑTtޜ޸;:ލ7OEGފ&KыwLTٙ3\';;;Cu\0+ɠtuu~ęubt엦gf>;wtTTT|d9bZ]u:g߾BX/_Wg.uj&PnǟzfmS5hwV1h-6(p|uut>=綩\ZM;rWYs\'E^{+:puֽ_{5KɧιmF*U(͞\';Vɉ]7wߊ磳go9Mh2YŠm1=TR#β7_^^=5~Q^+E\'Gq9Mh2YŠM\'M<vpⱧ٣ď~xG>?y韌?~vyH\\rQ;|snd@Ak)7Id@Akm&ڝUZKN&ڝUZK^3M;r,w4bZMV0M;MɀtAk)7N\rN7G_zb&\0V*%n_\r8\r}CYP6obzf\0V*\\6ǃ̥uu_W:gϾwW^yŇ?/4^ٌwXŠ畀3j?S$Y?=?d@Ak)ͱS݀K{kWU]_m\\>ߎ/d%]%2L;w-wKh2h-qϜgڜ4g}zM[nM6v8OF]c+ЛoAk	d5_MU7xRc==˿Η+}z{{\'&&Boh2h1inI\'?O֌|;;۔}78\\ݰwСCq\r*e6nf&LGX|Xﾯ}[_xs6&]G+JCCC7TAk)Ak7`~@[^ٶw-βl6;>>zCH/rټdj*CmMNNqzCH)rmTI+&cUرcpp0VRV1h-y,w4bbb\'VRV1h-&{,w4eƍ^UFV1h-L/	*%nrGZFFFr\\ bZMd/)#rM&cLNNf2[A\ZYŠfXE\'pAk<w陙eQVÉ vZ2/fYxe9a?FDϙyQ6HZݻ\"x|k|>cdᰃR+<W:06	\'add$]ڡa-g3ѳ&|gBi) vrJR6gL)|XNcMdᰃV411{H2Mdq}#Za-j||<βݻ*6gdK==X4A8uJ|6/Xߒeˡ\"&MF;hucccwwF]]1βwkY&#\0#%4A8쀤<PupIy\"%@EJ8	a$偊pH)P\'*R¡N; )TC v@RH	:A8쀤<PupIy\"%@EJ8	a$偊pH)P\'*R¡N; )TC v@RH	:A8zǧBwww߫zbb\"Ah2pw}l޼ydd$Ah2pJ6ȮbzӠQ4A8%vmW\\qEn喁\ra,mݺu ۺuk&)J\ZHXڣ>zWT}}}^Iƚa$r\r7T,@i2p\n[` v@RH	:A8 R4<<ߟf32Ŀ円aC!{}^<zԔYĿwm۶ſBմMF;hblrc.͉OeB軝vaMYoo7ƅ9soذarr2Odᰃ {4sЦMΧmh2pA󌎎nrt4>ٵڃ&#4ITd2>g?r뽿\ZIh2pA\r\rG	ߡVg׮IB$d7nybT3}|B?Rl[ѿ?\n4k`:8@\rh2pA9ċ(:39q!:EwtoM3fsm@ǧOW&^^_և~tޜޘQГϖYx%		A8I]u:g߾BX/_Wgtj&PnǟzfmeZpU[&8t4EΟwwtt~O\\x%		A8I]fu*]<z*z֭[+~=׼.i\':8c-I8NaMRbuDofϓx+?tWoE7?ۚ,P(tww\nM/S8ޜ~y!z\'G7v>E)z<U\'\\h2499dBoidy&U͛OxcO?Gˏ|?/쮯}֛MƒFGGBoidy&)7O*ɛ?>Ge4<A	;%\nM2d_7aGQ_Pd2R)F\'hr0aGQ;Bo)ey&)7k&h2(JLP(RMRn_ɨ#\r\r\nMRn	;n߾=Vj\'hM\nɘT*yAFp\'hr]~vZHXd2XI\ZxՖ%ߺsn|㗵۽{w.klǎ^O<AxNͫj\"~Gl6\'HX0h2hdy]f}TsVwΓͿ0U/ZyWs9\\nM9yX3,$jY+Oֹ\\p^X;l\0MR</j-vHee&)\'O[yjp˕u`oEl1M;l@Vd+Od^zϴt{<Y904U./nbwvkwǂ5ɀP2$py]~z]XT<bOn.!YVIr]VD7ieHi2,+$dyф:\'4ed/S<sf9˲MZa濞=lؑe$~yބ-,4I~b&Z	d&h2eYIMcv4в,O$==3#p4в,O$L嗿?3sM,4I__3	} \0,LA޽{`/wI[Cw44dOϕDMn	} \0,LA융}&z43O}Ei2hR~t|ߢ)|X\0X&nbb$Ldq\n}#P&flMgdK== R40f?24CQtЬ=<[rl|94MgY; )M$ͽ\0\ZGIuD\0\rcm:@ɀlhd\0Y\nvX}-@jY\n[\\VH*k_ascINy? e5Ys``Tm-d\0uXjcNH%l2\'eZ0|id\0IX{r+/vakHjB6i22K!TZIri2Hɉ\'ƱIi2ƱIi2ƱIi2ƱIi2ƱIi2ƱIi2ƱIi2ƱIi2ƱIi2ƱIi2ƱIi2ƱIi2ƱIi2ƱIi2ƱIi2ƱIi2ƱIi2ƱIi2ƱIi2ƱIi2ƱIi2ƱIi2ƱIi2ƱIi2ƱIi2ƱIi2ƱIi2ƱIi2ƱIi2ƱIi2ƱIi2ƱIi2ƱIi2ƱIi2ƱIi2ƱIi2ƱIi2ƱIi2ƱIi2ƱIi2ƱIi2ƱIi2ƱIi2ƱIi2ƱIi2Ʊ)_{WOLL45Ew}l޼ydd$)T*]uUAvwwwЛh2`	vW\\Qm[ne`` F5Xںu*AuL&S*BoZɀ=W^yed}}}^IHn4Y\rX4HP[`\04&\0cU*FFFvܙ?344T(Bo ڡɀ)wwwϞ=&i2ccc7n\\je2`4R	g?w{:~ǖ-[\\3ys˦ɀYBa[őG^^lN~+wUf\n+\0mIdSմ_cs޶s||<MiW*jϐݹkW\Z{v\\cճeI&ri2Hj{eYe<u}lh3Rmdddgj~;N4Zooo5d+T_[}\0d^{4٩gsǎwmh2Hl6[}ۋU	|+߶+.\rM)U,ZdչڷYcll,M)544T7d|򓟪|󁁁;\n4W[Ο=R7n\0AAJU\\&{ǆQ q੃dT_zGڃR岦C(@{\\BJT#G\Zd?zGڃRd{dՃ\'Eh2H|>_ɦuת7sGTyooohRjݕlڶdwUw=h2HӋNY&۴iS\r\rQ 2޽bUߜ,V,C%@{d^rZ~**M7Um.\0mCAz껈_XՓd\n\0mCA\rVsoѣ۾}{h\'nƍsj%WUPg\0DAMNNvuuU[WWsll,nMDqBU_rEvcW\r!ɀY###ճey&9=v֭5d&&&Zf~?RWk˖-WS\0MR,wٱ\r6,~/X	MU//)͎dɀJ8z{{tX&r{qn`h2\04\0@x\0 <M\0&\0,H2\0\0\0\0IENDB`',0),('72502',1,'diagrams/noticeBill.bpmn','72501','<?xml version=\"1.0\" encoding=\"UTF-8\"?>\n<definitions xmlns=\"http://www.omg.org/spec/BPMN/20100524/MODEL\" xmlns:xsi=\"http://www.w3.org/2001/XMLSchema-instance\" xmlns:xsd=\"http://www.w3.org/2001/XMLSchema\" xmlns:activiti=\"http://activiti.org/bpmn\" xmlns:bpmndi=\"http://www.omg.org/spec/BPMN/20100524/DI\" xmlns:omgdc=\"http://www.omg.org/spec/DD/20100524/DC\" xmlns:omgdi=\"http://www.omg.org/spec/DD/20100524/DI\" typeLanguage=\"http://www.w3.org/2001/XMLSchema\" expressionLanguage=\"http://www.w3.org/1999/XPath\" targetNamespace=\"http://www.activiti.org/test\">\n  <process id=\"noticeBill\" name=\"noticeBillprocess\" isExecutable=\"true\">\n    <startEvent id=\"startevent1\" name=\"Start\"></startEvent>\n    <endEvent id=\"endevent1\" name=\"End\"></endEvent>\n    <userTask id=\"usertask1\" name=\"起草\" activiti:assignee=\"${inputUser}\"></userTask>\n    <userTask id=\"usertask2\" name=\"审核\">\n      <extensionElements>\n        <activiti:taskListener event=\"create\" class=\"util.NoticeUtil\"></activiti:taskListener>\n      </extensionElements>\n    </userTask>\n    <sequenceFlow id=\"flow1\" name=\"流程开始\" sourceRef=\"startevent1\" targetRef=\"usertask1\"></sequenceFlow>\n    <sequenceFlow id=\"flow4\" name=\"发布中\" sourceRef=\"usertask2\" targetRef=\"endevent1\">\n      <conditionExpression xsi:type=\"tFormalExpression\"><![CDATA[${outcome==\'发布中\'}]]></conditionExpression>\n    </sequenceFlow>\n    <sequenceFlow id=\"flow5\" name=\"撤出\" sourceRef=\"usertask2\" targetRef=\"usertask1\">\n      <conditionExpression xsi:type=\"tFormalExpression\"><![CDATA[${outcome==\'撤除\'}]]></conditionExpression>\n    </sequenceFlow>\n    <sequenceFlow id=\"flow6\" sourceRef=\"usertask1\" targetRef=\"usertask2\"></sequenceFlow>\n  </process>\n  <bpmndi:BPMNDiagram id=\"BPMNDiagram_noticeBill\">\n    <bpmndi:BPMNPlane bpmnElement=\"noticeBill\" id=\"BPMNPlane_noticeBill\">\n      <bpmndi:BPMNShape bpmnElement=\"startevent1\" id=\"BPMNShape_startevent1\">\n        <omgdc:Bounds height=\"35.0\" width=\"35.0\" x=\"340.0\" y=\"89.0\"></omgdc:Bounds>\n      </bpmndi:BPMNShape>\n      <bpmndi:BPMNShape bpmnElement=\"endevent1\" id=\"BPMNShape_endevent1\">\n        <omgdc:Bounds height=\"35.0\" width=\"35.0\" x=\"340.0\" y=\"360.0\"></omgdc:Bounds>\n      </bpmndi:BPMNShape>\n      <bpmndi:BPMNShape bpmnElement=\"usertask1\" id=\"BPMNShape_usertask1\">\n        <omgdc:Bounds height=\"55.0\" width=\"105.0\" x=\"305.0\" y=\"155.0\"></omgdc:Bounds>\n      </bpmndi:BPMNShape>\n      <bpmndi:BPMNShape bpmnElement=\"usertask2\" id=\"BPMNShape_usertask2\">\n        <omgdc:Bounds height=\"55.0\" width=\"131.0\" x=\"292.0\" y=\"236.0\"></omgdc:Bounds>\n      </bpmndi:BPMNShape>\n      <bpmndi:BPMNEdge bpmnElement=\"flow1\" id=\"BPMNEdge_flow1\">\n        <omgdi:waypoint x=\"357.0\" y=\"124.0\"></omgdi:waypoint>\n        <omgdi:waypoint x=\"357.0\" y=\"155.0\"></omgdi:waypoint>\n        <bpmndi:BPMNLabel>\n          <omgdc:Bounds height=\"14.0\" width=\"48.0\" x=\"357.0\" y=\"124.0\"></omgdc:Bounds>\n        </bpmndi:BPMNLabel>\n      </bpmndi:BPMNEdge>\n      <bpmndi:BPMNEdge bpmnElement=\"flow4\" id=\"BPMNEdge_flow4\">\n        <omgdi:waypoint x=\"357.0\" y=\"291.0\"></omgdi:waypoint>\n        <omgdi:waypoint x=\"357.0\" y=\"360.0\"></omgdi:waypoint>\n        <bpmndi:BPMNLabel>\n          <omgdc:Bounds height=\"14.0\" width=\"100.0\" x=\"357.0\" y=\"291.0\"></omgdc:Bounds>\n        </bpmndi:BPMNLabel>\n      </bpmndi:BPMNEdge>\n      <bpmndi:BPMNEdge bpmnElement=\"flow5\" id=\"BPMNEdge_flow5\">\n        <omgdi:waypoint x=\"423.0\" y=\"263.0\"></omgdi:waypoint>\n        <omgdi:waypoint x=\"606.0\" y=\"263.0\"></omgdi:waypoint>\n        <omgdi:waypoint x=\"606.0\" y=\"214.0\"></omgdi:waypoint>\n        <omgdi:waypoint x=\"606.0\" y=\"184.0\"></omgdi:waypoint>\n        <omgdi:waypoint x=\"410.0\" y=\"184.0\"></omgdi:waypoint>\n        <omgdi:waypoint x=\"410.0\" y=\"184.0\"></omgdi:waypoint>\n        <omgdi:waypoint x=\"410.0\" y=\"182.0\"></omgdi:waypoint>\n        <bpmndi:BPMNLabel>\n          <omgdc:Bounds height=\"14.0\" width=\"100.0\" x=\"423.0\" y=\"263.0\"></omgdc:Bounds>\n        </bpmndi:BPMNLabel>\n      </bpmndi:BPMNEdge>\n      <bpmndi:BPMNEdge bpmnElement=\"flow6\" id=\"BPMNEdge_flow6\">\n        <omgdi:waypoint x=\"357.0\" y=\"210.0\"></omgdi:waypoint>\n        <omgdi:waypoint x=\"357.0\" y=\"236.0\"></omgdi:waypoint>\n      </bpmndi:BPMNEdge>\n    </bpmndi:BPMNPlane>\n  </bpmndi:BPMNDiagram>\n</definitions>',0),('72503',1,'diagrams/noticeBill.png','72501','PNG\r\n\Z\n\0\0\0\rIHDR\0\01\0\0\0\0\0+y\0\0 IDATxl}q5}%4j#Z)k xVNZE6\rFij&ȴESYS7EM\na\rԃ!܆+!X~c߽y<:w>w9wD\0\0z\0\0d\0\0-@\0\0\0d\0\0i2\04\0@x\0 <M\0&\0O\0\0\0d\0\0i2\04\0@x\0 <M\0&\0O\0\0\0d\0\0i2\04\0@x\0 <M\0&\0O\0\0\0d\0\0i2\04\0@x\0 <M\0&\0O\0\0\0d\0\0i2\04\0@x\0 <M\0&\0O\0\0\0d\0\0i2\04\0@x\0 <M\0&\0O\0\0\0d\0\0i2\04\0@x\0 <M\0&\0O\0\0\0d\0\0i2\04\0@x\0 <M\0&\0O\0\0\0d\0\0i2\04\0@x\0 <M\0&\0O\0\0\0d\0\0i2\04\0@x\0 <M\0&\0O\0\0\0d\0\0i2\04\0@x\0 <M,T*ܹ3efxxX,@CS,nθۻއ=RxڸqPX4pCe805]?m\0M{8Ȓ5V;:iӦ۷J{\0Ю40+ΩeX|宻lP+\0mIAqSC\0GQʃ<feX.Mi{<e97˅-6 :ۻAVO~S{	s\0DAAv੃d^9~`$ FFFrܪYen3wmh2Hl6ܷ\"[֩л64TXjPUfÆ\rw=h2H|>&s׮;\n4&{x#l6M)ח䯌d^<zk3w=h2HF:}3M)}\rmx::,2\0X.!zzz;rD%TCߜ\0KAJo}wClcoذ!M)588x뭟ihͷm\'B(@{dRLMe˖;\n4WC_Rz/ڃ&jӗ_җozچ&*JLRvk\nл64[:I&M7{*sG_3h2HbaÆzOAѣwh2 ,nC\0G:~=,d\0Go+6m;N~rY5v/~K\'@C@dJɮ\'n7;~&.Л40WPرcGWWn)NOag7o\Z_g۶OLNNdɀJ|>~KşlxxX,L5BI}z\0,M$a\0h+,&Si/ys?QkHj$MU9S|/\0ZHLKԒMI\0fX〤m:]I9ggiP_=,bg.w\'\0Zu\rHj_dѥMV\0ku\rH	6KsP\'[]$5?<Uͦ9upddiJdklUdgibWOֿ&<KBjhy=*6 :5\'b?`-I!ƱIi2ƱIi2ƱIi2ƱIi2ƱIi2ƱIi2ƱIi2Ʊ)_{WOLL45Ew}ߋ###7\r`Md@=R骫\r믿X,45EKۮjr-7\n`d֭[W	[f2Rz\0\ZM,G+&J2Fd@\"7pCBoڤɀD\nBdA4h+,R4<<ߟf3wKx@.\Z\ZNڣɠ-=}/=zaj*{ػwmI\\fդɠE|>e˖c0uΉOer\nB;\n`uh2hEq~o\\:oÆ\r.UɠreڴC]\0@AݲƩI2w\ZJi2h-R)ɼr|rjI2rq\Z4|>?5}:(E*Uk?@dZr{WAv㖟GO/F/LE?:=s>:pzzG\'.DS(EFßyd:8XMȑTtޜ޸;:ލ7OEGފ&KыwLTٙ3\';;;Cu\0+ɠtuu~ęubt엦gf>;wtTTT|d9bZ]u:g߾BX/_Wg.uj&PnǟzfmS5hwV1h-6(p|uut>=綩\ZM;rWYs\'E^{+:puֽ_{5KɧιmF*U(͞\';Vɉ]7wߊ磳go9Mh2YŠm1=TR#β7_^^=5~Q^+E\'Gq9Mh2YŠM\'M<vpⱧ٣ď~xG>?y韌?~vyH\\rQ;|snd@Ak)7Id@Akm&ڝUZKN&ڝUZK^3M;r,w4bZMV0M;MɀtAk)7N\rN7G_zb&\0V*%n_\r8\r}CYP6obzf\0V*\\6ǃ̥uu_W:gϾwW^yŇ?/4^ٌwXŠ畀3j?S$Y?=?d@Ak)ͱS݀K{kWU]_m\\>ߎ/d%]%2L;w-wKh2h-qϜgڜ4g}zM[nM6v8OF]c+ЛoAk	d5_MU7xRc==˿Η+}z{{\'&&Boh2h1inI\'?O֌|;;۔}78\\ݰwСCq\r*e6nf&LGX|Xﾯ}[_xs6&]G+JCCC7TAk)Ak7`~@[^ٶw-βl6;>>zCH/rټdj*CmMNNqzCH)rmTI+&cUرcpp0VRV1h-y,w4bbb\'VRV1h-&{,w4eƍ^UFV1h-L/	*%nrGZFFFr\\ bZMd/)#rM&cLNNf2[A\ZYŠfXE\'pAk<w陙eQVÉ vZ2/fYxe9a?FDϙyQ6HZݻ\"x|k|>cdᰃR+<W:06	\'add$]ڡa-g3ѳ&|gBi) vrJR6gL)|XNcMdᰃV411{H2Mdq}#Za-j||<βݻ*6gdK==X4A8uJ|6/Xߒeˡ\"&MF;hucccwwF]]1βwkY&#\0#%4A8쀤<PupIy\"%@EJ8	a$偊pH)P\'*R¡N; )TC v@RH	:A8쀤<PupIy\"%@EJ8	a$偊pH)P\'*R¡N; )TC v@RH	:A8zǧBwww߫zbb\"Ah2pw}l޼ydd$Ah2pJ6ȮbzӠQ4A8%vmW\\qEn喁\ra,mݺu ۺuk&)J\ZHXڣ>zWT}}}^Iƚa$r\r7T,@i2p\n[` v@RH	:A8 R4<<ߟf32Ŀ円aC!{}^<zԔYĿwm۶ſBմMF;hblrc.͉OeB軝vaMYoo7ƅ9soذarr2Odᰃ {4sЦMΧmh2pA󌎎nrt4>ٵڃ&#4ITd2>g?r뽿\ZIh2pA\r\rG	ߡVg׮IB$d7nybT3}|B?Rl[ѿ?\n4k`:8@\rh2pA9ċ(:39q!:EwtoM3fsm@ǧOW&^^_և~tޜޘQГϖYx%		A8I]u:g߾BX/_Wgtj&PnǟzfmeZpU[&8t4EΟwwtt~O\\x%		A8I]fu*]<z*z֭[+~=׼.i\':8c-I8NaMRbuDofϓx+?tWoE7?ۚ,P(tww\nM/S8ޜ~y!z\'G7v>E)z<U\'\\h2499dBoidy&U͛OxcO?Gˏ|?/쮯}֛MƒFGGBoidy&)7O*ɛ?>Ge4<A	;%\nM2d_7aGQ_Pd2R)F\'hr0aGQ;Bo)ey&)7k&h2(JLP(RMRn_ɨ#\r\r\nMRn	;n߾=Vj\'hM\nɘT*yAFp\'hr]~vZHXd2XI\ZxՖ%ߺsn|㗵۽{w.klǎ^O<AxNͫj\"~Gl6\'HX0h2hdy]f}TsVwΓͿ0U/ZyWs9\\nM9yX3,$jY+Oֹ\\p^X;l\0MR</j-vHee&)\'O[yjp˕u`oEl1M;l@Vd+Od^zϴt{<Y904U./nbwvkwǂ5ɀP2$py]~z]XT<bOn.!YVIr]VD7ieHi2,+$dyф:\'4ed/S<sf9˲MZa濞=lؑe$~yބ-,4I~b&Z	d&h2eYIMcv4в,O$==3#p4в,O$L嗿?3sM,4I__3	} \0,LA޽{`/wI[Cw44dOϕDMn	} \0,LA융}&z43O}Ei2hR~t|ߢ)|X\0X&nbb$Ldq\n}#P&flMgdK== R40f?24CQtЬ=<[rl|94MgY; )M$ͽ\0\ZGIuD\0\rcm:@ɀlhd\0Y\nvX}-@jY\n[\\VH*k_ascINy? e5Ys``Tm-d\0uXjcNH%l2\'eZ0|id\0IX{r+/vakHjB6i22K!TZIri2Hɉ\'ƱIi2ƱIi2ƱIi2ƱIi2ƱIi2ƱIi2ƱIi2ƱIi2ƱIi2ƱIi2ƱIi2ƱIi2ƱIi2ƱIi2ƱIi2ƱIi2ƱIi2ƱIi2ƱIi2ƱIi2ƱIi2ƱIi2ƱIi2ƱIi2ƱIi2ƱIi2ƱIi2ƱIi2ƱIi2ƱIi2ƱIi2ƱIi2ƱIi2ƱIi2ƱIi2ƱIi2ƱIi2ƱIi2ƱIi2ƱIi2ƱIi2ƱIi2ƱIi2ƱIi2ƱIi2Ʊ)_{WOLL45Ew}l޼ydd$)T*]uUAvwwwЛh2`	vW\\Qm[ne`` F5Xںu*AuL&S*BoZɀ=W^yed}}}^IHn4Y\rX4HP[`\04&\0cU*FFFvܙ?344T(Bo ڡɀ)wwwϞ=&i2ccc7n\\je2`4R	g?w{:~ǖ-[\\3ys˦ɀYBa[őG^^lN~+wUf\n+\0mIdSմ_cs޶s||<MiW*jϐݹkW\Z{v\\cճeI&ri2Hj{eYe<u}lh3Rmdddgj~;N4Zooo5d+T_[}\0d^{4٩gsǎwmh2Hl6[}ۋU	|+߶+.\rM)U,ZdչڷYcll,M)544T7d|򓟪|󁁁;\n4W[Ο=R7n\0AAJU\\&{ǆQ q੃dT_zGڃR岦C(@{\\BJT#G\Zd?zGڃRd{dՃ\'Eh2H|>_ɦuת7sGTyooohRjݕlڶdwUw=h2HӋNY&۴iS\r\rQ 2޽bUߜ,V,C%@{d^rZ~**M7Um.\0mCAz껈_XՓd\n\0mCA\rVsoѣ۾}{h\'nƍsj%WUPg\0DAMNNvuuU[WWsll,nMDqBU_rEvcW\r!ɀY###ճey&9=v֭5d&&&Zf~?RWk˖-WS\0MR,wٱ\r6,~/X	MU//)͎dɀJ8z{{tX&r{qn`h2\04\0@x\0 <M\0&\0,H2\0\0\0\0IENDB`',0),('7502',1,'diagrams/noticeBill.bpmn','7501','<?xml version=\"1.0\" encoding=\"UTF-8\"?>\n<definitions xmlns=\"http://www.omg.org/spec/BPMN/20100524/MODEL\" xmlns:xsi=\"http://www.w3.org/2001/XMLSchema-instance\" xmlns:xsd=\"http://www.w3.org/2001/XMLSchema\" xmlns:activiti=\"http://activiti.org/bpmn\" xmlns:bpmndi=\"http://www.omg.org/spec/BPMN/20100524/DI\" xmlns:omgdc=\"http://www.omg.org/spec/DD/20100524/DC\" xmlns:omgdi=\"http://www.omg.org/spec/DD/20100524/DI\" typeLanguage=\"http://www.w3.org/2001/XMLSchema\" expressionLanguage=\"http://www.w3.org/1999/XPath\" targetNamespace=\"http://www.activiti.org/test\">\n  <process id=\"noticeBill\" name=\"noticeBillprocess\" isExecutable=\"true\">\n    <startEvent id=\"startevent1\" name=\"Start\"></startEvent>\n    <endEvent id=\"endevent1\" name=\"End\"></endEvent>\n    <userTask id=\"usertask1\" name=\"起草\" activiti:assignee=\"${inputUser}\"></userTask>\n    <userTask id=\"usertask2\" name=\"审核\">\n      <extensionElements>\n        <activiti:taskListener event=\"create\" class=\"util.NoticeUtil\"></activiti:taskListener>\n      </extensionElements>\n    </userTask>\n    <sequenceFlow id=\"flow1\" name=\"流程开始\" sourceRef=\"startevent1\" targetRef=\"usertask1\"></sequenceFlow>\n    <sequenceFlow id=\"flow4\" name=\"发布中\" sourceRef=\"usertask2\" targetRef=\"endevent1\">\n      <conditionExpression xsi:type=\"tFormalExpression\"><![CDATA[${outcome==\'发布中\'}]]></conditionExpression>\n    </sequenceFlow>\n    <sequenceFlow id=\"flow5\" name=\"撤出\" sourceRef=\"usertask2\" targetRef=\"usertask1\">\n      <conditionExpression xsi:type=\"tFormalExpression\"><![CDATA[${outcome==\'驳回\'}]]></conditionExpression>\n    </sequenceFlow>\n    <sequenceFlow id=\"flow6\" sourceRef=\"usertask1\" targetRef=\"usertask2\"></sequenceFlow>\n  </process>\n  <bpmndi:BPMNDiagram id=\"BPMNDiagram_noticeBill\">\n    <bpmndi:BPMNPlane bpmnElement=\"noticeBill\" id=\"BPMNPlane_noticeBill\">\n      <bpmndi:BPMNShape bpmnElement=\"startevent1\" id=\"BPMNShape_startevent1\">\n        <omgdc:Bounds height=\"35.0\" width=\"35.0\" x=\"340.0\" y=\"89.0\"></omgdc:Bounds>\n      </bpmndi:BPMNShape>\n      <bpmndi:BPMNShape bpmnElement=\"endevent1\" id=\"BPMNShape_endevent1\">\n        <omgdc:Bounds height=\"35.0\" width=\"35.0\" x=\"340.0\" y=\"360.0\"></omgdc:Bounds>\n      </bpmndi:BPMNShape>\n      <bpmndi:BPMNShape bpmnElement=\"usertask1\" id=\"BPMNShape_usertask1\">\n        <omgdc:Bounds height=\"55.0\" width=\"105.0\" x=\"305.0\" y=\"155.0\"></omgdc:Bounds>\n      </bpmndi:BPMNShape>\n      <bpmndi:BPMNShape bpmnElement=\"usertask2\" id=\"BPMNShape_usertask2\">\n        <omgdc:Bounds height=\"55.0\" width=\"131.0\" x=\"292.0\" y=\"236.0\"></omgdc:Bounds>\n      </bpmndi:BPMNShape>\n      <bpmndi:BPMNEdge bpmnElement=\"flow1\" id=\"BPMNEdge_flow1\">\n        <omgdi:waypoint x=\"357.0\" y=\"124.0\"></omgdi:waypoint>\n        <omgdi:waypoint x=\"357.0\" y=\"155.0\"></omgdi:waypoint>\n        <bpmndi:BPMNLabel>\n          <omgdc:Bounds height=\"14.0\" width=\"48.0\" x=\"357.0\" y=\"124.0\"></omgdc:Bounds>\n        </bpmndi:BPMNLabel>\n      </bpmndi:BPMNEdge>\n      <bpmndi:BPMNEdge bpmnElement=\"flow4\" id=\"BPMNEdge_flow4\">\n        <omgdi:waypoint x=\"357.0\" y=\"291.0\"></omgdi:waypoint>\n        <omgdi:waypoint x=\"357.0\" y=\"360.0\"></omgdi:waypoint>\n        <bpmndi:BPMNLabel>\n          <omgdc:Bounds height=\"14.0\" width=\"100.0\" x=\"357.0\" y=\"291.0\"></omgdc:Bounds>\n        </bpmndi:BPMNLabel>\n      </bpmndi:BPMNEdge>\n      <bpmndi:BPMNEdge bpmnElement=\"flow5\" id=\"BPMNEdge_flow5\">\n        <omgdi:waypoint x=\"423.0\" y=\"263.0\"></omgdi:waypoint>\n        <omgdi:waypoint x=\"606.0\" y=\"263.0\"></omgdi:waypoint>\n        <omgdi:waypoint x=\"606.0\" y=\"214.0\"></omgdi:waypoint>\n        <omgdi:waypoint x=\"606.0\" y=\"184.0\"></omgdi:waypoint>\n        <omgdi:waypoint x=\"410.0\" y=\"184.0\"></omgdi:waypoint>\n        <omgdi:waypoint x=\"410.0\" y=\"184.0\"></omgdi:waypoint>\n        <omgdi:waypoint x=\"410.0\" y=\"182.0\"></omgdi:waypoint>\n        <bpmndi:BPMNLabel>\n          <omgdc:Bounds height=\"14.0\" width=\"24.0\" x=\"423.0\" y=\"263.0\"></omgdc:Bounds>\n        </bpmndi:BPMNLabel>\n      </bpmndi:BPMNEdge>\n      <bpmndi:BPMNEdge bpmnElement=\"flow6\" id=\"BPMNEdge_flow6\">\n        <omgdi:waypoint x=\"357.0\" y=\"210.0\"></omgdi:waypoint>\n        <omgdi:waypoint x=\"357.0\" y=\"236.0\"></omgdi:waypoint>\n      </bpmndi:BPMNEdge>\n    </bpmndi:BPMNPlane>\n  </bpmndi:BPMNDiagram>\n</definitions>',0),('7503',1,'diagrams/noticeBill.png','7501','PNG\r\n\Z\n\0\0\0\rIHDR\0\01\0\0\0\0\0+y\0\0 IDATxl}q5}%4j#Z)k xVNZE6\rFij&ȴESYS7EM\na\rԃ!܆+!X~c߽y<:w>w9wD\0\0z\0\0d\0\0-@\0\0\0d\0\0i2\04\0@x\0 <M\0&\0O\0\0\0d\0\0i2\04\0@x\0 <M\0&\0O\0\0\0d\0\0i2\04\0@x\0 <M\0&\0O\0\0\0d\0\0i2\04\0@x\0 <M\0&\0O\0\0\0d\0\0i2\04\0@x\0 <M\0&\0O\0\0\0d\0\0i2\04\0@x\0 <M\0&\0O\0\0\0d\0\0i2\04\0@x\0 <M\0&\0O\0\0\0d\0\0i2\04\0@x\0 <M\0&\0O\0\0\0d\0\0i2\04\0@x\0 <M\0&\0O\0\0\0d\0\0i2\04\0@x\0 <M\0&\0O\0\0\0d\0\0i2\04\0@x\0 <M,T*ܹ3efxxX,@CS,nθۻއ=RxڸqPX4pCe805]?m\0M{8Ȓ5V;:iӦ۷J{\0Ю40+ΩeX|宻lP+\0mIAqSC\0GQʃ<feX.Mi{<e97˅-6 :ۻAVO~S{	s\0DAAv੃d^9~`$ FFFrܪYen3wmh2Hl6ܷ\"[֩л64TXjPUfÆ\rw=h2H|>&s׮;\n4&{x#l6M)ח䯌d^<zk3w=h2HF:}3M)}\rmx::,2\0X.!zzz;rD%TCߜ\0KAJo}wClcoذ!M)588x뭟ihͷm\'B(@{dRLMe˖;\n4WC_Rz/ڃ&jӗ_җozچ&*JLRvk\nл64[:I&M7{*sG_3h2HbaÆzOAѣwh2 ,nC\0G:~=,d\0Go+6m;N~rY5v/~K\'@C@dJɮ\'n7;~&.Л40WPرcGWWn)NOag7o\Z_g۶OLNNdɀJ|>~KşlxxX,L5BI}z\0,M$a\0h+,&Si/ys?QkHj$MU9S|/\0ZHLKԒMI\0fX〤m:]I9ggiP_=,bg.w\'\0Zu\rHj_dѥMV\0ku\rH	6KsP\'[]$5?<Uͦ9upddiJdklUdgibWOֿ&<KBjhy=*6 :5\'b?`-I!ƱIi2ƱIi2ƱIi2ƱIi2ƱIi2ƱIi2ƱIi2Ʊ)_{WOLL45Ew}ߋ###7\r`Md@=R骫\r믿X,45EKۮjr-7\n`d֭[W	[f2Rz\0\ZM,G+&J2Fd@\"7pCBoڤɀD\nBdA4h+,R4<<ߟf3wKx@.\Z\ZNڣɠ-=}/=zaj*{ػwmI\\fդɠE|>e˖c0uΉOer\nB;\n`uh2hEq~o\\:oÆ\r.UɠreڴC]\0@AݲƩI2w\ZJi2h-R)ɼr|rjI2rq\Z4|>?5}:(E*Uk?@dZr{WAv㖟GO/F/LE?:=s>:pzzG\'.DS(EFßyd:8XMȑTtޜ޸;:ލ7OEGފ&KыwLTٙ3\';;;Cu\0+ɠtuu~ęubt엦gf>;wtTTT|d9bZ]u:g߾BX/_Wg.uj&PnǟzfmS5hwV1h-6(p|uut>=綩\ZM;rWYs\'E^{+:puֽ_{5KɧιmF*U(͞\';Vɉ]7wߊ磳go9Mh2YŠm1=TR#β7_^^=5~Q^+E\'Gq9Mh2YŠM\'M<vpⱧ٣ď~xG>?y韌?~vyH\\rQ;|snd@Ak)7Id@Akm&ڝUZKN&ڝUZK^3M;r,w4bZMV0M;MɀtAk)7N\rN7G_zb&\0V*%n_\r8\r}CYP6obzf\0V*\\6ǃ̥uu_W:gϾwW^yŇ?/4^ٌwXŠ畀3j?S$Y?=?d@Ak)ͱS݀K{kWU]_m\\>ߎ/d%]%2L;w-wKh2h-qϜgڜ4g}zM[nM6v8OF]c+ЛoAk	d5_MU7xRc==˿Η+}z{{\'&&Boh2h1inI\'?O֌|;;۔}78\\ݰwСCq\r*e6nf&LGX|Xﾯ}[_xs6&]G+JCCC7TAk)Ak7`~@[^ٶw-βl6;>>zCH/rټdj*CmMNNqzCH)rmTI+&cUرcpp0VRV1h-y,w4bbb\'VRV1h-&{,w4eƍ^UFV1h-L/	*%nrGZFFFr\\ bZMd/)#rM&cLNNf2[A\ZYŠfXE\'pAk<w陙eQVÉ vZ2/fYxe9a?FDϙyQ6HZݻ\"x|k|>cdᰃR+<W:06	\'add$]ڡa-g3ѳ&|gBi) vrJR6gL)|XNcMdᰃV411{H2Mdq}#Za-j||<βݻ*6gdK==X4A8uJ|6/Xߒeˡ\"&MF;hucccwwF]]1βwkY&#\0#%4A8쀤<PupIy\"%@EJ8	a$偊pH)P\'*R¡N; )TC v@RH	:A8쀤<PupIy\"%@EJ8	a$偊pH)P\'*R¡N; )TC v@RH	:A8zǧBwww߫zbb\"Ah2pw}l޼ydd$Ah2pJ6ȮbzӠQ4A8%vmW\\qEn喁\ra,mݺu ۺuk&)J\ZHXڣ>zWT}}}^Iƚa$r\r7T,@i2p\n[` v@RH	:A8 R4<<ߟf32Ŀ円aC!{}^<zԔYĿwm۶ſBմMF;hblrc.͉OeB軝vaMYoo7ƅ9soذarr2Odᰃ {4sЦMΧmh2pA󌎎nrt4>ٵڃ&#4ITd2>g?r뽿\ZIh2pA\r\rG	ߡVg׮IB$d7nybT3}|B?Rl[ѿ?\n4k`:8@\rh2pA9ċ(:39q!:EwtoM3fsm@ǧOW&^^_և~tޜޘQГϖYx%		A8I]u:g߾BX/_Wgtj&PnǟzfmeZpU[&8t4EΟwwtt~O\\x%		A8I]fu*]<z*z֭[+~=׼.i\':8c-I8NaMRbuDofϓx+?tWoE7?ۚ,P(tww\nM/S8ޜ~y!z\'G7v>E)z<U\'\\h2499dBoidy&U͛OxcO?Gˏ|?/쮯}֛MƒFGGBoidy&)7O*ɛ?>Ge4<A	;%\nM2d_7aGQ_Pd2R)F\'hr0aGQ;Bo)ey&)7k&h2(JLP(RMRn_ɨ#\r\r\nMRn	;n߾=Vj\'hM\nɘT*yAFp\'hr]~vZHXd2XI\ZxՖ%ߺsn|㗵۽{w.klǎ^O<AxNͫj\"~Gl6\'HX0h2hdy]f}TsVwΓͿ0U/ZyWs9\\nM9yX3,$jY+Oֹ\\p^X;l\0MR</j-vHee&)\'O[yjp˕u`oEl1M;l@Vd+Od^zϴt{<Y904U./nbwvkwǂ5ɀP2$py]~z]XT<bOn.!YVIr]VD7ieHi2,+$dyф:\'4ed/S<sf9˲MZa濞=lؑe$~yބ-,4I~b&Z	d&h2eYIMcv4в,O$==3#p4в,O$L嗿?3sM,4I__3	} \0,LA޽{`/wI[Cw44dOϕDMn	} \0,LA융}&z43O}Ei2hR~t|ߢ)|X\0X&nbb$Ldq\n}#P&flMgdK== R40f?24CQtЬ=<[rl|94MgY; )M$ͽ\0\ZGIuD\0\rcm:@ɀlhd\0Y\nvX}-@jY\n[\\VH*k_ascINy? e5Ys``Tm-d\0uXjcNH%l2\'eZ0|id\0IX{r+/vakHjB6i22K!TZIri2Hɉ\'ƱIi2ƱIi2ƱIi2ƱIi2ƱIi2ƱIi2ƱIi2ƱIi2ƱIi2ƱIi2ƱIi2ƱIi2ƱIi2ƱIi2ƱIi2ƱIi2ƱIi2ƱIi2ƱIi2ƱIi2ƱIi2ƱIi2ƱIi2ƱIi2ƱIi2ƱIi2ƱIi2ƱIi2ƱIi2ƱIi2ƱIi2ƱIi2ƱIi2ƱIi2ƱIi2ƱIi2ƱIi2ƱIi2ƱIi2ƱIi2ƱIi2ƱIi2ƱIi2ƱIi2ƱIi2Ʊ)_{WOLL45Ew}l޼ydd$)T*]uUAvwwwЛh2`	vW\\Qm[ne`` F5Xںu*AuL&S*BoZɀ=W^yed}}}^IHn4Y\rX4HP[`\04&\0cU*FFFvܙ?344T(Bo ڡɀ)wwwϞ=&i2ccc7n\\je2`4R	g?w{:~ǖ-[\\3ys˦ɀYBa[őG^^lN~+wUf\n+\0mIdSմ_cs޶s||<MiW*jϐݹkW\Z{v\\cճeI&ri2Hj{eYe<u}lh3Rmdddgj~;N4Zooo5d+T_[}\0d^{4٩gsǎwmh2Hl6[}ۋU	|+߶+.\rM)U,ZdչڷYcll,M)544T7d|򓟪|󁁁;\n4W[Ο=R7n\0AAJU\\&{ǆQ q੃dT_zGڃR岦C(@{\\BJT#G\Zd?zGڃRd{dՃ\'Eh2H|>_ɦuת7sGTyooohRjݕlڶdwUw=h2HӋNY&۴iS\r\rQ 2޽bUߜ,V,C%@{d^rZ~**M7Um.\0mCAz껈_XՓd\n\0mCA\rVsoѣ۾}{h\'nƍsj%WUPg\0DAMNNvuuU[WWsll,nMDqBU_rEvcW\r!ɀY###ճey&9=v֭5d&&&Zf~?RWk˖-WS\0MR,wٱ\r6,~/X	MU//)͎dɀJ8z{{tX&r{qn`h2\04\0@x\0 <M\0&\0,H2\0\0\0\0IENDB`',0),('80002',1,'diagrams/noticeBill.bpmn','80001','<?xml version=\"1.0\" encoding=\"UTF-8\"?>\n<definitions xmlns=\"http://www.omg.org/spec/BPMN/20100524/MODEL\" xmlns:xsi=\"http://www.w3.org/2001/XMLSchema-instance\" xmlns:xsd=\"http://www.w3.org/2001/XMLSchema\" xmlns:activiti=\"http://activiti.org/bpmn\" xmlns:bpmndi=\"http://www.omg.org/spec/BPMN/20100524/DI\" xmlns:omgdc=\"http://www.omg.org/spec/DD/20100524/DC\" xmlns:omgdi=\"http://www.omg.org/spec/DD/20100524/DI\" typeLanguage=\"http://www.w3.org/2001/XMLSchema\" expressionLanguage=\"http://www.w3.org/1999/XPath\" targetNamespace=\"http://www.activiti.org/test\">\n  <process id=\"noticeBill\" name=\"noticeBillprocess\" isExecutable=\"true\">\n    <startEvent id=\"startevent1\" name=\"Start\"></startEvent>\n    <endEvent id=\"endevent1\" name=\"End\"></endEvent>\n    <userTask id=\"usertask1\" name=\"起草\" activiti:assignee=\"${inputUser}\"></userTask>\n    <userTask id=\"usertask2\" name=\"审核\">\n      <extensionElements>\n        <activiti:taskListener event=\"create\" class=\"util.NoticeUtil\"></activiti:taskListener>\n      </extensionElements>\n    </userTask>\n    <sequenceFlow id=\"flow1\" name=\"流程开始\" sourceRef=\"startevent1\" targetRef=\"usertask1\"></sequenceFlow>\n    <sequenceFlow id=\"flow4\" name=\"发布中\" sourceRef=\"usertask2\" targetRef=\"endevent1\">\n      <conditionExpression xsi:type=\"tFormalExpression\"><![CDATA[${outcome==\'发布中\'}]]></conditionExpression>\n    </sequenceFlow>\n    <sequenceFlow id=\"flow5\" name=\"撤出\" sourceRef=\"usertask2\" targetRef=\"usertask1\">\n      <conditionExpression xsi:type=\"tFormalExpression\"><![CDATA[${outcome==\'撤除\'}]]></conditionExpression>\n    </sequenceFlow>\n    <sequenceFlow id=\"flow6\" sourceRef=\"usertask1\" targetRef=\"usertask2\"></sequenceFlow>\n  </process>\n  <bpmndi:BPMNDiagram id=\"BPMNDiagram_noticeBill\">\n    <bpmndi:BPMNPlane bpmnElement=\"noticeBill\" id=\"BPMNPlane_noticeBill\">\n      <bpmndi:BPMNShape bpmnElement=\"startevent1\" id=\"BPMNShape_startevent1\">\n        <omgdc:Bounds height=\"35.0\" width=\"35.0\" x=\"340.0\" y=\"89.0\"></omgdc:Bounds>\n      </bpmndi:BPMNShape>\n      <bpmndi:BPMNShape bpmnElement=\"endevent1\" id=\"BPMNShape_endevent1\">\n        <omgdc:Bounds height=\"35.0\" width=\"35.0\" x=\"340.0\" y=\"360.0\"></omgdc:Bounds>\n      </bpmndi:BPMNShape>\n      <bpmndi:BPMNShape bpmnElement=\"usertask1\" id=\"BPMNShape_usertask1\">\n        <omgdc:Bounds height=\"55.0\" width=\"105.0\" x=\"305.0\" y=\"155.0\"></omgdc:Bounds>\n      </bpmndi:BPMNShape>\n      <bpmndi:BPMNShape bpmnElement=\"usertask2\" id=\"BPMNShape_usertask2\">\n        <omgdc:Bounds height=\"55.0\" width=\"131.0\" x=\"292.0\" y=\"236.0\"></omgdc:Bounds>\n      </bpmndi:BPMNShape>\n      <bpmndi:BPMNEdge bpmnElement=\"flow1\" id=\"BPMNEdge_flow1\">\n        <omgdi:waypoint x=\"357.0\" y=\"124.0\"></omgdi:waypoint>\n        <omgdi:waypoint x=\"357.0\" y=\"155.0\"></omgdi:waypoint>\n        <bpmndi:BPMNLabel>\n          <omgdc:Bounds height=\"14.0\" width=\"48.0\" x=\"357.0\" y=\"124.0\"></omgdc:Bounds>\n        </bpmndi:BPMNLabel>\n      </bpmndi:BPMNEdge>\n      <bpmndi:BPMNEdge bpmnElement=\"flow4\" id=\"BPMNEdge_flow4\">\n        <omgdi:waypoint x=\"357.0\" y=\"291.0\"></omgdi:waypoint>\n        <omgdi:waypoint x=\"357.0\" y=\"360.0\"></omgdi:waypoint>\n        <bpmndi:BPMNLabel>\n          <omgdc:Bounds height=\"14.0\" width=\"100.0\" x=\"357.0\" y=\"291.0\"></omgdc:Bounds>\n        </bpmndi:BPMNLabel>\n      </bpmndi:BPMNEdge>\n      <bpmndi:BPMNEdge bpmnElement=\"flow5\" id=\"BPMNEdge_flow5\">\n        <omgdi:waypoint x=\"423.0\" y=\"263.0\"></omgdi:waypoint>\n        <omgdi:waypoint x=\"606.0\" y=\"263.0\"></omgdi:waypoint>\n        <omgdi:waypoint x=\"606.0\" y=\"214.0\"></omgdi:waypoint>\n        <omgdi:waypoint x=\"606.0\" y=\"184.0\"></omgdi:waypoint>\n        <omgdi:waypoint x=\"410.0\" y=\"184.0\"></omgdi:waypoint>\n        <omgdi:waypoint x=\"410.0\" y=\"184.0\"></omgdi:waypoint>\n        <omgdi:waypoint x=\"410.0\" y=\"182.0\"></omgdi:waypoint>\n        <bpmndi:BPMNLabel>\n          <omgdc:Bounds height=\"14.0\" width=\"100.0\" x=\"423.0\" y=\"263.0\"></omgdc:Bounds>\n        </bpmndi:BPMNLabel>\n      </bpmndi:BPMNEdge>\n      <bpmndi:BPMNEdge bpmnElement=\"flow6\" id=\"BPMNEdge_flow6\">\n        <omgdi:waypoint x=\"357.0\" y=\"210.0\"></omgdi:waypoint>\n        <omgdi:waypoint x=\"357.0\" y=\"236.0\"></omgdi:waypoint>\n      </bpmndi:BPMNEdge>\n    </bpmndi:BPMNPlane>\n  </bpmndi:BPMNDiagram>\n</definitions>',0),('80003',1,'diagrams/noticeBill.png','80001','PNG\r\n\Z\n\0\0\0\rIHDR\0\01\0\0\0\0\0+y\0\0 IDATxl}q5}%4j#Z)k xVNZE6\rFij&ȴESYS7EM\na\rԃ!܆+!X~c߽y<:w>w9wD\0\0z\0\0d\0\0-@\0\0\0d\0\0i2\04\0@x\0 <M\0&\0O\0\0\0d\0\0i2\04\0@x\0 <M\0&\0O\0\0\0d\0\0i2\04\0@x\0 <M\0&\0O\0\0\0d\0\0i2\04\0@x\0 <M\0&\0O\0\0\0d\0\0i2\04\0@x\0 <M\0&\0O\0\0\0d\0\0i2\04\0@x\0 <M\0&\0O\0\0\0d\0\0i2\04\0@x\0 <M\0&\0O\0\0\0d\0\0i2\04\0@x\0 <M\0&\0O\0\0\0d\0\0i2\04\0@x\0 <M\0&\0O\0\0\0d\0\0i2\04\0@x\0 <M\0&\0O\0\0\0d\0\0i2\04\0@x\0 <M,T*ܹ3efxxX,@CS,nθۻއ=RxڸqPX4pCe805]?m\0M{8Ȓ5V;:iӦ۷J{\0Ю40+ΩeX|宻lP+\0mIAqSC\0GQʃ<feX.Mi{<e97˅-6 :ۻAVO~S{	s\0DAAv੃d^9~`$ FFFrܪYen3wmh2Hl6ܷ\"[֩л64TXjPUfÆ\rw=h2H|>&s׮;\n4&{x#l6M)ח䯌d^<zk3w=h2HF:}3M)}\rmx::,2\0X.!zzz;rD%TCߜ\0KAJo}wClcoذ!M)588x뭟ihͷm\'B(@{dRLMe˖;\n4WC_Rz/ڃ&jӗ_җozچ&*JLRvk\nл64[:I&M7{*sG_3h2HbaÆzOAѣwh2 ,nC\0G:~=,d\0Go+6m;N~rY5v/~K\'@C@dJɮ\'n7;~&.Л40WPرcGWWn)NOag7o\Z_g۶OLNNdɀJ|>~KşlxxX,L5BI}z\0,M$a\0h+,&Si/ys?QkHj$MU9S|/\0ZHLKԒMI\0fX〤m:]I9ggiP_=,bg.w\'\0Zu\rHj_dѥMV\0ku\rH	6KsP\'[]$5?<Uͦ9upddiJdklUdgibWOֿ&<KBjhy=*6 :5\'b?`-I!ƱIi2ƱIi2ƱIi2ƱIi2ƱIi2ƱIi2ƱIi2Ʊ)_{WOLL45Ew}ߋ###7\r`Md@=R骫\r믿X,45EKۮjr-7\n`d֭[W	[f2Rz\0\ZM,G+&J2Fd@\"7pCBoڤɀD\nBdA4h+,R4<<ߟf3wKx@.\Z\ZNڣɠ-=}/=zaj*{ػwmI\\fդɠE|>e˖c0uΉOer\nB;\n`uh2hEq~o\\:oÆ\r.UɠreڴC]\0@AݲƩI2w\ZJi2h-R)ɼr|rjI2rq\Z4|>?5}:(E*Uk?@dZr{WAv㖟GO/F/LE?:=s>:pzzG\'.DS(EFßyd:8XMȑTtޜ޸;:ލ7OEGފ&KыwLTٙ3\';;;Cu\0+ɠtuu~ęubt엦gf>;wtTTT|d9bZ]u:g߾BX/_Wg.uj&PnǟzfmS5hwV1h-6(p|uut>=綩\ZM;rWYs\'E^{+:puֽ_{5KɧιmF*U(͞\';Vɉ]7wߊ磳go9Mh2YŠm1=TR#β7_^^=5~Q^+E\'Gq9Mh2YŠM\'M<vpⱧ٣ď~xG>?y韌?~vyH\\rQ;|snd@Ak)7Id@Akm&ڝUZKN&ڝUZK^3M;r,w4bZMV0M;MɀtAk)7N\rN7G_zb&\0V*%n_\r8\r}CYP6obzf\0V*\\6ǃ̥uu_W:gϾwW^yŇ?/4^ٌwXŠ畀3j?S$Y?=?d@Ak)ͱS݀K{kWU]_m\\>ߎ/d%]%2L;w-wKh2h-qϜgڜ4g}zM[nM6v8OF]c+ЛoAk	d5_MU7xRc==˿Η+}z{{\'&&Boh2h1inI\'?O֌|;;۔}78\\ݰwСCq\r*e6nf&LGX|Xﾯ}[_xs6&]G+JCCC7TAk)Ak7`~@[^ٶw-βl6;>>zCH/rټdj*CmMNNqzCH)rmTI+&cUرcpp0VRV1h-y,w4bbb\'VRV1h-&{,w4eƍ^UFV1h-L/	*%nrGZFFFr\\ bZMd/)#rM&cLNNf2[A\ZYŠfXE\'pAk<w陙eQVÉ vZ2/fYxe9a?FDϙyQ6HZݻ\"x|k|>cdᰃR+<W:06	\'add$]ڡa-g3ѳ&|gBi) vrJR6gL)|XNcMdᰃV411{H2Mdq}#Za-j||<βݻ*6gdK==X4A8uJ|6/Xߒeˡ\"&MF;hucccwwF]]1βwkY&#\0#%4A8쀤<PupIy\"%@EJ8	a$偊pH)P\'*R¡N; )TC v@RH	:A8쀤<PupIy\"%@EJ8	a$偊pH)P\'*R¡N; )TC v@RH	:A8zǧBwww߫zbb\"Ah2pw}l޼ydd$Ah2pJ6ȮbzӠQ4A8%vmW\\qEn喁\ra,mݺu ۺuk&)J\ZHXڣ>zWT}}}^Iƚa$r\r7T,@i2p\n[` v@RH	:A8 R4<<ߟf32Ŀ円aC!{}^<zԔYĿwm۶ſBմMF;hblrc.͉OeB軝vaMYoo7ƅ9soذarr2Odᰃ {4sЦMΧmh2pA󌎎nrt4>ٵڃ&#4ITd2>g?r뽿\ZIh2pA\r\rG	ߡVg׮IB$d7nybT3}|B?Rl[ѿ?\n4k`:8@\rh2pA9ċ(:39q!:EwtoM3fsm@ǧOW&^^_և~tޜޘQГϖYx%		A8I]u:g߾BX/_Wgtj&PnǟzfmeZpU[&8t4EΟwwtt~O\\x%		A8I]fu*]<z*z֭[+~=׼.i\':8c-I8NaMRbuDofϓx+?tWoE7?ۚ,P(tww\nM/S8ޜ~y!z\'G7v>E)z<U\'\\h2499dBoidy&U͛OxcO?Gˏ|?/쮯}֛MƒFGGBoidy&)7O*ɛ?>Ge4<A	;%\nM2d_7aGQ_Pd2R)F\'hr0aGQ;Bo)ey&)7k&h2(JLP(RMRn_ɨ#\r\r\nMRn	;n߾=Vj\'hM\nɘT*yAFp\'hr]~vZHXd2XI\ZxՖ%ߺsn|㗵۽{w.klǎ^O<AxNͫj\"~Gl6\'HX0h2hdy]f}TsVwΓͿ0U/ZyWs9\\nM9yX3,$jY+Oֹ\\p^X;l\0MR</j-vHee&)\'O[yjp˕u`oEl1M;l@Vd+Od^zϴt{<Y904U./nbwvkwǂ5ɀP2$py]~z]XT<bOn.!YVIr]VD7ieHi2,+$dyф:\'4ed/S<sf9˲MZa濞=lؑe$~yބ-,4I~b&Z	d&h2eYIMcv4в,O$==3#p4в,O$L嗿?3sM,4I__3	} \0,LA޽{`/wI[Cw44dOϕDMn	} \0,LA융}&z43O}Ei2hR~t|ߢ)|X\0X&nbb$Ldq\n}#P&flMgdK== R40f?24CQtЬ=<[rl|94MgY; )M$ͽ\0\ZGIuD\0\rcm:@ɀlhd\0Y\nvX}-@jY\n[\\VH*k_ascINy? e5Ys``Tm-d\0uXjcNH%l2\'eZ0|id\0IX{r+/vakHjB6i22K!TZIri2Hɉ\'ƱIi2ƱIi2ƱIi2ƱIi2ƱIi2ƱIi2ƱIi2ƱIi2ƱIi2ƱIi2ƱIi2ƱIi2ƱIi2ƱIi2ƱIi2ƱIi2ƱIi2ƱIi2ƱIi2ƱIi2ƱIi2ƱIi2ƱIi2ƱIi2ƱIi2ƱIi2ƱIi2ƱIi2ƱIi2ƱIi2ƱIi2ƱIi2ƱIi2ƱIi2ƱIi2ƱIi2ƱIi2ƱIi2ƱIi2ƱIi2ƱIi2ƱIi2ƱIi2ƱIi2ƱIi2Ʊ)_{WOLL45Ew}l޼ydd$)T*]uUAvwwwЛh2`	vW\\Qm[ne`` F5Xںu*AuL&S*BoZɀ=W^yed}}}^IHn4Y\rX4HP[`\04&\0cU*FFFvܙ?344T(Bo ڡɀ)wwwϞ=&i2ccc7n\\je2`4R	g?w{:~ǖ-[\\3ys˦ɀYBa[őG^^lN~+wUf\n+\0mIdSմ_cs޶s||<MiW*jϐݹkW\Z{v\\cճeI&ri2Hj{eYe<u}lh3Rmdddgj~;N4Zooo5d+T_[}\0d^{4٩gsǎwmh2Hl6[}ۋU	|+߶+.\rM)U,ZdչڷYcll,M)544T7d|򓟪|󁁁;\n4W[Ο=R7n\0AAJU\\&{ǆQ q੃dT_zGڃR岦C(@{\\BJT#G\Zd?zGڃRd{dՃ\'Eh2H|>_ɦuת7sGTyooohRjݕlڶdwUw=h2HӋNY&۴iS\r\rQ 2޽bUߜ,V,C%@{d^rZ~**M7Um.\0mCAz껈_XՓd\n\0mCA\rVsoѣ۾}{h\'nƍsj%WUPg\0DAMNNvuuU[WWsll,nMDqBU_rEvcW\r!ɀY###ճey&9=v֭5d&&&Zf~?RWk˖-WS\0MR,wٱ\r6,~/X	MU//)͎dɀJ8z{{tX&r{qn`h2\04\0@x\0 <M\0&\0,H2\0\0\0\0IENDB`',0),('82502',1,'diagrams/noticeBill.bpmn','82501','<?xml version=\"1.0\" encoding=\"UTF-8\"?>\n<definitions xmlns=\"http://www.omg.org/spec/BPMN/20100524/MODEL\" xmlns:xsi=\"http://www.w3.org/2001/XMLSchema-instance\" xmlns:xsd=\"http://www.w3.org/2001/XMLSchema\" xmlns:activiti=\"http://activiti.org/bpmn\" xmlns:bpmndi=\"http://www.omg.org/spec/BPMN/20100524/DI\" xmlns:omgdc=\"http://www.omg.org/spec/DD/20100524/DC\" xmlns:omgdi=\"http://www.omg.org/spec/DD/20100524/DI\" typeLanguage=\"http://www.w3.org/2001/XMLSchema\" expressionLanguage=\"http://www.w3.org/1999/XPath\" targetNamespace=\"http://www.activiti.org/test\">\n  <process id=\"noticeBill\" name=\"noticeBillprocess\" isExecutable=\"true\">\n    <startEvent id=\"startevent1\" name=\"Start\"></startEvent>\n    <endEvent id=\"endevent1\" name=\"End\"></endEvent>\n    <userTask id=\"usertask1\" name=\"起草\" activiti:assignee=\"${inputUser}\"></userTask>\n    <userTask id=\"usertask2\" name=\"审核\">\n      <extensionElements>\n        <activiti:taskListener event=\"create\" class=\"util.NoticeUtil\"></activiti:taskListener>\n      </extensionElements>\n    </userTask>\n    <sequenceFlow id=\"flow1\" name=\"流程开始\" sourceRef=\"startevent1\" targetRef=\"usertask1\"></sequenceFlow>\n    <sequenceFlow id=\"flow4\" name=\"发布中\" sourceRef=\"usertask2\" targetRef=\"endevent1\">\n      <conditionExpression xsi:type=\"tFormalExpression\"><![CDATA[${outcome==\'发布中\'}]]></conditionExpression>\n    </sequenceFlow>\n    <sequenceFlow id=\"flow5\" name=\"撤出\" sourceRef=\"usertask2\" targetRef=\"usertask1\">\n      <conditionExpression xsi:type=\"tFormalExpression\"><![CDATA[${outcome==\'撤除\'}]]></conditionExpression>\n    </sequenceFlow>\n    <sequenceFlow id=\"flow6\" sourceRef=\"usertask1\" targetRef=\"usertask2\"></sequenceFlow>\n  </process>\n  <bpmndi:BPMNDiagram id=\"BPMNDiagram_noticeBill\">\n    <bpmndi:BPMNPlane bpmnElement=\"noticeBill\" id=\"BPMNPlane_noticeBill\">\n      <bpmndi:BPMNShape bpmnElement=\"startevent1\" id=\"BPMNShape_startevent1\">\n        <omgdc:Bounds height=\"35.0\" width=\"35.0\" x=\"340.0\" y=\"89.0\"></omgdc:Bounds>\n      </bpmndi:BPMNShape>\n      <bpmndi:BPMNShape bpmnElement=\"endevent1\" id=\"BPMNShape_endevent1\">\n        <omgdc:Bounds height=\"35.0\" width=\"35.0\" x=\"340.0\" y=\"360.0\"></omgdc:Bounds>\n      </bpmndi:BPMNShape>\n      <bpmndi:BPMNShape bpmnElement=\"usertask1\" id=\"BPMNShape_usertask1\">\n        <omgdc:Bounds height=\"55.0\" width=\"105.0\" x=\"305.0\" y=\"155.0\"></omgdc:Bounds>\n      </bpmndi:BPMNShape>\n      <bpmndi:BPMNShape bpmnElement=\"usertask2\" id=\"BPMNShape_usertask2\">\n        <omgdc:Bounds height=\"55.0\" width=\"131.0\" x=\"292.0\" y=\"236.0\"></omgdc:Bounds>\n      </bpmndi:BPMNShape>\n      <bpmndi:BPMNEdge bpmnElement=\"flow1\" id=\"BPMNEdge_flow1\">\n        <omgdi:waypoint x=\"357.0\" y=\"124.0\"></omgdi:waypoint>\n        <omgdi:waypoint x=\"357.0\" y=\"155.0\"></omgdi:waypoint>\n        <bpmndi:BPMNLabel>\n          <omgdc:Bounds height=\"14.0\" width=\"48.0\" x=\"357.0\" y=\"124.0\"></omgdc:Bounds>\n        </bpmndi:BPMNLabel>\n      </bpmndi:BPMNEdge>\n      <bpmndi:BPMNEdge bpmnElement=\"flow4\" id=\"BPMNEdge_flow4\">\n        <omgdi:waypoint x=\"357.0\" y=\"291.0\"></omgdi:waypoint>\n        <omgdi:waypoint x=\"357.0\" y=\"360.0\"></omgdi:waypoint>\n        <bpmndi:BPMNLabel>\n          <omgdc:Bounds height=\"14.0\" width=\"100.0\" x=\"357.0\" y=\"291.0\"></omgdc:Bounds>\n        </bpmndi:BPMNLabel>\n      </bpmndi:BPMNEdge>\n      <bpmndi:BPMNEdge bpmnElement=\"flow5\" id=\"BPMNEdge_flow5\">\n        <omgdi:waypoint x=\"423.0\" y=\"263.0\"></omgdi:waypoint>\n        <omgdi:waypoint x=\"606.0\" y=\"263.0\"></omgdi:waypoint>\n        <omgdi:waypoint x=\"606.0\" y=\"214.0\"></omgdi:waypoint>\n        <omgdi:waypoint x=\"606.0\" y=\"184.0\"></omgdi:waypoint>\n        <omgdi:waypoint x=\"410.0\" y=\"184.0\"></omgdi:waypoint>\n        <omgdi:waypoint x=\"410.0\" y=\"184.0\"></omgdi:waypoint>\n        <omgdi:waypoint x=\"410.0\" y=\"182.0\"></omgdi:waypoint>\n        <bpmndi:BPMNLabel>\n          <omgdc:Bounds height=\"14.0\" width=\"100.0\" x=\"423.0\" y=\"263.0\"></omgdc:Bounds>\n        </bpmndi:BPMNLabel>\n      </bpmndi:BPMNEdge>\n      <bpmndi:BPMNEdge bpmnElement=\"flow6\" id=\"BPMNEdge_flow6\">\n        <omgdi:waypoint x=\"357.0\" y=\"210.0\"></omgdi:waypoint>\n        <omgdi:waypoint x=\"357.0\" y=\"236.0\"></omgdi:waypoint>\n      </bpmndi:BPMNEdge>\n    </bpmndi:BPMNPlane>\n  </bpmndi:BPMNDiagram>\n</definitions>',0),('82503',1,'diagrams/noticeBill.png','82501','PNG\r\n\Z\n\0\0\0\rIHDR\0\01\0\0\0\0\0+y\0\0 IDATxl}q5}%4j#Z)k xVNZE6\rFij&ȴESYS7EM\na\rԃ!܆+!X~c߽y<:w>w9wD\0\0z\0\0d\0\0-@\0\0\0d\0\0i2\04\0@x\0 <M\0&\0O\0\0\0d\0\0i2\04\0@x\0 <M\0&\0O\0\0\0d\0\0i2\04\0@x\0 <M\0&\0O\0\0\0d\0\0i2\04\0@x\0 <M\0&\0O\0\0\0d\0\0i2\04\0@x\0 <M\0&\0O\0\0\0d\0\0i2\04\0@x\0 <M\0&\0O\0\0\0d\0\0i2\04\0@x\0 <M\0&\0O\0\0\0d\0\0i2\04\0@x\0 <M\0&\0O\0\0\0d\0\0i2\04\0@x\0 <M\0&\0O\0\0\0d\0\0i2\04\0@x\0 <M\0&\0O\0\0\0d\0\0i2\04\0@x\0 <M,T*ܹ3efxxX,@CS,nθۻއ=RxڸqPX4pCe805]?m\0M{8Ȓ5V;:iӦ۷J{\0Ю40+ΩeX|宻lP+\0mIAqSC\0GQʃ<feX.Mi{<e97˅-6 :ۻAVO~S{	s\0DAAv੃d^9~`$ FFFrܪYen3wmh2Hl6ܷ\"[֩л64TXjPUfÆ\rw=h2H|>&s׮;\n4&{x#l6M)ח䯌d^<zk3w=h2HF:}3M)}\rmx::,2\0X.!zzz;rD%TCߜ\0KAJo}wClcoذ!M)588x뭟ihͷm\'B(@{dRLMe˖;\n4WC_Rz/ڃ&jӗ_җozچ&*JLRvk\nл64[:I&M7{*sG_3h2HbaÆzOAѣwh2 ,nC\0G:~=,d\0Go+6m;N~rY5v/~K\'@C@dJɮ\'n7;~&.Л40WPرcGWWn)NOag7o\Z_g۶OLNNdɀJ|>~KşlxxX,L5BI}z\0,M$a\0h+,&Si/ys?QkHj$MU9S|/\0ZHLKԒMI\0fX〤m:]I9ggiP_=,bg.w\'\0Zu\rHj_dѥMV\0ku\rH	6KsP\'[]$5?<Uͦ9upddiJdklUdgibWOֿ&<KBjhy=*6 :5\'b?`-I!ƱIi2ƱIi2ƱIi2ƱIi2ƱIi2ƱIi2ƱIi2Ʊ)_{WOLL45Ew}ߋ###7\r`Md@=R骫\r믿X,45EKۮjr-7\n`d֭[W	[f2Rz\0\ZM,G+&J2Fd@\"7pCBoڤɀD\nBdA4h+,R4<<ߟf3wKx@.\Z\ZNڣɠ-=}/=zaj*{ػwmI\\fդɠE|>e˖c0uΉOer\nB;\n`uh2hEq~o\\:oÆ\r.UɠreڴC]\0@AݲƩI2w\ZJi2h-R)ɼr|rjI2rq\Z4|>?5}:(E*Uk?@dZr{WAv㖟GO/F/LE?:=s>:pzzG\'.DS(EFßyd:8XMȑTtޜ޸;:ލ7OEGފ&KыwLTٙ3\';;;Cu\0+ɠtuu~ęubt엦gf>;wtTTT|d9bZ]u:g߾BX/_Wg.uj&PnǟzfmS5hwV1h-6(p|uut>=綩\ZM;rWYs\'E^{+:puֽ_{5KɧιmF*U(͞\';Vɉ]7wߊ磳go9Mh2YŠm1=TR#β7_^^=5~Q^+E\'Gq9Mh2YŠM\'M<vpⱧ٣ď~xG>?y韌?~vyH\\rQ;|snd@Ak)7Id@Akm&ڝUZKN&ڝUZK^3M;r,w4bZMV0M;MɀtAk)7N\rN7G_zb&\0V*%n_\r8\r}CYP6obzf\0V*\\6ǃ̥uu_W:gϾwW^yŇ?/4^ٌwXŠ畀3j?S$Y?=?d@Ak)ͱS݀K{kWU]_m\\>ߎ/d%]%2L;w-wKh2h-qϜgڜ4g}zM[nM6v8OF]c+ЛoAk	d5_MU7xRc==˿Η+}z{{\'&&Boh2h1inI\'?O֌|;;۔}78\\ݰwСCq\r*e6nf&LGX|Xﾯ}[_xs6&]G+JCCC7TAk)Ak7`~@[^ٶw-βl6;>>zCH/rټdj*CmMNNqzCH)rmTI+&cUرcpp0VRV1h-y,w4bbb\'VRV1h-&{,w4eƍ^UFV1h-L/	*%nrGZFFFr\\ bZMd/)#rM&cLNNf2[A\ZYŠfXE\'pAk<w陙eQVÉ vZ2/fYxe9a?FDϙyQ6HZݻ\"x|k|>cdᰃR+<W:06	\'add$]ڡa-g3ѳ&|gBi) vrJR6gL)|XNcMdᰃV411{H2Mdq}#Za-j||<βݻ*6gdK==X4A8uJ|6/Xߒeˡ\"&MF;hucccwwF]]1βwkY&#\0#%4A8쀤<PupIy\"%@EJ8	a$偊pH)P\'*R¡N; )TC v@RH	:A8쀤<PupIy\"%@EJ8	a$偊pH)P\'*R¡N; )TC v@RH	:A8zǧBwww߫zbb\"Ah2pw}l޼ydd$Ah2pJ6ȮbzӠQ4A8%vmW\\qEn喁\ra,mݺu ۺuk&)J\ZHXڣ>zWT}}}^Iƚa$r\r7T,@i2p\n[` v@RH	:A8 R4<<ߟf32Ŀ円aC!{}^<zԔYĿwm۶ſBմMF;hblrc.͉OeB軝vaMYoo7ƅ9soذarr2Odᰃ {4sЦMΧmh2pA󌎎nrt4>ٵڃ&#4ITd2>g?r뽿\ZIh2pA\r\rG	ߡVg׮IB$d7nybT3}|B?Rl[ѿ?\n4k`:8@\rh2pA9ċ(:39q!:EwtoM3fsm@ǧOW&^^_և~tޜޘQГϖYx%		A8I]u:g߾BX/_Wgtj&PnǟzfmeZpU[&8t4EΟwwtt~O\\x%		A8I]fu*]<z*z֭[+~=׼.i\':8c-I8NaMRbuDofϓx+?tWoE7?ۚ,P(tww\nM/S8ޜ~y!z\'G7v>E)z<U\'\\h2499dBoidy&U͛OxcO?Gˏ|?/쮯}֛MƒFGGBoidy&)7O*ɛ?>Ge4<A	;%\nM2d_7aGQ_Pd2R)F\'hr0aGQ;Bo)ey&)7k&h2(JLP(RMRn_ɨ#\r\r\nMRn	;n߾=Vj\'hM\nɘT*yAFp\'hr]~vZHXd2XI\ZxՖ%ߺsn|㗵۽{w.klǎ^O<AxNͫj\"~Gl6\'HX0h2hdy]f}TsVwΓͿ0U/ZyWs9\\nM9yX3,$jY+Oֹ\\p^X;l\0MR</j-vHee&)\'O[yjp˕u`oEl1M;l@Vd+Od^zϴt{<Y904U./nbwvkwǂ5ɀP2$py]~z]XT<bOn.!YVIr]VD7ieHi2,+$dyф:\'4ed/S<sf9˲MZa濞=lؑe$~yބ-,4I~b&Z	d&h2eYIMcv4в,O$==3#p4в,O$L嗿?3sM,4I__3	} \0,LA޽{`/wI[Cw44dOϕDMn	} \0,LA융}&z43O}Ei2hR~t|ߢ)|X\0X&nbb$Ldq\n}#P&flMgdK== R40f?24CQtЬ=<[rl|94MgY; )M$ͽ\0\ZGIuD\0\rcm:@ɀlhd\0Y\nvX}-@jY\n[\\VH*k_ascINy? e5Ys``Tm-d\0uXjcNH%l2\'eZ0|id\0IX{r+/vakHjB6i22K!TZIri2Hɉ\'ƱIi2ƱIi2ƱIi2ƱIi2ƱIi2ƱIi2ƱIi2ƱIi2ƱIi2ƱIi2ƱIi2ƱIi2ƱIi2ƱIi2ƱIi2ƱIi2ƱIi2ƱIi2ƱIi2ƱIi2ƱIi2ƱIi2ƱIi2ƱIi2ƱIi2ƱIi2ƱIi2ƱIi2ƱIi2ƱIi2ƱIi2ƱIi2ƱIi2ƱIi2ƱIi2ƱIi2ƱIi2ƱIi2ƱIi2ƱIi2ƱIi2ƱIi2ƱIi2ƱIi2ƱIi2Ʊ)_{WOLL45Ew}l޼ydd$)T*]uUAvwwwЛh2`	vW\\Qm[ne`` F5Xںu*AuL&S*BoZɀ=W^yed}}}^IHn4Y\rX4HP[`\04&\0cU*FFFvܙ?344T(Bo ڡɀ)wwwϞ=&i2ccc7n\\je2`4R	g?w{:~ǖ-[\\3ys˦ɀYBa[őG^^lN~+wUf\n+\0mIdSմ_cs޶s||<MiW*jϐݹkW\Z{v\\cճeI&ri2Hj{eYe<u}lh3Rmdddgj~;N4Zooo5d+T_[}\0d^{4٩gsǎwmh2Hl6[}ۋU	|+߶+.\rM)U,ZdչڷYcll,M)544T7d|򓟪|󁁁;\n4W[Ο=R7n\0AAJU\\&{ǆQ q੃dT_zGڃR岦C(@{\\BJT#G\Zd?zGڃRd{dՃ\'Eh2H|>_ɦuת7sGTyooohRjݕlڶdwUw=h2HӋNY&۴iS\r\rQ 2޽bUߜ,V,C%@{d^rZ~**M7Um.\0mCAz껈_XՓd\n\0mCA\rVsoѣ۾}{h\'nƍsj%WUPg\0DAMNNvuuU[WWsll,nMDqBU_rEvcW\r!ɀY###ճey&9=v֭5d&&&Zf~?RWk˖-WS\0MR,wٱ\r6,~/X	MU//)͎dɀJ8z{{tX&r{qn`h2\04\0@x\0 <M\0&\0,H2\0\0\0\0IENDB`',0),('90002',1,'diagrams/noticeBill.bpmn','90001','<?xml version=\"1.0\" encoding=\"UTF-8\"?>\n<definitions xmlns=\"http://www.omg.org/spec/BPMN/20100524/MODEL\" xmlns:xsi=\"http://www.w3.org/2001/XMLSchema-instance\" xmlns:xsd=\"http://www.w3.org/2001/XMLSchema\" xmlns:activiti=\"http://activiti.org/bpmn\" xmlns:bpmndi=\"http://www.omg.org/spec/BPMN/20100524/DI\" xmlns:omgdc=\"http://www.omg.org/spec/DD/20100524/DC\" xmlns:omgdi=\"http://www.omg.org/spec/DD/20100524/DI\" typeLanguage=\"http://www.w3.org/2001/XMLSchema\" expressionLanguage=\"http://www.w3.org/1999/XPath\" targetNamespace=\"http://www.activiti.org/test\">\n  <process id=\"noticeBill\" name=\"noticeBillprocess\" isExecutable=\"true\">\n    <startEvent id=\"startevent1\" name=\"Start\"></startEvent>\n    <endEvent id=\"endevent1\" name=\"End\"></endEvent>\n    <userTask id=\"usertask1\" name=\"起草\" activiti:assignee=\"${inputUser}\"></userTask>\n    <userTask id=\"usertask2\" name=\"审核\">\n      <extensionElements>\n        <activiti:taskListener event=\"create\" class=\"util.NoticeUtil\"></activiti:taskListener>\n      </extensionElements>\n    </userTask>\n    <sequenceFlow id=\"flow1\" name=\"流程开始\" sourceRef=\"startevent1\" targetRef=\"usertask1\"></sequenceFlow>\n    <sequenceFlow id=\"flow4\" name=\"发布中\" sourceRef=\"usertask2\" targetRef=\"endevent1\">\n      <conditionExpression xsi:type=\"tFormalExpression\"><![CDATA[${outcome==\'发布中\'}]]></conditionExpression>\n    </sequenceFlow>\n    <sequenceFlow id=\"flow5\" name=\"撤出\" sourceRef=\"usertask2\" targetRef=\"usertask1\">\n      <conditionExpression xsi:type=\"tFormalExpression\"><![CDATA[${outcome==\'撤除\'}]]></conditionExpression>\n    </sequenceFlow>\n    <sequenceFlow id=\"flow6\" sourceRef=\"usertask1\" targetRef=\"usertask2\"></sequenceFlow>\n  </process>\n  <bpmndi:BPMNDiagram id=\"BPMNDiagram_noticeBill\">\n    <bpmndi:BPMNPlane bpmnElement=\"noticeBill\" id=\"BPMNPlane_noticeBill\">\n      <bpmndi:BPMNShape bpmnElement=\"startevent1\" id=\"BPMNShape_startevent1\">\n        <omgdc:Bounds height=\"35.0\" width=\"35.0\" x=\"340.0\" y=\"89.0\"></omgdc:Bounds>\n      </bpmndi:BPMNShape>\n      <bpmndi:BPMNShape bpmnElement=\"endevent1\" id=\"BPMNShape_endevent1\">\n        <omgdc:Bounds height=\"35.0\" width=\"35.0\" x=\"340.0\" y=\"360.0\"></omgdc:Bounds>\n      </bpmndi:BPMNShape>\n      <bpmndi:BPMNShape bpmnElement=\"usertask1\" id=\"BPMNShape_usertask1\">\n        <omgdc:Bounds height=\"55.0\" width=\"105.0\" x=\"305.0\" y=\"155.0\"></omgdc:Bounds>\n      </bpmndi:BPMNShape>\n      <bpmndi:BPMNShape bpmnElement=\"usertask2\" id=\"BPMNShape_usertask2\">\n        <omgdc:Bounds height=\"55.0\" width=\"131.0\" x=\"292.0\" y=\"236.0\"></omgdc:Bounds>\n      </bpmndi:BPMNShape>\n      <bpmndi:BPMNEdge bpmnElement=\"flow1\" id=\"BPMNEdge_flow1\">\n        <omgdi:waypoint x=\"357.0\" y=\"124.0\"></omgdi:waypoint>\n        <omgdi:waypoint x=\"357.0\" y=\"155.0\"></omgdi:waypoint>\n        <bpmndi:BPMNLabel>\n          <omgdc:Bounds height=\"14.0\" width=\"48.0\" x=\"357.0\" y=\"124.0\"></omgdc:Bounds>\n        </bpmndi:BPMNLabel>\n      </bpmndi:BPMNEdge>\n      <bpmndi:BPMNEdge bpmnElement=\"flow4\" id=\"BPMNEdge_flow4\">\n        <omgdi:waypoint x=\"357.0\" y=\"291.0\"></omgdi:waypoint>\n        <omgdi:waypoint x=\"357.0\" y=\"360.0\"></omgdi:waypoint>\n        <bpmndi:BPMNLabel>\n          <omgdc:Bounds height=\"14.0\" width=\"100.0\" x=\"357.0\" y=\"291.0\"></omgdc:Bounds>\n        </bpmndi:BPMNLabel>\n      </bpmndi:BPMNEdge>\n      <bpmndi:BPMNEdge bpmnElement=\"flow5\" id=\"BPMNEdge_flow5\">\n        <omgdi:waypoint x=\"423.0\" y=\"263.0\"></omgdi:waypoint>\n        <omgdi:waypoint x=\"606.0\" y=\"263.0\"></omgdi:waypoint>\n        <omgdi:waypoint x=\"606.0\" y=\"214.0\"></omgdi:waypoint>\n        <omgdi:waypoint x=\"606.0\" y=\"184.0\"></omgdi:waypoint>\n        <omgdi:waypoint x=\"410.0\" y=\"184.0\"></omgdi:waypoint>\n        <omgdi:waypoint x=\"410.0\" y=\"184.0\"></omgdi:waypoint>\n        <omgdi:waypoint x=\"410.0\" y=\"182.0\"></omgdi:waypoint>\n        <bpmndi:BPMNLabel>\n          <omgdc:Bounds height=\"14.0\" width=\"100.0\" x=\"423.0\" y=\"263.0\"></omgdc:Bounds>\n        </bpmndi:BPMNLabel>\n      </bpmndi:BPMNEdge>\n      <bpmndi:BPMNEdge bpmnElement=\"flow6\" id=\"BPMNEdge_flow6\">\n        <omgdi:waypoint x=\"357.0\" y=\"210.0\"></omgdi:waypoint>\n        <omgdi:waypoint x=\"357.0\" y=\"236.0\"></omgdi:waypoint>\n      </bpmndi:BPMNEdge>\n    </bpmndi:BPMNPlane>\n  </bpmndi:BPMNDiagram>\n</definitions>',0),('90003',1,'diagrams/noticeBill.png','90001','PNG\r\n\Z\n\0\0\0\rIHDR\0\01\0\0\0\0\0+y\0\0 IDATxl}q5}%4j#Z)k xVNZE6\rFij&ȴESYS7EM\na\rԃ!܆+!X~c߽y<:w>w9wD\0\0z\0\0d\0\0-@\0\0\0d\0\0i2\04\0@x\0 <M\0&\0O\0\0\0d\0\0i2\04\0@x\0 <M\0&\0O\0\0\0d\0\0i2\04\0@x\0 <M\0&\0O\0\0\0d\0\0i2\04\0@x\0 <M\0&\0O\0\0\0d\0\0i2\04\0@x\0 <M\0&\0O\0\0\0d\0\0i2\04\0@x\0 <M\0&\0O\0\0\0d\0\0i2\04\0@x\0 <M\0&\0O\0\0\0d\0\0i2\04\0@x\0 <M\0&\0O\0\0\0d\0\0i2\04\0@x\0 <M\0&\0O\0\0\0d\0\0i2\04\0@x\0 <M\0&\0O\0\0\0d\0\0i2\04\0@x\0 <M,T*ܹ3efxxX,@CS,nθۻއ=RxڸqPX4pCe805]?m\0M{8Ȓ5V;:iӦ۷J{\0Ю40+ΩeX|宻lP+\0mIAqSC\0GQʃ<feX.Mi{<e97˅-6 :ۻAVO~S{	s\0DAAv੃d^9~`$ FFFrܪYen3wmh2Hl6ܷ\"[֩л64TXjPUfÆ\rw=h2H|>&s׮;\n4&{x#l6M)ח䯌d^<zk3w=h2HF:}3M)}\rmx::,2\0X.!zzz;rD%TCߜ\0KAJo}wClcoذ!M)588x뭟ihͷm\'B(@{dRLMe˖;\n4WC_Rz/ڃ&jӗ_җozچ&*JLRvk\nл64[:I&M7{*sG_3h2HbaÆzOAѣwh2 ,nC\0G:~=,d\0Go+6m;N~rY5v/~K\'@C@dJɮ\'n7;~&.Л40WPرcGWWn)NOag7o\Z_g۶OLNNdɀJ|>~KşlxxX,L5BI}z\0,M$a\0h+,&Si/ys?QkHj$MU9S|/\0ZHLKԒMI\0fX〤m:]I9ggiP_=,bg.w\'\0Zu\rHj_dѥMV\0ku\rH	6KsP\'[]$5?<Uͦ9upddiJdklUdgibWOֿ&<KBjhy=*6 :5\'b?`-I!ƱIi2ƱIi2ƱIi2ƱIi2ƱIi2ƱIi2ƱIi2Ʊ)_{WOLL45Ew}ߋ###7\r`Md@=R骫\r믿X,45EKۮjr-7\n`d֭[W	[f2Rz\0\ZM,G+&J2Fd@\"7pCBoڤɀD\nBdA4h+,R4<<ߟf3wKx@.\Z\ZNڣɠ-=}/=zaj*{ػwmI\\fդɠE|>e˖c0uΉOer\nB;\n`uh2hEq~o\\:oÆ\r.UɠreڴC]\0@AݲƩI2w\ZJi2h-R)ɼr|rjI2rq\Z4|>?5}:(E*Uk?@dZr{WAv㖟GO/F/LE?:=s>:pzzG\'.DS(EFßyd:8XMȑTtޜ޸;:ލ7OEGފ&KыwLTٙ3\';;;Cu\0+ɠtuu~ęubt엦gf>;wtTTT|d9bZ]u:g߾BX/_Wg.uj&PnǟzfmS5hwV1h-6(p|uut>=綩\ZM;rWYs\'E^{+:puֽ_{5KɧιmF*U(͞\';Vɉ]7wߊ磳go9Mh2YŠm1=TR#β7_^^=5~Q^+E\'Gq9Mh2YŠM\'M<vpⱧ٣ď~xG>?y韌?~vyH\\rQ;|snd@Ak)7Id@Akm&ڝUZKN&ڝUZK^3M;r,w4bZMV0M;MɀtAk)7N\rN7G_zb&\0V*%n_\r8\r}CYP6obzf\0V*\\6ǃ̥uu_W:gϾwW^yŇ?/4^ٌwXŠ畀3j?S$Y?=?d@Ak)ͱS݀K{kWU]_m\\>ߎ/d%]%2L;w-wKh2h-qϜgڜ4g}zM[nM6v8OF]c+ЛoAk	d5_MU7xRc==˿Η+}z{{\'&&Boh2h1inI\'?O֌|;;۔}78\\ݰwСCq\r*e6nf&LGX|Xﾯ}[_xs6&]G+JCCC7TAk)Ak7`~@[^ٶw-βl6;>>zCH/rټdj*CmMNNqzCH)rmTI+&cUرcpp0VRV1h-y,w4bbb\'VRV1h-&{,w4eƍ^UFV1h-L/	*%nrGZFFFr\\ bZMd/)#rM&cLNNf2[A\ZYŠfXE\'pAk<w陙eQVÉ vZ2/fYxe9a?FDϙyQ6HZݻ\"x|k|>cdᰃR+<W:06	\'add$]ڡa-g3ѳ&|gBi) vrJR6gL)|XNcMdᰃV411{H2Mdq}#Za-j||<βݻ*6gdK==X4A8uJ|6/Xߒeˡ\"&MF;hucccwwF]]1βwkY&#\0#%4A8쀤<PupIy\"%@EJ8	a$偊pH)P\'*R¡N; )TC v@RH	:A8쀤<PupIy\"%@EJ8	a$偊pH)P\'*R¡N; )TC v@RH	:A8zǧBwww߫zbb\"Ah2pw}l޼ydd$Ah2pJ6ȮbzӠQ4A8%vmW\\qEn喁\ra,mݺu ۺuk&)J\ZHXڣ>zWT}}}^Iƚa$r\r7T,@i2p\n[` v@RH	:A8 R4<<ߟf32Ŀ円aC!{}^<zԔYĿwm۶ſBմMF;hblrc.͉OeB軝vaMYoo7ƅ9soذarr2Odᰃ {4sЦMΧmh2pA󌎎nrt4>ٵڃ&#4ITd2>g?r뽿\ZIh2pA\r\rG	ߡVg׮IB$d7nybT3}|B?Rl[ѿ?\n4k`:8@\rh2pA9ċ(:39q!:EwtoM3fsm@ǧOW&^^_և~tޜޘQГϖYx%		A8I]u:g߾BX/_Wgtj&PnǟzfmeZpU[&8t4EΟwwtt~O\\x%		A8I]fu*]<z*z֭[+~=׼.i\':8c-I8NaMRbuDofϓx+?tWoE7?ۚ,P(tww\nM/S8ޜ~y!z\'G7v>E)z<U\'\\h2499dBoidy&U͛OxcO?Gˏ|?/쮯}֛MƒFGGBoidy&)7O*ɛ?>Ge4<A	;%\nM2d_7aGQ_Pd2R)F\'hr0aGQ;Bo)ey&)7k&h2(JLP(RMRn_ɨ#\r\r\nMRn	;n߾=Vj\'hM\nɘT*yAFp\'hr]~vZHXd2XI\ZxՖ%ߺsn|㗵۽{w.klǎ^O<AxNͫj\"~Gl6\'HX0h2hdy]f}TsVwΓͿ0U/ZyWs9\\nM9yX3,$jY+Oֹ\\p^X;l\0MR</j-vHee&)\'O[yjp˕u`oEl1M;l@Vd+Od^zϴt{<Y904U./nbwvkwǂ5ɀP2$py]~z]XT<bOn.!YVIr]VD7ieHi2,+$dyф:\'4ed/S<sf9˲MZa濞=lؑe$~yބ-,4I~b&Z	d&h2eYIMcv4в,O$==3#p4в,O$L嗿?3sM,4I__3	} \0,LA޽{`/wI[Cw44dOϕDMn	} \0,LA융}&z43O}Ei2hR~t|ߢ)|X\0X&nbb$Ldq\n}#P&flMgdK== R40f?24CQtЬ=<[rl|94MgY; )M$ͽ\0\ZGIuD\0\rcm:@ɀlhd\0Y\nvX}-@jY\n[\\VH*k_ascINy? e5Ys``Tm-d\0uXjcNH%l2\'eZ0|id\0IX{r+/vakHjB6i22K!TZIri2Hɉ\'ƱIi2ƱIi2ƱIi2ƱIi2ƱIi2ƱIi2ƱIi2ƱIi2ƱIi2ƱIi2ƱIi2ƱIi2ƱIi2ƱIi2ƱIi2ƱIi2ƱIi2ƱIi2ƱIi2ƱIi2ƱIi2ƱIi2ƱIi2ƱIi2ƱIi2ƱIi2ƱIi2ƱIi2ƱIi2ƱIi2ƱIi2ƱIi2ƱIi2ƱIi2ƱIi2ƱIi2ƱIi2ƱIi2ƱIi2ƱIi2ƱIi2ƱIi2ƱIi2ƱIi2ƱIi2Ʊ)_{WOLL45Ew}l޼ydd$)T*]uUAvwwwЛh2`	vW\\Qm[ne`` F5Xںu*AuL&S*BoZɀ=W^yed}}}^IHn4Y\rX4HP[`\04&\0cU*FFFvܙ?344T(Bo ڡɀ)wwwϞ=&i2ccc7n\\je2`4R	g?w{:~ǖ-[\\3ys˦ɀYBa[őG^^lN~+wUf\n+\0mIdSմ_cs޶s||<MiW*jϐݹkW\Z{v\\cճeI&ri2Hj{eYe<u}lh3Rmdddgj~;N4Zooo5d+T_[}\0d^{4٩gsǎwmh2Hl6[}ۋU	|+߶+.\rM)U,ZdչڷYcll,M)544T7d|򓟪|󁁁;\n4W[Ο=R7n\0AAJU\\&{ǆQ q੃dT_zGڃR岦C(@{\\BJT#G\Zd?zGڃRd{dՃ\'Eh2H|>_ɦuת7sGTyooohRjݕlڶdwUw=h2HӋNY&۴iS\r\rQ 2޽bUߜ,V,C%@{d^rZ~**M7Um.\0mCAz껈_XՓd\n\0mCA\rVsoѣ۾}{h\'nƍsj%WUPg\0DAMNNvuuU[WWsll,nMDqBU_rEvcW\r!ɀY###ճey&9=v֭5d&&&Zf~?RWk˖-WS\0MR,wٱ\r6,~/X	MU//)͎dɀJ8z{{tX&r{qn`h2\04\0@x\0 <M\0&\0,H2\0\0\0\0IENDB`',0),('97502',1,'diagrams/noticeBill.bpmn','97501','<?xml version=\"1.0\" encoding=\"UTF-8\"?>\n<definitions xmlns=\"http://www.omg.org/spec/BPMN/20100524/MODEL\" xmlns:xsi=\"http://www.w3.org/2001/XMLSchema-instance\" xmlns:xsd=\"http://www.w3.org/2001/XMLSchema\" xmlns:activiti=\"http://activiti.org/bpmn\" xmlns:bpmndi=\"http://www.omg.org/spec/BPMN/20100524/DI\" xmlns:omgdc=\"http://www.omg.org/spec/DD/20100524/DC\" xmlns:omgdi=\"http://www.omg.org/spec/DD/20100524/DI\" typeLanguage=\"http://www.w3.org/2001/XMLSchema\" expressionLanguage=\"http://www.w3.org/1999/XPath\" targetNamespace=\"http://www.activiti.org/test\">\n  <process id=\"noticeBill\" name=\"noticeBillprocess\" isExecutable=\"true\">\n    <startEvent id=\"startevent1\" name=\"Start\"></startEvent>\n    <endEvent id=\"endevent1\" name=\"End\"></endEvent>\n    <userTask id=\"usertask1\" name=\"起草\" activiti:assignee=\"${inputUser}\"></userTask>\n    <userTask id=\"usertask2\" name=\"审核\">\n      <extensionElements>\n        <activiti:taskListener event=\"create\" class=\"util.NoticeUtil\"></activiti:taskListener>\n      </extensionElements>\n    </userTask>\n    <sequenceFlow id=\"flow1\" name=\"流程开始\" sourceRef=\"startevent1\" targetRef=\"usertask1\"></sequenceFlow>\n    <sequenceFlow id=\"flow4\" name=\"发布中\" sourceRef=\"usertask2\" targetRef=\"endevent1\">\n      <conditionExpression xsi:type=\"tFormalExpression\"><![CDATA[${outcome==\'发布中\'}]]></conditionExpression>\n    </sequenceFlow>\n    <sequenceFlow id=\"flow5\" name=\"撤出\" sourceRef=\"usertask2\" targetRef=\"usertask1\">\n      <conditionExpression xsi:type=\"tFormalExpression\"><![CDATA[${outcome==\'撤除\'}]]></conditionExpression>\n    </sequenceFlow>\n    <sequenceFlow id=\"flow6\" sourceRef=\"usertask1\" targetRef=\"usertask2\"></sequenceFlow>\n  </process>\n  <bpmndi:BPMNDiagram id=\"BPMNDiagram_noticeBill\">\n    <bpmndi:BPMNPlane bpmnElement=\"noticeBill\" id=\"BPMNPlane_noticeBill\">\n      <bpmndi:BPMNShape bpmnElement=\"startevent1\" id=\"BPMNShape_startevent1\">\n        <omgdc:Bounds height=\"35.0\" width=\"35.0\" x=\"340.0\" y=\"89.0\"></omgdc:Bounds>\n      </bpmndi:BPMNShape>\n      <bpmndi:BPMNShape bpmnElement=\"endevent1\" id=\"BPMNShape_endevent1\">\n        <omgdc:Bounds height=\"35.0\" width=\"35.0\" x=\"340.0\" y=\"360.0\"></omgdc:Bounds>\n      </bpmndi:BPMNShape>\n      <bpmndi:BPMNShape bpmnElement=\"usertask1\" id=\"BPMNShape_usertask1\">\n        <omgdc:Bounds height=\"55.0\" width=\"105.0\" x=\"305.0\" y=\"155.0\"></omgdc:Bounds>\n      </bpmndi:BPMNShape>\n      <bpmndi:BPMNShape bpmnElement=\"usertask2\" id=\"BPMNShape_usertask2\">\n        <omgdc:Bounds height=\"55.0\" width=\"131.0\" x=\"292.0\" y=\"236.0\"></omgdc:Bounds>\n      </bpmndi:BPMNShape>\n      <bpmndi:BPMNEdge bpmnElement=\"flow1\" id=\"BPMNEdge_flow1\">\n        <omgdi:waypoint x=\"357.0\" y=\"124.0\"></omgdi:waypoint>\n        <omgdi:waypoint x=\"357.0\" y=\"155.0\"></omgdi:waypoint>\n        <bpmndi:BPMNLabel>\n          <omgdc:Bounds height=\"14.0\" width=\"48.0\" x=\"357.0\" y=\"124.0\"></omgdc:Bounds>\n        </bpmndi:BPMNLabel>\n      </bpmndi:BPMNEdge>\n      <bpmndi:BPMNEdge bpmnElement=\"flow4\" id=\"BPMNEdge_flow4\">\n        <omgdi:waypoint x=\"357.0\" y=\"291.0\"></omgdi:waypoint>\n        <omgdi:waypoint x=\"357.0\" y=\"360.0\"></omgdi:waypoint>\n        <bpmndi:BPMNLabel>\n          <omgdc:Bounds height=\"14.0\" width=\"100.0\" x=\"357.0\" y=\"291.0\"></omgdc:Bounds>\n        </bpmndi:BPMNLabel>\n      </bpmndi:BPMNEdge>\n      <bpmndi:BPMNEdge bpmnElement=\"flow5\" id=\"BPMNEdge_flow5\">\n        <omgdi:waypoint x=\"423.0\" y=\"263.0\"></omgdi:waypoint>\n        <omgdi:waypoint x=\"606.0\" y=\"263.0\"></omgdi:waypoint>\n        <omgdi:waypoint x=\"606.0\" y=\"214.0\"></omgdi:waypoint>\n        <omgdi:waypoint x=\"606.0\" y=\"184.0\"></omgdi:waypoint>\n        <omgdi:waypoint x=\"410.0\" y=\"184.0\"></omgdi:waypoint>\n        <omgdi:waypoint x=\"410.0\" y=\"184.0\"></omgdi:waypoint>\n        <omgdi:waypoint x=\"410.0\" y=\"182.0\"></omgdi:waypoint>\n        <bpmndi:BPMNLabel>\n          <omgdc:Bounds height=\"14.0\" width=\"100.0\" x=\"423.0\" y=\"263.0\"></omgdc:Bounds>\n        </bpmndi:BPMNLabel>\n      </bpmndi:BPMNEdge>\n      <bpmndi:BPMNEdge bpmnElement=\"flow6\" id=\"BPMNEdge_flow6\">\n        <omgdi:waypoint x=\"357.0\" y=\"210.0\"></omgdi:waypoint>\n        <omgdi:waypoint x=\"357.0\" y=\"236.0\"></omgdi:waypoint>\n      </bpmndi:BPMNEdge>\n    </bpmndi:BPMNPlane>\n  </bpmndi:BPMNDiagram>\n</definitions>',0),('97503',1,'diagrams/noticeBill.png','97501','PNG\r\n\Z\n\0\0\0\rIHDR\0\01\0\0\0\0\0+y\0\0 IDATxl}q5}%4j#Z)k xVNZE6\rFij&ȴESYS7EM\na\rԃ!܆+!X~c߽y<:w>w9wD\0\0z\0\0d\0\0-@\0\0\0d\0\0i2\04\0@x\0 <M\0&\0O\0\0\0d\0\0i2\04\0@x\0 <M\0&\0O\0\0\0d\0\0i2\04\0@x\0 <M\0&\0O\0\0\0d\0\0i2\04\0@x\0 <M\0&\0O\0\0\0d\0\0i2\04\0@x\0 <M\0&\0O\0\0\0d\0\0i2\04\0@x\0 <M\0&\0O\0\0\0d\0\0i2\04\0@x\0 <M\0&\0O\0\0\0d\0\0i2\04\0@x\0 <M\0&\0O\0\0\0d\0\0i2\04\0@x\0 <M\0&\0O\0\0\0d\0\0i2\04\0@x\0 <M\0&\0O\0\0\0d\0\0i2\04\0@x\0 <M,T*ܹ3efxxX,@CS,nθۻއ=RxڸqPX4pCe805]?m\0M{8Ȓ5V;:iӦ۷J{\0Ю40+ΩeX|宻lP+\0mIAqSC\0GQʃ<feX.Mi{<e97˅-6 :ۻAVO~S{	s\0DAAv੃d^9~`$ FFFrܪYen3wmh2Hl6ܷ\"[֩л64TXjPUfÆ\rw=h2H|>&s׮;\n4&{x#l6M)ח䯌d^<zk3w=h2HF:}3M)}\rmx::,2\0X.!zzz;rD%TCߜ\0KAJo}wClcoذ!M)588x뭟ihͷm\'B(@{dRLMe˖;\n4WC_Rz/ڃ&jӗ_җozچ&*JLRvk\nл64[:I&M7{*sG_3h2HbaÆzOAѣwh2 ,nC\0G:~=,d\0Go+6m;N~rY5v/~K\'@C@dJɮ\'n7;~&.Л40WPرcGWWn)NOag7o\Z_g۶OLNNdɀJ|>~KşlxxX,L5BI}z\0,M$a\0h+,&Si/ys?QkHj$MU9S|/\0ZHLKԒMI\0fX〤m:]I9ggiP_=,bg.w\'\0Zu\rHj_dѥMV\0ku\rH	6KsP\'[]$5?<Uͦ9upddiJdklUdgibWOֿ&<KBjhy=*6 :5\'b?`-I!ƱIi2ƱIi2ƱIi2ƱIi2ƱIi2ƱIi2ƱIi2Ʊ)_{WOLL45Ew}ߋ###7\r`Md@=R骫\r믿X,45EKۮjr-7\n`d֭[W	[f2Rz\0\ZM,G+&J2Fd@\"7pCBoڤɀD\nBdA4h+,R4<<ߟf3wKx@.\Z\ZNڣɠ-=}/=zaj*{ػwmI\\fդɠE|>e˖c0uΉOer\nB;\n`uh2hEq~o\\:oÆ\r.UɠreڴC]\0@AݲƩI2w\ZJi2h-R)ɼr|rjI2rq\Z4|>?5}:(E*Uk?@dZr{WAv㖟GO/F/LE?:=s>:pzzG\'.DS(EFßyd:8XMȑTtޜ޸;:ލ7OEGފ&KыwLTٙ3\';;;Cu\0+ɠtuu~ęubt엦gf>;wtTTT|d9bZ]u:g߾BX/_Wg.uj&PnǟzfmS5hwV1h-6(p|uut>=綩\ZM;rWYs\'E^{+:puֽ_{5KɧιmF*U(͞\';Vɉ]7wߊ磳go9Mh2YŠm1=TR#β7_^^=5~Q^+E\'Gq9Mh2YŠM\'M<vpⱧ٣ď~xG>?y韌?~vyH\\rQ;|snd@Ak)7Id@Akm&ڝUZKN&ڝUZK^3M;r,w4bZMV0M;MɀtAk)7N\rN7G_zb&\0V*%n_\r8\r}CYP6obzf\0V*\\6ǃ̥uu_W:gϾwW^yŇ?/4^ٌwXŠ畀3j?S$Y?=?d@Ak)ͱS݀K{kWU]_m\\>ߎ/d%]%2L;w-wKh2h-qϜgڜ4g}zM[nM6v8OF]c+ЛoAk	d5_MU7xRc==˿Η+}z{{\'&&Boh2h1inI\'?O֌|;;۔}78\\ݰwСCq\r*e6nf&LGX|Xﾯ}[_xs6&]G+JCCC7TAk)Ak7`~@[^ٶw-βl6;>>zCH/rټdj*CmMNNqzCH)rmTI+&cUرcpp0VRV1h-y,w4bbb\'VRV1h-&{,w4eƍ^UFV1h-L/	*%nrGZFFFr\\ bZMd/)#rM&cLNNf2[A\ZYŠfXE\'pAk<w陙eQVÉ vZ2/fYxe9a?FDϙyQ6HZݻ\"x|k|>cdᰃR+<W:06	\'add$]ڡa-g3ѳ&|gBi) vrJR6gL)|XNcMdᰃV411{H2Mdq}#Za-j||<βݻ*6gdK==X4A8uJ|6/Xߒeˡ\"&MF;hucccwwF]]1βwkY&#\0#%4A8쀤<PupIy\"%@EJ8	a$偊pH)P\'*R¡N; )TC v@RH	:A8쀤<PupIy\"%@EJ8	a$偊pH)P\'*R¡N; )TC v@RH	:A8zǧBwww߫zbb\"Ah2pw}l޼ydd$Ah2pJ6ȮbzӠQ4A8%vmW\\qEn喁\ra,mݺu ۺuk&)J\ZHXڣ>zWT}}}^Iƚa$r\r7T,@i2p\n[` v@RH	:A8 R4<<ߟf32Ŀ円aC!{}^<zԔYĿwm۶ſBմMF;hblrc.͉OeB軝vaMYoo7ƅ9soذarr2Odᰃ {4sЦMΧmh2pA󌎎nrt4>ٵڃ&#4ITd2>g?r뽿\ZIh2pA\r\rG	ߡVg׮IB$d7nybT3}|B?Rl[ѿ?\n4k`:8@\rh2pA9ċ(:39q!:EwtoM3fsm@ǧOW&^^_և~tޜޘQГϖYx%		A8I]u:g߾BX/_Wgtj&PnǟzfmeZpU[&8t4EΟwwtt~O\\x%		A8I]fu*]<z*z֭[+~=׼.i\':8c-I8NaMRbuDofϓx+?tWoE7?ۚ,P(tww\nM/S8ޜ~y!z\'G7v>E)z<U\'\\h2499dBoidy&U͛OxcO?Gˏ|?/쮯}֛MƒFGGBoidy&)7O*ɛ?>Ge4<A	;%\nM2d_7aGQ_Pd2R)F\'hr0aGQ;Bo)ey&)7k&h2(JLP(RMRn_ɨ#\r\r\nMRn	;n߾=Vj\'hM\nɘT*yAFp\'hr]~vZHXd2XI\ZxՖ%ߺsn|㗵۽{w.klǎ^O<AxNͫj\"~Gl6\'HX0h2hdy]f}TsVwΓͿ0U/ZyWs9\\nM9yX3,$jY+Oֹ\\p^X;l\0MR</j-vHee&)\'O[yjp˕u`oEl1M;l@Vd+Od^zϴt{<Y904U./nbwvkwǂ5ɀP2$py]~z]XT<bOn.!YVIr]VD7ieHi2,+$dyф:\'4ed/S<sf9˲MZa濞=lؑe$~yބ-,4I~b&Z	d&h2eYIMcv4в,O$==3#p4в,O$L嗿?3sM,4I__3	} \0,LA޽{`/wI[Cw44dOϕDMn	} \0,LA융}&z43O}Ei2hR~t|ߢ)|X\0X&nbb$Ldq\n}#P&flMgdK== R40f?24CQtЬ=<[rl|94MgY; )M$ͽ\0\ZGIuD\0\rcm:@ɀlhd\0Y\nvX}-@jY\n[\\VH*k_ascINy? e5Ys``Tm-d\0uXjcNH%l2\'eZ0|id\0IX{r+/vakHjB6i22K!TZIri2Hɉ\'ƱIi2ƱIi2ƱIi2ƱIi2ƱIi2ƱIi2ƱIi2ƱIi2ƱIi2ƱIi2ƱIi2ƱIi2ƱIi2ƱIi2ƱIi2ƱIi2ƱIi2ƱIi2ƱIi2ƱIi2ƱIi2ƱIi2ƱIi2ƱIi2ƱIi2ƱIi2ƱIi2ƱIi2ƱIi2ƱIi2ƱIi2ƱIi2ƱIi2ƱIi2ƱIi2ƱIi2ƱIi2ƱIi2ƱIi2ƱIi2ƱIi2ƱIi2ƱIi2ƱIi2ƱIi2Ʊ)_{WOLL45Ew}l޼ydd$)T*]uUAvwwwЛh2`	vW\\Qm[ne`` F5Xںu*AuL&S*BoZɀ=W^yed}}}^IHn4Y\rX4HP[`\04&\0cU*FFFvܙ?344T(Bo ڡɀ)wwwϞ=&i2ccc7n\\je2`4R	g?w{:~ǖ-[\\3ys˦ɀYBa[őG^^lN~+wUf\n+\0mIdSմ_cs޶s||<MiW*jϐݹkW\Z{v\\cճeI&ri2Hj{eYe<u}lh3Rmdddgj~;N4Zooo5d+T_[}\0d^{4٩gsǎwmh2Hl6[}ۋU	|+߶+.\rM)U,ZdչڷYcll,M)544T7d|򓟪|󁁁;\n4W[Ο=R7n\0AAJU\\&{ǆQ q੃dT_zGڃR岦C(@{\\BJT#G\Zd?zGڃRd{dՃ\'Eh2H|>_ɦuת7sGTyooohRjݕlڶdwUw=h2HӋNY&۴iS\r\rQ 2޽bUߜ,V,C%@{d^rZ~**M7Um.\0mCAz껈_XՓd\n\0mCA\rVsoѣ۾}{h\'nƍsj%WUPg\0DAMNNvuuU[WWsll,nMDqBU_rEvcW\r!ɀY###ճey&9=v֭5d&&&Zf~?RWk˖-WS\0MR,wٱ\r6,~/X	MU//)͎dɀJ8z{{tX&r{qn`h2\04\0@x\0 <M\0&\0,H2\0\0\0\0IENDB`',0);

/*Table structure for table `act_ge_property` */

DROP TABLE IF EXISTS `act_ge_property`;

CREATE TABLE `act_ge_property` (
  `NAME_` varchar(64) collate utf8_bin NOT NULL default '',
  `VALUE_` varchar(300) collate utf8_bin default NULL,
  `REV_` int(11) default NULL,
  PRIMARY KEY  (`NAME_`)
) ENGINE=InnoDB DEFAULT CHARSET=utf8 COLLATE=utf8_bin;

/*Data for the table `act_ge_property` */

insert  into `act_ge_property`(`NAME_`,`VALUE_`,`REV_`) values ('next.dbid','210001',85),('schema.history','create(5.13) upgrade(5.13->5.20.0.1)',2),('schema.version','5.20.0.1',2);

/*Table structure for table `act_hi_actinst` */

DROP TABLE IF EXISTS `act_hi_actinst`;

CREATE TABLE `act_hi_actinst` (
  `ID_` varchar(64) collate utf8_bin NOT NULL,
  `PROC_DEF_ID_` varchar(64) collate utf8_bin NOT NULL,
  `PROC_INST_ID_` varchar(64) collate utf8_bin NOT NULL,
  `EXECUTION_ID_` varchar(64) collate utf8_bin NOT NULL,
  `ACT_ID_` varchar(255) collate utf8_bin NOT NULL,
  `TASK_ID_` varchar(64) collate utf8_bin default NULL,
  `CALL_PROC_INST_ID_` varchar(64) collate utf8_bin default NULL,
  `ACT_NAME_` varchar(255) collate utf8_bin default NULL,
  `ACT_TYPE_` varchar(255) collate utf8_bin NOT NULL,
  `ASSIGNEE_` varchar(255) collate utf8_bin default NULL,
  `DURATION_` bigint(20) default NULL,
  `TENANT_ID_` varchar(255) collate utf8_bin default '',
  `START_TIME_` datetime NOT NULL,
  `END_TIME_` datetime default NULL,
  PRIMARY KEY  (`ID_`),
  KEY `ACT_IDX_HI_ACT_INST_PROCINST` (`PROC_INST_ID_`,`ACT_ID_`),
  KEY `ACT_IDX_HI_ACT_INST_EXEC` (`EXECUTION_ID_`,`ACT_ID_`)
) ENGINE=InnoDB DEFAULT CHARSET=utf8 COLLATE=utf8_bin;

/*Data for the table `act_hi_actinst` */

insert  into `act_hi_actinst`(`ID_`,`PROC_DEF_ID_`,`PROC_INST_ID_`,`EXECUTION_ID_`,`ACT_ID_`,`TASK_ID_`,`CALL_PROC_INST_ID_`,`ACT_NAME_`,`ACT_TYPE_`,`ASSIGNEE_`,`DURATION_`,`TENANT_ID_`,`START_TIME_`,`END_TIME_`) values ('100002','noticeBill:14:97504','100001','100001','startevent1',NULL,NULL,'Start','startEvent',NULL,12,'','2017-08-15 17:06:49','2017-08-15 17:06:49'),('100005','noticeBill:14:97504','100001','100001','usertask1','100006',NULL,'起草','userTask','阿哥',897,'','2017-08-15 17:06:49','2017-08-15 17:06:49'),('100009','noticeBill:14:97504','100001','100001','usertask2','100010',NULL,'审核','userTask','阿哥',11164,'','2017-08-15 17:06:49','2017-08-15 17:07:00'),('10002','noticeBill:2:7504','10001','10001','startevent1',NULL,NULL,'Start','startEvent',NULL,12,'','2017-08-15 14:56:37','2017-08-15 14:56:37'),('10005','noticeBill:2:7504','10001','10001','usertask1','10006',NULL,'起草','userTask','管理员',923,'','2017-08-15 14:56:37','2017-08-15 14:56:37'),('10009','noticeBill:2:7504','10001','10001','usertask2','10010',NULL,'审核','userTask','阿哥',28371,'','2017-08-15 14:56:37','2017-08-15 14:57:05'),('10013','noticeBill:3:15004','10012','10012','startevent1',NULL,NULL,'Start','startEvent',NULL,5,'','2017-08-15 15:07:40','2017-08-15 15:07:40'),('10016','noticeBill:3:15004','10012','10012','usertask1','10017',NULL,'起草','userTask','管理员',170,'','2017-08-15 15:07:40','2017-08-15 15:07:40'),('10020','noticeBill:3:15004','10012','10012','usertask2','10021',NULL,'审核','userTask','阿哥',15781,'','2017-08-15 15:07:40','2017-08-15 15:07:55'),('102501','noticeBill:14:97504','100001','100001','usertask1','102502',NULL,'起草','userTask','阿哥',9123,'','2017-08-15 17:07:00','2017-08-15 17:07:09'),('105001','noticeBill:14:97504','100001','100001','usertask2','105002',NULL,'审核','userTask','阿哥',18433,'','2017-08-15 17:07:09','2017-08-15 17:07:27'),('107501','noticeBill:14:97504','100001','100001','endevent1',NULL,NULL,'End','endEvent',NULL,0,'','2017-08-15 17:07:27','2017-08-15 17:07:27'),('112502','noticeBill:15:110004','112501','112501','startevent1',NULL,NULL,'Start','startEvent',NULL,14,'','2017-08-15 17:11:40','2017-08-15 17:11:40'),('112505','noticeBill:15:110004','112501','112501','usertask1','112506',NULL,'起草','userTask','阿哥',913,'','2017-08-15 17:11:40','2017-08-15 17:11:40'),('112509','noticeBill:15:110004','112501','112501','usertask2','112510',NULL,'审核','userTask','阿哥',25388,'','2017-08-15 17:11:40','2017-08-15 17:12:05'),('112512','noticeBill:16:120004','112511','112511','startevent1',NULL,NULL,'Start','startEvent',NULL,1,'','2017-08-15 17:16:41','2017-08-15 17:16:41'),('112515','noticeBill:16:120004','112511','112511','usertask1','112516',NULL,'起草','userTask','阿哥',90,'','2017-08-15 17:16:41','2017-08-15 17:16:41'),('112519','noticeBill:16:120004','112511','112511','usertask2','112520',NULL,'审核','userTask','阿哥',9853,'','2017-08-15 17:16:41','2017-08-15 17:16:50'),('112522','noticeBill:17:130004','112521','112521','startevent1',NULL,NULL,'Start','startEvent',NULL,2,'','2017-08-15 17:18:39','2017-08-15 17:18:39'),('112525','noticeBill:17:130004','112521','112521','usertask1','112526',NULL,'起草','userTask','阿哥',670,'','2017-08-15 17:18:39','2017-08-15 17:18:39'),('112529','noticeBill:17:130004','112521','112521','usertask2','112530',NULL,'审核','userTask','阿哥',9531,'','2017-08-15 17:18:39','2017-08-15 17:18:48'),('112533','noticeBill:18:135004','112531','112531','startevent1',NULL,NULL,'Start','startEvent',NULL,2,'','2017-08-15 17:20:47','2017-08-15 17:20:47'),('112536','noticeBill:18:135004','112531','112531','usertask1','112537',NULL,'起草','userTask','阿哥',71,'','2017-08-15 17:20:47','2017-08-15 17:20:47'),('112539','noticeBill:18:135004','112531','112531','usertask2','112540',NULL,'审核','userTask','阿哥',12946,'','2017-08-15 17:20:47','2017-08-15 17:20:59'),('115001','noticeBill:15:110004','112501','112501','usertask1','115002',NULL,'起草','userTask','阿哥',24590,'','2017-08-15 17:12:05','2017-08-15 17:12:29'),('117501','noticeBill:15:110004','112501','112501','usertask2','117502',NULL,'审核','userTask','阿哥',972738,'','2017-08-15 17:12:29','2017-08-15 17:28:41'),('122501','noticeBill:16:120004','112511','112511','usertask1','122502',NULL,'起草','userTask','阿哥',10848,'','2017-08-15 17:16:50','2017-08-15 17:17:00'),('125001','noticeBill:16:120004','112511','112511','usertask2','125002',NULL,'审核','userTask','阿哥',8482,'','2017-08-15 17:17:00','2017-08-15 17:17:08'),('12501','noticeBill:2:7504','10001','10001','endevent1',NULL,NULL,'End','endEvent',NULL,0,'','2017-08-15 14:57:05','2017-08-15 14:57:05'),('127501','noticeBill:16:120004','112511','112511','endevent1',NULL,NULL,'End','endEvent',NULL,0,'','2017-08-15 17:17:08','2017-08-15 17:17:08'),('132501','noticeBill:17:130004','112521','112521','endevent1',NULL,NULL,'End','endEvent',NULL,0,'','2017-08-15 17:18:48','2017-08-15 17:18:48'),('137501','noticeBill:18:135004','112531','112531','usertask1','137502',NULL,'起草','userTask','阿哥',12462,'','2017-08-15 17:20:59','2017-08-15 17:21:11'),('140001','noticeBill:18:135004','112531','112531','usertask2','140002',NULL,'审核','userTask','阿哥',7499,'','2017-08-15 17:21:11','2017-08-15 17:21:18'),('142501','noticeBill:18:135004','112531','112531','endevent1',NULL,NULL,'End','endEvent',NULL,0,'','2017-08-15 17:21:18','2017-08-15 17:21:18'),('145001','noticeBill:15:110004','112501','112501','endevent1',NULL,NULL,'End','endEvent',NULL,1,'','2017-08-15 17:28:41','2017-08-15 17:28:41'),('150002','noticeBill:19:147504','150001','150001','startevent1',NULL,NULL,'Start','startEvent',NULL,12,'','2017-08-16 08:43:24','2017-08-16 08:43:24'),('150005','noticeBill:19:147504','150001','150001','usertask1','150006',NULL,'起草','userTask','阿哥',987,'','2017-08-16 08:43:24','2017-08-16 08:43:24'),('150009','noticeBill:19:147504','150001','150001','usertask2','150010',NULL,'审核','userTask','阿哥',132479,'','2017-08-16 08:43:24','2017-08-16 08:45:36'),('152501','noticeBill:19:147504','150001','150001','usertask1','152502',NULL,'起草','userTask','阿哥',87168,'','2017-08-16 08:45:36','2017-08-16 08:47:03'),('155001','noticeBill:19:147504','150001','150001','usertask2','155002',NULL,'审核','userTask','阿哥',8516,'','2017-08-16 08:47:03','2017-08-16 08:47:11'),('157501','noticeBill:19:147504','150001','150001','endevent1',NULL,NULL,'End','endEvent',NULL,0,'','2017-08-16 08:47:11','2017-08-16 08:47:11'),('162502','noticeBill:20:160004','162501','162501','startevent1',NULL,NULL,'Start','startEvent',NULL,16,'','2017-08-16 11:35:38','2017-08-16 11:35:38'),('162505','noticeBill:20:160004','162501','162501','usertask1','162506',NULL,'起草','userTask','阿哥',964,'','2017-08-16 11:35:38','2017-08-16 11:35:38'),('162509','noticeBill:20:160004','162501','162501','usertask2','162510',NULL,'审核','userTask','阿哥',18420,'','2017-08-16 11:35:38','2017-08-16 11:35:56'),('165001','noticeBill:20:160004','162501','162501','usertask1','165002',NULL,'起草','userTask','阿哥',1660345,'','2017-08-16 11:35:56','2017-08-16 12:03:36'),('167501','noticeBill:20:160004','162501','162501','usertask2','167502',NULL,'审核','userTask','阿哥',14449,'','2017-08-16 12:03:36','2017-08-16 12:03:50'),('170001','noticeBill:20:160004','162501','162501','endevent1',NULL,NULL,'End','endEvent',NULL,0,'','2017-08-16 12:03:50','2017-08-16 12:03:50'),('175002','noticeBill:21:172504','175001','175001','startevent1',NULL,NULL,'Start','startEvent',NULL,9,'','2017-08-16 12:47:17','2017-08-16 12:47:17'),('175005','noticeBill:21:172504','175001','175001','usertask1','175006',NULL,'起草','userTask','管理员',266,'','2017-08-16 12:47:17','2017-08-16 12:47:17'),('175009','noticeBill:21:172504','175001','175001','usertask2','175010',NULL,'审核','userTask','阿哥',17243419,'','2017-08-16 12:47:17','2017-08-16 17:34:40'),('177501','noticeBill:21:172504','175001','175001','endevent1',NULL,NULL,'End','endEvent',NULL,0,'','2017-08-16 17:34:40','2017-08-16 17:34:40'),('182502','noticeBill:22:180004','182501','182501','startevent1',NULL,NULL,'Start','startEvent',NULL,18,'','2017-08-17 10:07:46','2017-08-17 10:07:46'),('182505','noticeBill:22:180004','182501','182501','usertask1','182506',NULL,'起草','userTask','管理员',402,'','2017-08-17 10:07:46','2017-08-17 10:07:46'),('182509','noticeBill:22:180004','182501','182501','usertask2','182510',NULL,'审核','userTask','阿哥',15814708,'','2017-08-17 10:07:46','2017-08-17 14:31:20'),('185001','noticeBill:22:180004','182501','182501','endevent1',NULL,NULL,'End','endEvent',NULL,0,'','2017-08-17 14:31:20','2017-08-17 14:31:20'),('190002','noticeBill:23:187504','190001','190001','startevent1',NULL,NULL,'Start','startEvent',NULL,19,'','2017-08-17 15:41:55','2017-08-17 15:41:55'),('190005','noticeBill:23:187504','190001','190001','usertask1','190006',NULL,'起草','userTask','管理员',367,'','2017-08-17 15:41:55','2017-08-17 15:41:55'),('190009','noticeBill:23:187504','190001','190001','usertask2','190010',NULL,'审核','userTask','阿哥',52914,'','2017-08-17 15:41:55','2017-08-17 15:42:47'),('192501','noticeBill:23:187504','190001','190001','endevent1',NULL,NULL,'End','endEvent',NULL,0,'','2017-08-17 15:42:48','2017-08-17 15:42:48'),('197502','noticeBill:24:195004','197501','197501','startevent1',NULL,NULL,'Start','startEvent',NULL,9,'','2017-08-19 09:04:48','2017-08-19 09:04:48'),('197505','noticeBill:24:195004','197501','197501','usertask1','197506',NULL,'起草','userTask','阿哥',343,'','2017-08-19 09:04:48','2017-08-19 09:04:48'),('197509','noticeBill:24:195004','197501','197501','usertask2','197510',NULL,'审核','userTask','阿哥',60419,'','2017-08-19 09:04:48','2017-08-19 09:05:48'),('200002','noticeBill:24:195004','197501','197501','usertask1','200003',NULL,'起草','userTask','阿哥',28057,'','2017-08-19 09:05:48','2017-08-19 09:06:16'),('20002','noticeBill:4:17504','20001','20001','startevent1',NULL,NULL,'Start','startEvent',NULL,10,'','2017-08-15 15:30:34','2017-08-15 15:30:34'),('20005','noticeBill:4:17504','20001','20001','usertask1','20006',NULL,'起草','userTask','管理员',691,'','2017-08-15 15:30:34','2017-08-15 15:30:34'),('20009','noticeBill:4:17504','20001','20001','usertask2','20010',NULL,'审核','userTask','阿哥',NULL,'','2017-08-15 15:30:34',NULL),('202501','noticeBill:24:195004','197501','197501','usertask2','202502',NULL,'审核','userTask','阿哥',544,'','2017-08-19 09:06:16','2017-08-19 09:06:16'),('205001','noticeBill:24:195004','197501','197501','usertask1','205002',NULL,'起草','userTask','阿哥',9432,'','2017-08-19 09:06:16','2017-08-19 09:06:25'),('207501','noticeBill:24:195004','197501','197501','usertask2','207502',NULL,'审核','userTask','阿哥',NULL,'','2017-08-19 09:06:25',NULL),('25002','noticeBill:5:22504','25001','25001','startevent1',NULL,NULL,'Start','startEvent',NULL,26,'','2017-08-15 15:34:40','2017-08-15 15:34:40'),('25005','noticeBill:5:22504','25001','25001','usertask1','25006',NULL,'起草','userTask','管理员',652,'','2017-08-15 15:34:40','2017-08-15 15:34:40'),('25009','noticeBill:5:22504','25001','25001','usertask2','25010',NULL,'审核','userTask','阿哥',15242,'','2017-08-15 15:34:40','2017-08-15 15:34:55'),('2502','noticeBill:1:4','2501','2501','startevent1',NULL,NULL,'Start','startEvent',NULL,18,'','2017-08-15 14:53:56','2017-08-15 14:53:56'),('2505','noticeBill:1:4','2501','2501','usertask1','2506',NULL,'起草','userTask','管理员',729,'','2017-08-15 14:53:56','2017-08-15 14:53:56'),('2509','noticeBill:1:4','2501','2501','usertask2','2510',NULL,'审核','userTask','阿哥',18828,'','2017-08-15 14:53:56','2017-08-15 14:54:14'),('27501','noticeBill:5:22504','25001','25001','usertask1','27502',NULL,'起草','userTask','管理员',1112434,'','2017-08-15 15:34:55','2017-08-15 15:53:27'),('30001','noticeBill:5:22504','25001','25001','usertask2','30002',NULL,'审核','userTask','阿哥',NULL,'','2017-08-15 15:53:27',NULL),('45002','noticeBill:6:42504','45001','45001','startevent1',NULL,NULL,'Start','startEvent',NULL,12,'','2017-08-15 16:13:17','2017-08-15 16:13:17'),('45005','noticeBill:6:42504','45001','45001','usertask1','45006',NULL,'起草','userTask','管理员',907,'','2017-08-15 16:13:17','2017-08-15 16:13:17'),('45009','noticeBill:6:42504','45001','45001','usertask2','45010',NULL,'审核','userTask','阿哥',NULL,'','2017-08-15 16:13:17',NULL),('50002','noticeBill:7:47504','50001','50001','startevent1',NULL,NULL,'Start','startEvent',NULL,15,'','2017-08-15 16:15:14','2017-08-15 16:15:14'),('50005','noticeBill:7:47504','50001','50001','usertask1','50006',NULL,'起草','userTask','阿哥',747,'','2017-08-15 16:15:14','2017-08-15 16:15:14'),('50009','noticeBill:7:47504','50001','50001','usertask2','50010',NULL,'审核','userTask','阿哥',194775,'','2017-08-15 16:15:14','2017-08-15 16:18:28'),('5001','noticeBill:1:4','2501','2501','endevent1',NULL,NULL,'End','endEvent',NULL,0,'','2017-08-15 14:54:14','2017-08-15 14:54:14'),('55002','noticeBill:8:52504','55001','55001','startevent1',NULL,NULL,'Start','startEvent',NULL,16,'','2017-08-15 16:16:44','2017-08-15 16:16:44'),('55005','noticeBill:8:52504','55001','55001','usertask1','55006',NULL,'起草','userTask','管理员',521,'','2017-08-15 16:16:44','2017-08-15 16:16:44'),('55009','noticeBill:8:52504','55001','55001','usertask2','55010',NULL,'审核','userTask','阿哥',115181,'','2017-08-15 16:16:44','2017-08-15 16:18:39'),('57501','noticeBill:7:47504','50001','50001','usertask1','57502',NULL,'起草','userTask','阿哥',463949,'','2017-08-15 16:18:28','2017-08-15 16:26:11'),('60001','noticeBill:8:52504','55001','55001','endevent1',NULL,NULL,'End','endEvent',NULL,1,'','2017-08-15 16:18:39','2017-08-15 16:18:39'),('65002','noticeBill:9:62504','65001','65001','startevent1',NULL,NULL,'Start','startEvent',NULL,12,'','2017-08-15 16:20:42','2017-08-15 16:20:42'),('65005','noticeBill:9:62504','65001','65001','usertask1','65006',NULL,'起草','userTask','阿哥',546,'','2017-08-15 16:20:42','2017-08-15 16:20:42'),('65009','noticeBill:9:62504','65001','65001','usertask2','65010',NULL,'审核','userTask','阿哥',8512,'','2017-08-15 16:20:42','2017-08-15 16:20:50'),('67501','noticeBill:9:62504','65001','65001','endevent1',NULL,NULL,'End','endEvent',NULL,0,'','2017-08-15 16:20:50','2017-08-15 16:20:50'),('70001','noticeBill:7:47504','50001','50001','usertask2','70002',NULL,'审核','userTask','阿哥',NULL,'','2017-08-15 16:26:11',NULL),('75002','noticeBill:10:72504','75001','75001','startevent1',NULL,NULL,'Start','startEvent',NULL,1,'','2017-08-15 16:27:06','2017-08-15 16:27:06'),('75005','noticeBill:10:72504','75001','75001','usertask1','75006',NULL,'起草','userTask','阿哥',649,'','2017-08-15 16:27:06','2017-08-15 16:27:06'),('75009','noticeBill:10:72504','75001','75001','usertask2','75010',NULL,'审核','userTask','阿哥',12867,'','2017-08-15 16:27:06','2017-08-15 16:27:18'),('77516','noticeBill:11:80004','77515','77515','startevent1',NULL,NULL,'Start','startEvent',NULL,1,'','2017-08-15 16:32:39','2017-08-15 16:32:39'),('77519','noticeBill:11:80004','77515','77515','usertask1','77520',NULL,'起草','userTask','阿哥',309,'','2017-08-15 16:32:39','2017-08-15 16:32:39'),('77523','noticeBill:11:80004','77515','77515','usertask2','77524',NULL,'审核','userTask','阿哥',NULL,'','2017-08-15 16:32:39',NULL),('85002','noticeBill:12:82504','85001','85001','startevent1',NULL,NULL,'Start','startEvent',NULL,13,'','2017-08-15 16:36:02','2017-08-15 16:36:02'),('85005','noticeBill:12:82504','85001','85001','usertask1','85006',NULL,'起草','userTask','阿哥',170,'','2017-08-15 16:36:02','2017-08-15 16:36:02'),('85009','noticeBill:12:82504','85001','85001','usertask2','85010',NULL,'审核','userTask','阿哥',7890,'','2017-08-15 16:36:02','2017-08-15 16:36:09'),('85012','noticeBill:13:90004','85011','85011','startevent1',NULL,NULL,'Start','startEvent',NULL,2,'','2017-08-15 16:36:22','2017-08-15 16:36:22'),('85015','noticeBill:13:90004','85011','85011','usertask1','85016',NULL,'起草','userTask','阿哥',590,'','2017-08-15 16:36:22','2017-08-15 16:36:22'),('85019','noticeBill:13:90004','85011','85011','usertask2','85020',NULL,'审核','userTask','阿哥',11721,'','2017-08-15 16:36:22','2017-08-15 16:36:33'),('87501','noticeBill:12:82504','85001','85001','endevent1',NULL,NULL,'End','endEvent',NULL,1,'','2017-08-15 16:36:09','2017-08-15 16:36:09'),('92501','noticeBill:13:90004','85011','85011','usertask1','92502',NULL,'起草','userTask','阿哥',NULL,'','2017-08-15 16:36:33',NULL);

/*Table structure for table `act_hi_attachment` */

DROP TABLE IF EXISTS `act_hi_attachment`;

CREATE TABLE `act_hi_attachment` (
  `ID_` varchar(64) collate utf8_bin NOT NULL,
  `REV_` int(11) default NULL,
  `USER_ID_` varchar(255) collate utf8_bin default NULL,
  `NAME_` varchar(255) collate utf8_bin default NULL,
  `DESCRIPTION_` varchar(4000) collate utf8_bin default NULL,
  `TYPE_` varchar(255) collate utf8_bin default NULL,
  `TASK_ID_` varchar(64) collate utf8_bin default NULL,
  `PROC_INST_ID_` varchar(64) collate utf8_bin default NULL,
  `URL_` varchar(4000) collate utf8_bin default NULL,
  `CONTENT_ID_` varchar(64) collate utf8_bin default NULL,
  `TIME_` datetime default NULL,
  PRIMARY KEY  (`ID_`)
) ENGINE=InnoDB DEFAULT CHARSET=utf8 COLLATE=utf8_bin;

/*Data for the table `act_hi_attachment` */

/*Table structure for table `act_hi_comment` */

DROP TABLE IF EXISTS `act_hi_comment`;

CREATE TABLE `act_hi_comment` (
  `ID_` varchar(64) collate utf8_bin NOT NULL,
  `TYPE_` varchar(255) collate utf8_bin default NULL,
  `USER_ID_` varchar(255) collate utf8_bin default NULL,
  `TASK_ID_` varchar(64) collate utf8_bin default NULL,
  `PROC_INST_ID_` varchar(64) collate utf8_bin default NULL,
  `ACTION_` varchar(255) collate utf8_bin default NULL,
  `MESSAGE_` varchar(4000) collate utf8_bin default NULL,
  `FULL_MSG_` longblob,
  `TIME_` datetime NOT NULL,
  PRIMARY KEY  (`ID_`)
) ENGINE=InnoDB DEFAULT CHARSET=utf8 COLLATE=utf8_bin;

/*Data for the table `act_hi_comment` */

/*Table structure for table `act_hi_detail` */

DROP TABLE IF EXISTS `act_hi_detail`;

CREATE TABLE `act_hi_detail` (
  `ID_` varchar(64) collate utf8_bin NOT NULL,
  `TYPE_` varchar(255) collate utf8_bin NOT NULL,
  `PROC_INST_ID_` varchar(64) collate utf8_bin default NULL,
  `EXECUTION_ID_` varchar(64) collate utf8_bin default NULL,
  `TASK_ID_` varchar(64) collate utf8_bin default NULL,
  `ACT_INST_ID_` varchar(64) collate utf8_bin default NULL,
  `NAME_` varchar(255) collate utf8_bin NOT NULL,
  `VAR_TYPE_` varchar(255) collate utf8_bin default NULL,
  `REV_` int(11) default NULL,
  `BYTEARRAY_ID_` varchar(64) collate utf8_bin default NULL,
  `DOUBLE_` double default NULL,
  `LONG_` bigint(20) default NULL,
  `TEXT_` varchar(4000) collate utf8_bin default NULL,
  `TEXT2_` varchar(4000) collate utf8_bin default NULL,
  `TIME_` datetime NOT NULL,
  PRIMARY KEY  (`ID_`),
  KEY `ACT_IDX_HI_DETAIL_PROC_INST` (`PROC_INST_ID_`),
  KEY `ACT_IDX_HI_DETAIL_ACT_INST` (`ACT_INST_ID_`),
  KEY `ACT_IDX_HI_DETAIL_NAME` (`NAME_`),
  KEY `ACT_IDX_HI_DETAIL_TASK_ID` (`TASK_ID_`)
) ENGINE=InnoDB DEFAULT CHARSET=utf8 COLLATE=utf8_bin;

/*Data for the table `act_hi_detail` */

/*Table structure for table `act_hi_identitylink` */

DROP TABLE IF EXISTS `act_hi_identitylink`;

CREATE TABLE `act_hi_identitylink` (
  `ID_` varchar(64) collate utf8_bin NOT NULL default '',
  `GROUP_ID_` varchar(255) collate utf8_bin default NULL,
  `TYPE_` varchar(255) collate utf8_bin default NULL,
  `USER_ID_` varchar(255) collate utf8_bin default NULL,
  `TASK_ID_` varchar(64) collate utf8_bin default NULL,
  `PROC_INST_ID_` varchar(64) collate utf8_bin default NULL,
  PRIMARY KEY  (`ID_`),
  KEY `ACT_IDX_HI_IDENT_LNK_USER` (`USER_ID_`),
  KEY `ACT_IDX_HI_IDENT_LNK_TASK` (`TASK_ID_`),
  KEY `ACT_IDX_HI_IDENT_LNK_PROCINST` (`PROC_INST_ID_`)
) ENGINE=InnoDB DEFAULT CHARSET=utf8 COLLATE=utf8_bin;

/*Data for the table `act_hi_identitylink` */

insert  into `act_hi_identitylink`(`ID_`,`GROUP_ID_`,`TYPE_`,`USER_ID_`,`TASK_ID_`,`PROC_INST_ID_`) values ('100007',NULL,'participant','阿哥',NULL,'100001'),('10007',NULL,'participant','管理员',NULL,'10001'),('10011',NULL,'participant','阿哥',NULL,'10001'),('10018',NULL,'participant','管理员',NULL,'10012'),('10022',NULL,'participant','阿哥',NULL,'10012'),('112507',NULL,'participant','阿哥',NULL,'112501'),('112517',NULL,'participant','阿哥',NULL,'112511'),('112527',NULL,'participant','阿哥',NULL,'112521'),('112532',NULL,'starter','阿哥',NULL,'112531'),('150007',NULL,'participant','阿哥',NULL,'150001'),('162507',NULL,'participant','阿哥',NULL,'162501'),('175007',NULL,'participant','管理员',NULL,'175001'),('175011',NULL,'participant','阿哥',NULL,'175001'),('182507',NULL,'participant','管理员',NULL,'182501'),('182511',NULL,'participant','阿哥',NULL,'182501'),('190007',NULL,'participant','管理员',NULL,'190001'),('190011',NULL,'participant','阿哥',NULL,'190001'),('197507',NULL,'participant','阿哥',NULL,'197501'),('200001',NULL,'participant','管理员',NULL,'197501'),('20007',NULL,'participant','管理员',NULL,'20001'),('20011',NULL,'participant','阿哥',NULL,'20001'),('25007',NULL,'participant','管理员',NULL,'25001'),('25011',NULL,'participant','阿哥',NULL,'25001'),('2507',NULL,'participant','管理员',NULL,'2501'),('2511',NULL,'participant','阿哥',NULL,'2501'),('45007',NULL,'participant','管理员',NULL,'45001'),('45011',NULL,'participant','阿哥',NULL,'45001'),('50007',NULL,'participant','阿哥',NULL,'50001'),('55007',NULL,'participant','管理员',NULL,'55001'),('55011',NULL,'participant','阿哥',NULL,'55001'),('65007',NULL,'participant','阿哥',NULL,'65001'),('75007',NULL,'participant','阿哥',NULL,'75001'),('77521',NULL,'participant','阿哥',NULL,'77515'),('85007',NULL,'participant','阿哥',NULL,'85001'),('85017',NULL,'participant','阿哥',NULL,'85011');

/*Table structure for table `act_hi_procinst` */

DROP TABLE IF EXISTS `act_hi_procinst`;

CREATE TABLE `act_hi_procinst` (
  `ID_` varchar(64) collate utf8_bin NOT NULL,
  `PROC_INST_ID_` varchar(64) collate utf8_bin NOT NULL,
  `BUSINESS_KEY_` varchar(255) collate utf8_bin default NULL,
  `PROC_DEF_ID_` varchar(64) collate utf8_bin NOT NULL,
  `DURATION_` bigint(20) default NULL,
  `START_USER_ID_` varchar(255) collate utf8_bin default NULL,
  `START_ACT_ID_` varchar(255) collate utf8_bin default NULL,
  `END_ACT_ID_` varchar(255) collate utf8_bin default NULL,
  `SUPER_PROCESS_INSTANCE_ID_` varchar(64) collate utf8_bin default NULL,
  `DELETE_REASON_` varchar(4000) collate utf8_bin default NULL,
  `TENANT_ID_` varchar(255) collate utf8_bin default '',
  `START_TIME_` datetime NOT NULL,
  `END_TIME_` datetime default NULL,
  `NAME_` varchar(255) collate utf8_bin default NULL,
  PRIMARY KEY  (`ID_`),
  UNIQUE KEY `PROC_INST_ID_` (`PROC_INST_ID_`),
  KEY `ACT_IDX_HI_PRO_I_BUSKEY` (`BUSINESS_KEY_`)
) ENGINE=InnoDB DEFAULT CHARSET=utf8 COLLATE=utf8_bin;

/*Data for the table `act_hi_procinst` */

insert  into `act_hi_procinst`(`ID_`,`PROC_INST_ID_`,`BUSINESS_KEY_`,`PROC_DEF_ID_`,`DURATION_`,`START_USER_ID_`,`START_ACT_ID_`,`END_ACT_ID_`,`SUPER_PROCESS_INSTANCE_ID_`,`DELETE_REASON_`,`TENANT_ID_`,`START_TIME_`,`END_TIME_`,`NAME_`) values ('100001','100001','noticeBill.132','noticeBill:14:97504',38440,NULL,'startevent1','endevent1',NULL,NULL,'','2017-08-15 17:06:49','2017-08-15 17:07:27',NULL),('10001','10001','noticeBill.120','noticeBill:2:7504',28392,NULL,'startevent1','endevent1',NULL,NULL,'','2017-08-15 14:56:37','2017-08-15 14:57:05',NULL),('10012','10012','noticeBill.121','noticeBill:3:15004',15782,NULL,'startevent1','usertask2',NULL,NULL,'','2017-08-15 15:07:40','2017-08-15 15:07:55',NULL),('112501','112501','noticeBill.133','noticeBill:15:110004',1021757,NULL,'startevent1','endevent1',NULL,NULL,'','2017-08-15 17:11:40','2017-08-15 17:28:41',NULL),('112511','112511','noticeBill.134','noticeBill:16:120004',27502,NULL,'startevent1','endevent1',NULL,NULL,'','2017-08-15 17:16:41','2017-08-15 17:17:08',NULL),('112521','112521','noticeBill.135','noticeBill:17:130004',9548,NULL,'startevent1','endevent1',NULL,NULL,'','2017-08-15 17:18:39','2017-08-15 17:18:48',NULL),('112531','112531','noticeBill.136','noticeBill:18:135004',31517,'阿哥','startevent1','endevent1',NULL,NULL,'','2017-08-15 17:20:47','2017-08-15 17:21:18',NULL),('150001','150001','noticeBill.137','noticeBill:19:147504',227525,NULL,'startevent1','endevent1',NULL,NULL,'','2017-08-16 08:43:24','2017-08-16 08:47:11',NULL),('162501','162501','noticeBill.138','noticeBill:20:160004',1692467,NULL,'startevent1','endevent1',NULL,NULL,'','2017-08-16 11:35:38','2017-08-16 12:03:50',NULL),('175001','175001','noticeBill.139','noticeBill:21:172504',17243442,NULL,'startevent1','endevent1',NULL,NULL,'','2017-08-16 12:47:17','2017-08-16 17:34:40',NULL),('182501','182501','noticeBill.140','noticeBill:22:180004',15814740,NULL,'startevent1','endevent1',NULL,NULL,'','2017-08-17 10:07:46','2017-08-17 14:31:20',NULL),('190001','190001','noticeBill.141','noticeBill:23:187504',53004,NULL,'startevent1','endevent1',NULL,NULL,'','2017-08-17 15:41:55','2017-08-17 15:42:48',NULL),('197501','197501','noticeBill.142','noticeBill:24:195004',NULL,NULL,'startevent1',NULL,NULL,NULL,'','2017-08-19 09:04:48',NULL,NULL),('20001','20001','noticeBill.122','noticeBill:4:17504',NULL,NULL,'startevent1',NULL,NULL,NULL,'','2017-08-15 15:30:34',NULL,NULL),('25001','25001','noticeBill.123','noticeBill:5:22504',NULL,NULL,'startevent1',NULL,NULL,NULL,'','2017-08-15 15:34:40',NULL,NULL),('2501','2501','noticeBill.119','noticeBill:1:4',18849,NULL,'startevent1','endevent1',NULL,NULL,'','2017-08-15 14:53:56','2017-08-15 14:54:14',NULL),('45001','45001','noticeBill.124','noticeBill:6:42504',NULL,NULL,'startevent1',NULL,NULL,NULL,'','2017-08-15 16:13:17',NULL,NULL),('50001','50001','noticeBill.125','noticeBill:7:47504',NULL,NULL,'startevent1',NULL,NULL,NULL,'','2017-08-15 16:15:14',NULL,NULL),('55001','55001','noticeBill.126','noticeBill:8:52504',115203,NULL,'startevent1','endevent1',NULL,NULL,'','2017-08-15 16:16:44','2017-08-15 16:18:39',NULL),('65001','65001','noticeBill.127','noticeBill:9:62504',8533,NULL,'startevent1','endevent1',NULL,NULL,'','2017-08-15 16:20:42','2017-08-15 16:20:50',NULL),('75001','75001','noticeBill.128','noticeBill:10:72504',12868,NULL,'startevent1','usertask2',NULL,NULL,'','2017-08-15 16:27:06','2017-08-15 16:27:18',NULL),('77515','77515','noticeBill.129','noticeBill:11:80004',NULL,NULL,'startevent1',NULL,NULL,NULL,'','2017-08-15 16:32:39',NULL,NULL),('85001','85001','noticeBill.130','noticeBill:12:82504',7912,NULL,'startevent1','endevent1',NULL,NULL,'','2017-08-15 16:36:02','2017-08-15 16:36:09',NULL),('85011','85011','noticeBill.131','noticeBill:13:90004',NULL,NULL,'startevent1',NULL,NULL,NULL,'','2017-08-15 16:36:22',NULL,NULL);

/*Table structure for table `act_hi_taskinst` */

DROP TABLE IF EXISTS `act_hi_taskinst`;

CREATE TABLE `act_hi_taskinst` (
  `ID_` varchar(64) collate utf8_bin NOT NULL,
  `PROC_DEF_ID_` varchar(64) collate utf8_bin default NULL,
  `TASK_DEF_KEY_` varchar(255) collate utf8_bin default NULL,
  `PROC_INST_ID_` varchar(64) collate utf8_bin default NULL,
  `EXECUTION_ID_` varchar(64) collate utf8_bin default NULL,
  `NAME_` varchar(255) collate utf8_bin default NULL,
  `PARENT_TASK_ID_` varchar(64) collate utf8_bin default NULL,
  `DESCRIPTION_` varchar(4000) collate utf8_bin default NULL,
  `OWNER_` varchar(255) collate utf8_bin default NULL,
  `ASSIGNEE_` varchar(255) collate utf8_bin default NULL,
  `DURATION_` bigint(20) default NULL,
  `DELETE_REASON_` varchar(4000) collate utf8_bin default NULL,
  `PRIORITY_` int(11) default NULL,
  `FORM_KEY_` varchar(255) collate utf8_bin default NULL,
  `CATEGORY_` varchar(255) collate utf8_bin default NULL,
  `TENANT_ID_` varchar(255) collate utf8_bin default '',
  `START_TIME_` datetime NOT NULL,
  `CLAIM_TIME_` datetime default NULL,
  `END_TIME_` datetime default NULL,
  `DUE_DATE_` datetime default NULL,
  PRIMARY KEY  (`ID_`),
  KEY `ACT_IDX_HI_TASK_INST_PROCINST` (`PROC_INST_ID_`)
) ENGINE=InnoDB DEFAULT CHARSET=utf8 COLLATE=utf8_bin;

/*Data for the table `act_hi_taskinst` */

insert  into `act_hi_taskinst`(`ID_`,`PROC_DEF_ID_`,`TASK_DEF_KEY_`,`PROC_INST_ID_`,`EXECUTION_ID_`,`NAME_`,`PARENT_TASK_ID_`,`DESCRIPTION_`,`OWNER_`,`ASSIGNEE_`,`DURATION_`,`DELETE_REASON_`,`PRIORITY_`,`FORM_KEY_`,`CATEGORY_`,`TENANT_ID_`,`START_TIME_`,`CLAIM_TIME_`,`END_TIME_`,`DUE_DATE_`) values ('100006','noticeBill:14:97504','usertask1','100001','100001','起草',NULL,NULL,NULL,'阿哥',886,'completed',50,NULL,NULL,'','2017-08-15 17:06:49',NULL,'2017-08-15 17:06:49',NULL),('100010','noticeBill:14:97504','usertask2','100001','100001','审核',NULL,NULL,NULL,'阿哥',11148,'completed',50,NULL,NULL,'','2017-08-15 17:06:49',NULL,'2017-08-15 17:07:00',NULL),('10006','noticeBill:2:7504','usertask1','10001','10001','起草',NULL,NULL,NULL,'管理员',907,'completed',50,NULL,NULL,'','2017-08-15 14:56:37',NULL,'2017-08-15 14:56:37',NULL),('10010','noticeBill:2:7504','usertask2','10001','10001','审核',NULL,NULL,NULL,'阿哥',28353,'completed',50,NULL,NULL,'','2017-08-15 14:56:37',NULL,'2017-08-15 14:57:05',NULL),('10017','noticeBill:3:15004','usertask1','10012','10012','起草',NULL,NULL,NULL,'管理员',165,'completed',50,NULL,NULL,'','2017-08-15 15:07:40',NULL,'2017-08-15 15:07:40',NULL),('10021','noticeBill:3:15004','usertask2','10012','10012','审核',NULL,NULL,NULL,'阿哥',15776,'completed',50,NULL,NULL,'','2017-08-15 15:07:40',NULL,'2017-08-15 15:07:55',NULL),('102502','noticeBill:14:97504','usertask1','100001','100001','起草',NULL,NULL,NULL,'阿哥',9117,'completed',50,NULL,NULL,'','2017-08-15 17:07:00',NULL,'2017-08-15 17:07:09',NULL),('105002','noticeBill:14:97504','usertask2','100001','100001','审核',NULL,NULL,NULL,'阿哥',18430,'completed',50,NULL,NULL,'','2017-08-15 17:07:09',NULL,'2017-08-15 17:07:27',NULL),('112506','noticeBill:15:110004','usertask1','112501','112501','起草',NULL,NULL,NULL,'阿哥',902,'completed',50,NULL,NULL,'','2017-08-15 17:11:40',NULL,'2017-08-15 17:11:40',NULL),('112510','noticeBill:15:110004','usertask2','112501','112501','审核',NULL,NULL,NULL,'阿哥',25370,'completed',50,NULL,NULL,'','2017-08-15 17:11:40',NULL,'2017-08-15 17:12:05',NULL),('112516','noticeBill:16:120004','usertask1','112511','112511','起草',NULL,NULL,NULL,'阿哥',83,'completed',50,NULL,NULL,'','2017-08-15 17:16:41',NULL,'2017-08-15 17:16:41',NULL),('112520','noticeBill:16:120004','usertask2','112511','112511','审核',NULL,NULL,NULL,'阿哥',9845,'completed',50,NULL,NULL,'','2017-08-15 17:16:41',NULL,'2017-08-15 17:16:50',NULL),('112526','noticeBill:17:130004','usertask1','112521','112521','起草',NULL,NULL,NULL,'阿哥',665,'completed',50,NULL,NULL,'','2017-08-15 17:18:39',NULL,'2017-08-15 17:18:39',NULL),('112530','noticeBill:17:130004','usertask2','112521','112521','审核',NULL,NULL,NULL,'阿哥',9526,'completed',50,NULL,NULL,'','2017-08-15 17:18:39',NULL,'2017-08-15 17:18:48',NULL),('112537','noticeBill:18:135004','usertask1','112531','112531','起草',NULL,NULL,NULL,'阿哥',66,'completed',50,NULL,NULL,'','2017-08-15 17:20:47',NULL,'2017-08-15 17:20:47',NULL),('112540','noticeBill:18:135004','usertask2','112531','112531','审核',NULL,NULL,NULL,'阿哥',12942,'completed',50,NULL,NULL,'','2017-08-15 17:20:47',NULL,'2017-08-15 17:20:59',NULL),('115002','noticeBill:15:110004','usertask1','112501','112501','起草',NULL,NULL,NULL,'阿哥',24584,'completed',50,NULL,NULL,'','2017-08-15 17:12:05',NULL,'2017-08-15 17:12:29',NULL),('117502','noticeBill:15:110004','usertask2','112501','112501','审核',NULL,NULL,NULL,'阿哥',972711,'completed',50,NULL,NULL,'','2017-08-15 17:12:29',NULL,'2017-08-15 17:28:41',NULL),('122502','noticeBill:16:120004','usertask1','112511','112511','起草',NULL,NULL,NULL,'阿哥',10842,'completed',50,NULL,NULL,'','2017-08-15 17:16:50',NULL,'2017-08-15 17:17:00',NULL),('125002','noticeBill:16:120004','usertask2','112511','112511','审核',NULL,NULL,NULL,'阿哥',8478,'completed',50,NULL,NULL,'','2017-08-15 17:17:00',NULL,'2017-08-15 17:17:08',NULL),('137502','noticeBill:18:135004','usertask1','112531','112531','起草',NULL,NULL,NULL,'阿哥',12459,'completed',50,NULL,NULL,'','2017-08-15 17:20:59',NULL,'2017-08-15 17:21:11',NULL),('140002','noticeBill:18:135004','usertask2','112531','112531','审核',NULL,NULL,NULL,'阿哥',7493,'completed',50,NULL,NULL,'','2017-08-15 17:21:11',NULL,'2017-08-15 17:21:18',NULL),('150006','noticeBill:19:147504','usertask1','150001','150001','起草',NULL,NULL,NULL,'阿哥',980,'completed',50,NULL,NULL,'','2017-08-16 08:43:24',NULL,'2017-08-16 08:43:24',NULL),('150010','noticeBill:19:147504','usertask2','150001','150001','审核',NULL,NULL,NULL,'阿哥',132443,'completed',50,NULL,NULL,'','2017-08-16 08:43:24',NULL,'2017-08-16 08:45:36',NULL),('152502','noticeBill:19:147504','usertask1','150001','150001','起草',NULL,NULL,NULL,'阿哥',87162,'completed',50,NULL,NULL,'','2017-08-16 08:45:36',NULL,'2017-08-16 08:47:03',NULL),('155002','noticeBill:19:147504','usertask2','150001','150001','审核',NULL,NULL,NULL,'阿哥',8509,'completed',50,NULL,NULL,'','2017-08-16 08:47:03',NULL,'2017-08-16 08:47:11',NULL),('162506','noticeBill:20:160004','usertask1','162501','162501','起草',NULL,NULL,NULL,'阿哥',955,'completed',50,NULL,NULL,'','2017-08-16 11:35:38',NULL,'2017-08-16 11:35:38',NULL),('162510','noticeBill:20:160004','usertask2','162501','162501','审核',NULL,NULL,NULL,'阿哥',18402,'completed',50,NULL,NULL,'','2017-08-16 11:35:38',NULL,'2017-08-16 11:35:56',NULL),('165002','noticeBill:20:160004','usertask1','162501','162501','起草',NULL,NULL,NULL,'阿哥',1660331,'completed',50,NULL,NULL,'','2017-08-16 11:35:56',NULL,'2017-08-16 12:03:36',NULL),('167502','noticeBill:20:160004','usertask2','162501','162501','审核',NULL,NULL,NULL,'阿哥',14435,'completed',50,NULL,NULL,'','2017-08-16 12:03:36',NULL,'2017-08-16 12:03:50',NULL),('175006','noticeBill:21:172504','usertask1','175001','175001','起草',NULL,NULL,NULL,'管理员',261,'completed',50,NULL,NULL,'','2017-08-16 12:47:17',NULL,'2017-08-16 12:47:17',NULL),('175010','noticeBill:21:172504','usertask2','175001','175001','审核',NULL,NULL,NULL,'阿哥',17243383,'completed',50,NULL,NULL,'','2017-08-16 12:47:17',NULL,'2017-08-16 17:34:40',NULL),('182506','noticeBill:22:180004','usertask1','182501','182501','起草',NULL,NULL,NULL,'管理员',391,'completed',50,NULL,NULL,'','2017-08-17 10:07:46',NULL,'2017-08-17 10:07:46',NULL),('182510','noticeBill:22:180004','usertask2','182501','182501','审核',NULL,NULL,NULL,'阿哥',15814667,'completed',50,NULL,NULL,'','2017-08-17 10:07:46',NULL,'2017-08-17 14:31:20',NULL),('190006','noticeBill:23:187504','usertask1','190001','190001','起草',NULL,NULL,NULL,'管理员',346,'completed',50,NULL,NULL,'','2017-08-17 15:41:55',NULL,'2017-08-17 15:41:55',NULL),('190010','noticeBill:23:187504','usertask2','190001','190001','审核',NULL,NULL,NULL,'阿哥',52893,'completed',50,NULL,NULL,'','2017-08-17 15:41:55',NULL,'2017-08-17 15:42:47',NULL),('197506','noticeBill:24:195004','usertask1','197501','197501','起草',NULL,NULL,NULL,'阿哥',334,'completed',50,NULL,NULL,'','2017-08-19 09:04:48',NULL,'2017-08-19 09:04:48',NULL),('197510','noticeBill:24:195004','usertask2','197501','197501','审核',NULL,NULL,NULL,'阿哥',60400,'completed',50,NULL,NULL,'','2017-08-19 09:04:48',NULL,'2017-08-19 09:05:48',NULL),('200003','noticeBill:24:195004','usertask1','197501','197501','起草',NULL,NULL,NULL,'阿哥',28049,'completed',50,NULL,NULL,'','2017-08-19 09:05:48',NULL,'2017-08-19 09:06:16',NULL),('20006','noticeBill:4:17504','usertask1','20001','20001','起草',NULL,NULL,NULL,'管理员',674,'completed',50,NULL,NULL,'','2017-08-15 15:30:34',NULL,'2017-08-15 15:30:34',NULL),('20010','noticeBill:4:17504','usertask2','20001','20001','审核',NULL,NULL,NULL,'阿哥',NULL,NULL,50,NULL,NULL,'','2017-08-15 15:30:34',NULL,NULL,NULL),('202502','noticeBill:24:195004','usertask2','197501','197501','审核',NULL,NULL,NULL,'阿哥',538,'completed',50,NULL,NULL,'','2017-08-19 09:06:16',NULL,'2017-08-19 09:06:16',NULL),('205002','noticeBill:24:195004','usertask1','197501','197501','起草',NULL,NULL,NULL,'阿哥',9427,'completed',50,NULL,NULL,'','2017-08-19 09:06:16',NULL,'2017-08-19 09:06:25',NULL),('207502','noticeBill:24:195004','usertask2','197501','197501','审核',NULL,NULL,NULL,'阿哥',NULL,NULL,50,NULL,NULL,'','2017-08-19 09:06:25',NULL,NULL,NULL),('25006','noticeBill:5:22504','usertask1','25001','25001','起草',NULL,NULL,NULL,'管理员',642,'completed',50,NULL,NULL,'','2017-08-15 15:34:40',NULL,'2017-08-15 15:34:40',NULL),('25010','noticeBill:5:22504','usertask2','25001','25001','审核',NULL,NULL,NULL,'阿哥',15225,'completed',50,NULL,NULL,'','2017-08-15 15:34:40',NULL,'2017-08-15 15:34:55',NULL),('2506','noticeBill:1:4','usertask1','2501','2501','起草',NULL,NULL,NULL,'管理员',712,'completed',50,NULL,NULL,'','2017-08-15 14:53:56',NULL,'2017-08-15 14:53:56',NULL),('2510','noticeBill:1:4','usertask2','2501','2501','审核',NULL,NULL,NULL,'阿哥',18813,'completed',50,NULL,NULL,'','2017-08-15 14:53:56',NULL,'2017-08-15 14:54:14',NULL),('27502','noticeBill:5:22504','usertask1','25001','25001','起草',NULL,NULL,NULL,'管理员',1112415,'completed',50,NULL,NULL,'','2017-08-15 15:34:55',NULL,'2017-08-15 15:53:27',NULL),('30002','noticeBill:5:22504','usertask2','25001','25001','审核',NULL,NULL,NULL,'阿哥',NULL,NULL,50,NULL,NULL,'','2017-08-15 15:53:27',NULL,NULL,NULL),('45006','noticeBill:6:42504','usertask1','45001','45001','起草',NULL,NULL,NULL,'管理员',897,'completed',50,NULL,NULL,'','2017-08-15 16:13:17',NULL,'2017-08-15 16:13:17',NULL),('45010','noticeBill:6:42504','usertask2','45001','45001','审核',NULL,NULL,NULL,'阿哥',NULL,NULL,50,NULL,NULL,'','2017-08-15 16:13:17',NULL,NULL,NULL),('50006','noticeBill:7:47504','usertask1','50001','50001','起草',NULL,NULL,NULL,'阿哥',737,'completed',50,NULL,NULL,'','2017-08-15 16:15:14',NULL,'2017-08-15 16:15:14',NULL),('50010','noticeBill:7:47504','usertask2','50001','50001','审核',NULL,NULL,NULL,'阿哥',194747,'completed',50,NULL,NULL,'','2017-08-15 16:15:14',NULL,'2017-08-15 16:18:28',NULL),('55006','noticeBill:8:52504','usertask1','55001','55001','起草',NULL,NULL,NULL,'管理员',509,'completed',50,NULL,NULL,'','2017-08-15 16:16:44',NULL,'2017-08-15 16:16:44',NULL),('55010','noticeBill:8:52504','usertask2','55001','55001','审核',NULL,NULL,NULL,'阿哥',115174,'completed',50,NULL,NULL,'','2017-08-15 16:16:44',NULL,'2017-08-15 16:18:39',NULL),('57502','noticeBill:7:47504','usertask1','50001','50001','起草',NULL,NULL,NULL,'阿哥',463930,'completed',50,NULL,NULL,'','2017-08-15 16:18:28',NULL,'2017-08-15 16:26:11',NULL),('65006','noticeBill:9:62504','usertask1','65001','65001','起草',NULL,NULL,NULL,'阿哥',537,'completed',50,NULL,NULL,'','2017-08-15 16:20:42',NULL,'2017-08-15 16:20:42',NULL),('65010','noticeBill:9:62504','usertask2','65001','65001','审核',NULL,NULL,NULL,'阿哥',8498,'completed',50,NULL,NULL,'','2017-08-15 16:20:42',NULL,'2017-08-15 16:20:50',NULL),('70002','noticeBill:7:47504','usertask2','50001','50001','审核',NULL,NULL,NULL,'阿哥',NULL,NULL,50,NULL,NULL,'','2017-08-15 16:26:11',NULL,NULL,NULL),('75006','noticeBill:10:72504','usertask1','75001','75001','起草',NULL,NULL,NULL,'阿哥',644,'completed',50,NULL,NULL,'','2017-08-15 16:27:06',NULL,'2017-08-15 16:27:06',NULL),('75010','noticeBill:10:72504','usertask2','75001','75001','审核',NULL,NULL,NULL,'阿哥',12855,'completed',50,NULL,NULL,'','2017-08-15 16:27:06',NULL,'2017-08-15 16:27:18',NULL),('77520','noticeBill:11:80004','usertask1','77515','77515','起草',NULL,NULL,NULL,'阿哥',302,'completed',50,NULL,NULL,'','2017-08-15 16:32:39',NULL,'2017-08-15 16:32:39',NULL),('77524','noticeBill:11:80004','usertask2','77515','77515','审核',NULL,NULL,NULL,'阿哥',NULL,NULL,50,NULL,NULL,'','2017-08-15 16:32:39',NULL,NULL,NULL),('85006','noticeBill:12:82504','usertask1','85001','85001','起草',NULL,NULL,NULL,'阿哥',160,'completed',50,NULL,NULL,'','2017-08-15 16:36:02',NULL,'2017-08-15 16:36:02',NULL),('85010','noticeBill:12:82504','usertask2','85001','85001','审核',NULL,NULL,NULL,'阿哥',7867,'completed',50,NULL,NULL,'','2017-08-15 16:36:02',NULL,'2017-08-15 16:36:09',NULL),('85016','noticeBill:13:90004','usertask1','85011','85011','起草',NULL,NULL,NULL,'阿哥',583,'completed',50,NULL,NULL,'','2017-08-15 16:36:22',NULL,'2017-08-15 16:36:22',NULL),('85020','noticeBill:13:90004','usertask2','85011','85011','审核',NULL,NULL,NULL,'阿哥',11716,'completed',50,NULL,NULL,'','2017-08-15 16:36:22',NULL,'2017-08-15 16:36:33',NULL),('92502','noticeBill:13:90004','usertask1','85011','85011','起草',NULL,NULL,NULL,'阿哥',NULL,NULL,50,NULL,NULL,'','2017-08-15 16:36:33',NULL,NULL,NULL);

/*Table structure for table `act_hi_varinst` */

DROP TABLE IF EXISTS `act_hi_varinst`;

CREATE TABLE `act_hi_varinst` (
  `ID_` varchar(64) collate utf8_bin NOT NULL,
  `PROC_INST_ID_` varchar(64) collate utf8_bin default NULL,
  `EXECUTION_ID_` varchar(64) collate utf8_bin default NULL,
  `TASK_ID_` varchar(64) collate utf8_bin default NULL,
  `NAME_` varchar(255) collate utf8_bin NOT NULL,
  `VAR_TYPE_` varchar(100) collate utf8_bin default NULL,
  `REV_` int(11) default NULL,
  `BYTEARRAY_ID_` varchar(64) collate utf8_bin default NULL,
  `DOUBLE_` double default NULL,
  `LONG_` bigint(20) default NULL,
  `TEXT_` varchar(4000) collate utf8_bin default NULL,
  `TEXT2_` varchar(4000) collate utf8_bin default NULL,
  `CREATE_TIME_` datetime default NULL,
  `LAST_UPDATED_TIME_` datetime default NULL,
  PRIMARY KEY  (`ID_`),
  KEY `ACT_IDX_HI_PROCVAR_PROC_INST` (`PROC_INST_ID_`),
  KEY `ACT_IDX_HI_PROCVAR_NAME_TYPE` (`NAME_`,`VAR_TYPE_`),
  KEY `ACT_IDX_HI_PROCVAR_TASK_ID` (`TASK_ID_`)
) ENGINE=InnoDB DEFAULT CHARSET=utf8 COLLATE=utf8_bin;

/*Data for the table `act_hi_varinst` */

insert  into `act_hi_varinst`(`ID_`,`PROC_INST_ID_`,`EXECUTION_ID_`,`TASK_ID_`,`NAME_`,`VAR_TYPE_`,`REV_`,`BYTEARRAY_ID_`,`DOUBLE_`,`LONG_`,`TEXT_`,`TEXT2_`,`CREATE_TIME_`,`LAST_UPDATED_TIME_`) values ('100003','100001','100001',NULL,'objId','string',3,NULL,NULL,NULL,'noticeBill.132',NULL,'2017-08-15 17:06:49','2017-08-15 17:07:27'),('100004','100001','100001',NULL,'inputUser','string',2,NULL,NULL,NULL,'阿哥',NULL,'2017-08-15 17:06:49','2017-08-15 17:07:27'),('100008','100001','100001',NULL,'outcome','string',2,NULL,NULL,NULL,'发布中',NULL,'2017-08-15 17:06:49','2017-08-15 17:07:27'),('10003','10001','10001',NULL,'objId','string',1,NULL,NULL,NULL,'noticeBill.120',NULL,'2017-08-15 14:56:37','2017-08-15 14:57:05'),('10004','10001','10001',NULL,'inputUser','string',1,NULL,NULL,NULL,'管理员',NULL,'2017-08-15 14:56:37','2017-08-15 14:57:05'),('10008','10001','10001',NULL,'outcome','string',1,NULL,NULL,NULL,'发布中',NULL,'2017-08-15 14:56:37','2017-08-15 14:57:05'),('10014','10012','10012',NULL,'objId','string',1,NULL,NULL,NULL,'noticeBill.121',NULL,'2017-08-15 15:07:40','2017-08-15 15:07:55'),('10015','10012','10012',NULL,'inputUser','string',1,NULL,NULL,NULL,'管理员',NULL,'2017-08-15 15:07:40','2017-08-15 15:07:55'),('10019','10012','10012',NULL,'outcome','string',1,NULL,NULL,NULL,'撤除',NULL,'2017-08-15 15:07:40','2017-08-15 15:07:55'),('112503','112501','112501','','objId','string',3,NULL,NULL,NULL,'noticeBill.133',NULL,'2017-08-15 17:11:40','2017-08-15 17:28:41'),('112504','112501','112501',NULL,'inputUser','string',2,NULL,NULL,NULL,'阿哥',NULL,'2017-08-15 17:11:40','2017-08-15 17:28:41'),('112508','112501','112501',NULL,'outcome','string',2,NULL,NULL,NULL,'发布中',NULL,'2017-08-15 17:11:40','2017-08-15 17:28:41'),('112513','112511','112511',NULL,'objId','string',3,NULL,NULL,NULL,'noticeBill.134',NULL,'2017-08-15 17:16:41','2017-08-15 17:17:08'),('112514','112511','112511',NULL,'inputUser','string',2,NULL,NULL,NULL,'阿哥',NULL,'2017-08-15 17:16:41','2017-08-15 17:17:08'),('112518','112511','112511',NULL,'outcome','string',2,NULL,NULL,NULL,'发布中',NULL,'2017-08-15 17:16:41','2017-08-15 17:17:08'),('112523','112521','112521',NULL,'objId','string',1,NULL,NULL,NULL,'noticeBill.135',NULL,'2017-08-15 17:18:39','2017-08-15 17:18:48'),('112524','112521','112521',NULL,'inputUser','string',1,NULL,NULL,NULL,'阿哥',NULL,'2017-08-15 17:18:39','2017-08-15 17:18:48'),('112528','112521','112521',NULL,'outcome','string',1,NULL,NULL,NULL,'发布中',NULL,'2017-08-15 17:18:39','2017-08-15 17:18:48'),('112534','112531','112531',NULL,'objId','string',3,NULL,NULL,NULL,'noticeBill.136',NULL,'2017-08-15 17:20:47','2017-08-15 17:21:18'),('112535','112531','112531',NULL,'inputUser','string',2,NULL,NULL,NULL,'阿哥',NULL,'2017-08-15 17:20:47','2017-08-15 17:21:18'),('112538','112531','112531',NULL,'outcome','string',2,NULL,NULL,NULL,'发布中',NULL,'2017-08-15 17:20:47','2017-08-15 17:21:18'),('150003','150001','150001','','objId','string',3,NULL,NULL,NULL,'noticeBill.137',NULL,'2017-08-16 08:43:24','2017-08-16 08:47:11'),('150004','150001','150001',NULL,'inputUser','string',2,NULL,NULL,NULL,'阿哥',NULL,'2017-08-16 08:43:24','2017-08-16 08:47:11'),('150008','150001','150001',NULL,'outcome','string',2,NULL,NULL,NULL,'发布中',NULL,'2017-08-16 08:43:24','2017-08-16 08:47:11'),('162503','162501','162501',NULL,'objId','string',3,NULL,NULL,NULL,'noticeBill.138',NULL,'2017-08-16 11:35:38','2017-08-16 12:03:50'),('162504','162501','162501',NULL,'inputUser','string',2,NULL,NULL,NULL,'阿哥',NULL,'2017-08-16 11:35:38','2017-08-16 12:03:50'),('162508','162501','162501',NULL,'outcome','string',2,NULL,NULL,NULL,'发布中',NULL,'2017-08-16 11:35:38','2017-08-16 12:03:50'),('175003','175001','175001',NULL,'objId','string',1,NULL,NULL,NULL,'noticeBill.139',NULL,'2017-08-16 12:47:17','2017-08-16 17:34:40'),('175004','175001','175001',NULL,'inputUser','string',1,NULL,NULL,NULL,'管理员',NULL,'2017-08-16 12:47:17','2017-08-16 17:34:40'),('175008','175001','175001',NULL,'outcome','string',1,NULL,NULL,NULL,'发布中',NULL,'2017-08-16 12:47:17','2017-08-16 17:34:40'),('182503','182501','182501',NULL,'objId','string',1,NULL,NULL,NULL,'noticeBill.140',NULL,'2017-08-17 10:07:46','2017-08-17 14:31:20'),('182504','182501','182501',NULL,'inputUser','string',1,NULL,NULL,NULL,'管理员',NULL,'2017-08-17 10:07:46','2017-08-17 14:31:20'),('182508','182501','182501',NULL,'outcome','string',1,NULL,NULL,NULL,'发布中',NULL,'2017-08-17 10:07:46','2017-08-17 14:31:20'),('190003','190001','190001',NULL,'objId','string',1,NULL,NULL,NULL,'noticeBill.141',NULL,'2017-08-17 15:41:55','2017-08-17 15:42:48'),('190004','190001','190001',NULL,'inputUser','string',1,NULL,NULL,NULL,'管理员',NULL,'2017-08-17 15:41:55','2017-08-17 15:42:48'),('190008','190001','190001',NULL,'outcome','string',1,NULL,NULL,NULL,'发布中',NULL,'2017-08-17 15:41:55','2017-08-17 15:42:48'),('197503','197501','197501',NULL,'objId','string',4,NULL,NULL,NULL,'noticeBill.142',NULL,'2017-08-19 09:04:48','2017-08-19 09:06:25'),('197504','197501','197501',NULL,'inputUser','string',2,NULL,NULL,NULL,'阿哥',NULL,'2017-08-19 09:04:48','2017-08-19 09:06:16'),('197508','197501','197501',NULL,'outcome','string',2,NULL,NULL,NULL,'发布中',NULL,'2017-08-19 09:04:48','2017-08-19 09:06:25'),('20003','20001','20001',NULL,'objId','string',0,NULL,NULL,NULL,'noticeBill.122',NULL,'2017-08-15 15:30:34','2017-08-15 15:30:34'),('20004','20001','20001',NULL,'inputUser','string',0,NULL,NULL,NULL,'管理员',NULL,'2017-08-15 15:30:34','2017-08-15 15:30:34'),('20008','20001','20001',NULL,'outcome','string',0,NULL,NULL,NULL,'审核',NULL,'2017-08-15 15:30:34','2017-08-15 15:30:34'),('25003','25001','25001',NULL,'objId','string',2,NULL,NULL,NULL,'noticeBill.123',NULL,'2017-08-15 15:34:40','2017-08-15 15:53:27'),('25004','25001','25001',NULL,'inputUser','string',0,NULL,NULL,NULL,'管理员',NULL,'2017-08-15 15:34:40','2017-08-15 15:34:40'),('25008','25001','25001',NULL,'outcome','string',2,NULL,NULL,NULL,'',NULL,'2017-08-15 15:34:40','2017-08-15 15:53:27'),('2503','2501','2501',NULL,'objId','string',1,NULL,NULL,NULL,'noticeBill.119',NULL,'2017-08-15 14:53:56','2017-08-15 14:54:14'),('2504','2501','2501',NULL,'inputUser','string',1,NULL,NULL,NULL,'管理员',NULL,'2017-08-15 14:53:56','2017-08-15 14:54:14'),('2508','2501','2501',NULL,'outcome','string',1,NULL,NULL,NULL,'发布中',NULL,'2017-08-15 14:53:56','2017-08-15 14:54:14'),('45003','45001','45001',NULL,'objId','string',0,NULL,NULL,NULL,'noticeBill.124',NULL,'2017-08-15 16:13:17','2017-08-15 16:13:17'),('45004','45001','45001',NULL,'inputUser','string',0,NULL,NULL,NULL,'管理员',NULL,'2017-08-15 16:13:17','2017-08-15 16:13:17'),('45008','45001','45001',NULL,'outcome','string',0,NULL,NULL,NULL,'审核',NULL,'2017-08-15 16:13:17','2017-08-15 16:13:17'),('50003','50001','50001',NULL,'objId','string',2,NULL,NULL,NULL,'noticeBill.125',NULL,'2017-08-15 16:15:14','2017-08-15 16:26:11'),('50004','50001','50001',NULL,'inputUser','string',0,NULL,NULL,NULL,'阿哥',NULL,'2017-08-15 16:15:14','2017-08-15 16:15:14'),('50008','50001','50001',NULL,'outcome','string',2,NULL,NULL,NULL,'审核中,',NULL,'2017-08-15 16:15:14','2017-08-15 16:26:11'),('55003','55001','55001',NULL,'objId','string',1,NULL,NULL,NULL,'noticeBill.126',NULL,'2017-08-15 16:16:44','2017-08-15 16:18:39'),('55004','55001','55001',NULL,'inputUser','string',1,NULL,NULL,NULL,'管理员',NULL,'2017-08-15 16:16:44','2017-08-15 16:18:39'),('55008','55001','55001',NULL,'outcome','string',1,NULL,NULL,NULL,'发布中',NULL,'2017-08-15 16:16:44','2017-08-15 16:18:39'),('65003','65001','65001',NULL,'objId','string',1,NULL,NULL,NULL,'noticeBill.127',NULL,'2017-08-15 16:20:42','2017-08-15 16:20:50'),('65004','65001','65001',NULL,'inputUser','string',1,NULL,NULL,NULL,'阿哥',NULL,'2017-08-15 16:20:42','2017-08-15 16:20:50'),('65008','65001','65001',NULL,'outcome','string',1,NULL,NULL,NULL,'发布中',NULL,'2017-08-15 16:20:42','2017-08-15 16:20:50'),('75003','75001','75001',NULL,'objId','string',1,NULL,NULL,NULL,'noticeBill.128',NULL,'2017-08-15 16:27:06','2017-08-15 16:27:18'),('75004','75001','75001',NULL,'inputUser','string',1,NULL,NULL,NULL,'阿哥',NULL,'2017-08-15 16:27:06','2017-08-15 16:27:18'),('75008','75001','75001',NULL,'outcome','string',1,NULL,NULL,NULL,'审核',NULL,'2017-08-15 16:27:06','2017-08-15 16:27:18'),('77517','77515','77515',NULL,'objId','string',0,NULL,NULL,NULL,'noticeBill.129',NULL,'2017-08-15 16:32:39','2017-08-15 16:32:39'),('77518','77515','77515',NULL,'inputUser','string',0,NULL,NULL,NULL,'阿哥',NULL,'2017-08-15 16:32:39','2017-08-15 16:32:39'),('77522','77515','77515',NULL,'outcome','string',0,NULL,NULL,NULL,'审核',NULL,'2017-08-15 16:32:39','2017-08-15 16:32:39'),('85003','85001','85001',NULL,'objId','string',1,NULL,NULL,NULL,'noticeBill.130',NULL,'2017-08-15 16:36:02','2017-08-15 16:36:09'),('85004','85001','85001',NULL,'inputUser','string',1,NULL,NULL,NULL,'阿哥',NULL,'2017-08-15 16:36:02','2017-08-15 16:36:09'),('85008','85001','85001',NULL,'outcome','string',1,NULL,NULL,NULL,'发布中',NULL,'2017-08-15 16:36:02','2017-08-15 16:36:09'),('85013','85011','85011',NULL,'objId','string',1,NULL,NULL,NULL,'noticeBill.131',NULL,'2017-08-15 16:36:22','2017-08-15 16:36:33'),('85014','85011','85011',NULL,'inputUser','string',0,NULL,NULL,NULL,'阿哥',NULL,'2017-08-15 16:36:22','2017-08-15 16:36:22'),('85018','85011','85011',NULL,'outcome','string',1,NULL,NULL,NULL,'撤除',NULL,'2017-08-15 16:36:22','2017-08-15 16:36:33');

/*Table structure for table `act_id_group` */

DROP TABLE IF EXISTS `act_id_group`;

CREATE TABLE `act_id_group` (
  `ID_` varchar(64) collate utf8_bin NOT NULL default '',
  `REV_` int(11) default NULL,
  `NAME_` varchar(255) collate utf8_bin default NULL,
  `TYPE_` varchar(255) collate utf8_bin default NULL,
  PRIMARY KEY  (`ID_`)
) ENGINE=InnoDB DEFAULT CHARSET=utf8 COLLATE=utf8_bin;

/*Data for the table `act_id_group` */

/*Table structure for table `act_id_info` */

DROP TABLE IF EXISTS `act_id_info`;

CREATE TABLE `act_id_info` (
  `ID_` varchar(64) collate utf8_bin NOT NULL default '',
  `REV_` int(11) default NULL,
  `USER_ID_` varchar(64) collate utf8_bin default NULL,
  `TYPE_` varchar(64) collate utf8_bin default NULL,
  `KEY_` varchar(255) collate utf8_bin default NULL,
  `VALUE_` varchar(255) collate utf8_bin default NULL,
  `PASSWORD_` longblob,
  `PARENT_ID_` varchar(255) collate utf8_bin default NULL,
  PRIMARY KEY  (`ID_`)
) ENGINE=InnoDB DEFAULT CHARSET=utf8 COLLATE=utf8_bin;

/*Data for the table `act_id_info` */

/*Table structure for table `act_id_membership` */

DROP TABLE IF EXISTS `act_id_membership`;

CREATE TABLE `act_id_membership` (
  `USER_ID_` varchar(64) collate utf8_bin NOT NULL default '',
  `GROUP_ID_` varchar(64) collate utf8_bin NOT NULL default '',
  PRIMARY KEY  (`USER_ID_`,`GROUP_ID_`),
  KEY `ACT_FK_MEMB_GROUP` (`GROUP_ID_`),
  CONSTRAINT `ACT_FK_MEMB_GROUP` FOREIGN KEY (`GROUP_ID_`) REFERENCES `act_id_group` (`ID_`),
  CONSTRAINT `ACT_FK_MEMB_USER` FOREIGN KEY (`USER_ID_`) REFERENCES `act_id_user` (`ID_`)
) ENGINE=InnoDB DEFAULT CHARSET=utf8 COLLATE=utf8_bin;

/*Data for the table `act_id_membership` */

/*Table structure for table `act_id_user` */

DROP TABLE IF EXISTS `act_id_user`;

CREATE TABLE `act_id_user` (
  `ID_` varchar(64) collate utf8_bin NOT NULL default '',
  `REV_` int(11) default NULL,
  `FIRST_` varchar(255) collate utf8_bin default NULL,
  `LAST_` varchar(255) collate utf8_bin default NULL,
  `EMAIL_` varchar(255) collate utf8_bin default NULL,
  `PWD_` varchar(255) collate utf8_bin default NULL,
  `PICTURE_ID_` varchar(64) collate utf8_bin default NULL,
  PRIMARY KEY  (`ID_`)
) ENGINE=InnoDB DEFAULT CHARSET=utf8 COLLATE=utf8_bin;

/*Data for the table `act_id_user` */

/*Table structure for table `act_procdef_info` */

DROP TABLE IF EXISTS `act_procdef_info`;

CREATE TABLE `act_procdef_info` (
  `ID_` varchar(64) collate utf8_bin NOT NULL,
  `PROC_DEF_ID_` varchar(64) collate utf8_bin NOT NULL,
  `REV_` int(11) default NULL,
  `INFO_JSON_ID_` varchar(64) collate utf8_bin default NULL,
  PRIMARY KEY  (`ID_`),
  UNIQUE KEY `ACT_UNIQ_INFO_PROCDEF` (`PROC_DEF_ID_`),
  KEY `ACT_IDX_INFO_PROCDEF` (`PROC_DEF_ID_`),
  KEY `ACT_FK_INFO_JSON_BA` (`INFO_JSON_ID_`),
  CONSTRAINT `ACT_FK_INFO_JSON_BA` FOREIGN KEY (`INFO_JSON_ID_`) REFERENCES `act_ge_bytearray` (`ID_`),
  CONSTRAINT `ACT_FK_INFO_PROCDEF` FOREIGN KEY (`PROC_DEF_ID_`) REFERENCES `act_re_procdef` (`ID_`)
) ENGINE=InnoDB DEFAULT CHARSET=utf8 COLLATE=utf8_bin;

/*Data for the table `act_procdef_info` */

/*Table structure for table `act_re_deployment` */

DROP TABLE IF EXISTS `act_re_deployment`;

CREATE TABLE `act_re_deployment` (
  `ID_` varchar(64) collate utf8_bin NOT NULL default '',
  `NAME_` varchar(255) collate utf8_bin default NULL,
  `CATEGORY_` varchar(255) collate utf8_bin default NULL,
  `TENANT_ID_` varchar(255) collate utf8_bin default '',
  `DEPLOY_TIME_` timestamp NULL default NULL,
  PRIMARY KEY  (`ID_`)
) ENGINE=InnoDB DEFAULT CHARSET=utf8 COLLATE=utf8_bin;

/*Data for the table `act_re_deployment` */

insert  into `act_re_deployment`(`ID_`,`NAME_`,`CATEGORY_`,`TENANT_ID_`,`DEPLOY_TIME_`) values ('1','申请公告',NULL,'','2017-08-15 14:53:56'),('110001','申请公告',NULL,'','2017-08-15 17:11:40'),('120001','申请公告',NULL,'','2017-08-15 17:16:40'),('130001','申请公告',NULL,'','2017-08-15 17:18:39'),('135001','申请公告',NULL,'','2017-08-15 17:20:46'),('147501','申请公告',NULL,'','2017-08-16 08:43:24'),('15001','申请公告',NULL,'','2017-08-15 15:07:40'),('160001','申请公告',NULL,'','2017-08-16 11:35:38'),('172501','申请公告',NULL,'','2017-08-16 12:47:16'),('17501','申请公告',NULL,'','2017-08-15 15:30:34'),('180001','申请公告',NULL,'','2017-08-17 10:07:45'),('187501','申请公告',NULL,'','2017-08-17 15:41:54'),('195001','申请公告',NULL,'','2017-08-19 09:04:47'),('22501','申请公告',NULL,'','2017-08-15 15:34:40'),('42501','申请公告',NULL,'','2017-08-15 16:13:17'),('47501','申请公告',NULL,'','2017-08-15 16:15:14'),('52501','申请公告',NULL,'','2017-08-15 16:16:43'),('62501','申请公告',NULL,'','2017-08-15 16:20:42'),('72501','申请公告',NULL,'','2017-08-15 16:27:06'),('7501','申请公告',NULL,'','2017-08-15 14:56:37'),('80001','申请公告',NULL,'','2017-08-15 16:32:39'),('82501','申请公告',NULL,'','2017-08-15 16:36:01'),('90001','申请公告',NULL,'','2017-08-15 16:36:22'),('97501','申请公告',NULL,'','2017-08-15 17:06:49');

/*Table structure for table `act_re_model` */

DROP TABLE IF EXISTS `act_re_model`;

CREATE TABLE `act_re_model` (
  `ID_` varchar(64) collate utf8_bin NOT NULL,
  `REV_` int(11) default NULL,
  `NAME_` varchar(255) collate utf8_bin default NULL,
  `KEY_` varchar(255) collate utf8_bin default NULL,
  `CATEGORY_` varchar(255) collate utf8_bin default NULL,
  `VERSION_` int(11) default NULL,
  `META_INFO_` varchar(4000) collate utf8_bin default NULL,
  `DEPLOYMENT_ID_` varchar(64) collate utf8_bin default NULL,
  `EDITOR_SOURCE_VALUE_ID_` varchar(64) collate utf8_bin default NULL,
  `EDITOR_SOURCE_EXTRA_VALUE_ID_` varchar(64) collate utf8_bin default NULL,
  `TENANT_ID_` varchar(255) collate utf8_bin default '',
  `CREATE_TIME_` timestamp NULL default NULL,
  `LAST_UPDATE_TIME_` timestamp NULL default NULL,
  PRIMARY KEY  (`ID_`),
  KEY `ACT_FK_MODEL_SOURCE` (`EDITOR_SOURCE_VALUE_ID_`),
  KEY `ACT_FK_MODEL_SOURCE_EXTRA` (`EDITOR_SOURCE_EXTRA_VALUE_ID_`),
  KEY `ACT_FK_MODEL_DEPLOYMENT` (`DEPLOYMENT_ID_`),
  CONSTRAINT `ACT_FK_MODEL_DEPLOYMENT` FOREIGN KEY (`DEPLOYMENT_ID_`) REFERENCES `act_re_deployment` (`ID_`),
  CONSTRAINT `ACT_FK_MODEL_SOURCE` FOREIGN KEY (`EDITOR_SOURCE_VALUE_ID_`) REFERENCES `act_ge_bytearray` (`ID_`),
  CONSTRAINT `ACT_FK_MODEL_SOURCE_EXTRA` FOREIGN KEY (`EDITOR_SOURCE_EXTRA_VALUE_ID_`) REFERENCES `act_ge_bytearray` (`ID_`)
) ENGINE=InnoDB DEFAULT CHARSET=utf8 COLLATE=utf8_bin;

/*Data for the table `act_re_model` */

/*Table structure for table `act_re_procdef` */

DROP TABLE IF EXISTS `act_re_procdef`;

CREATE TABLE `act_re_procdef` (
  `ID_` varchar(64) collate utf8_bin NOT NULL,
  `REV_` int(11) default NULL,
  `CATEGORY_` varchar(255) collate utf8_bin default NULL,
  `NAME_` varchar(255) collate utf8_bin default NULL,
  `KEY_` varchar(255) collate utf8_bin NOT NULL,
  `VERSION_` int(11) NOT NULL,
  `DEPLOYMENT_ID_` varchar(64) collate utf8_bin default NULL,
  `RESOURCE_NAME_` varchar(4000) collate utf8_bin default NULL,
  `DGRM_RESOURCE_NAME_` varchar(4000) collate utf8_bin default NULL,
  `DESCRIPTION_` varchar(4000) collate utf8_bin default NULL,
  `HAS_START_FORM_KEY_` tinyint(4) default NULL,
  `SUSPENSION_STATE_` int(11) default NULL,
  `TENANT_ID_` varchar(255) collate utf8_bin default '',
  `HAS_GRAPHICAL_NOTATION_` tinyint(4) default NULL,
  PRIMARY KEY  (`ID_`),
  UNIQUE KEY `ACT_UNIQ_PROCDEF` (`KEY_`,`VERSION_`,`TENANT_ID_`)
) ENGINE=InnoDB DEFAULT CHARSET=utf8 COLLATE=utf8_bin;

/*Data for the table `act_re_procdef` */

insert  into `act_re_procdef`(`ID_`,`REV_`,`CATEGORY_`,`NAME_`,`KEY_`,`VERSION_`,`DEPLOYMENT_ID_`,`RESOURCE_NAME_`,`DGRM_RESOURCE_NAME_`,`DESCRIPTION_`,`HAS_START_FORM_KEY_`,`SUSPENSION_STATE_`,`TENANT_ID_`,`HAS_GRAPHICAL_NOTATION_`) values ('noticeBill:10:72504',1,'http://www.activiti.org/test','noticeBillprocess','noticeBill',10,'72501','diagrams/noticeBill.bpmn','diagrams/noticeBill.png',NULL,0,1,'',1),('noticeBill:11:80004',1,'http://www.activiti.org/test','noticeBillprocess','noticeBill',11,'80001','diagrams/noticeBill.bpmn','diagrams/noticeBill.png',NULL,0,1,'',1),('noticeBill:12:82504',1,'http://www.activiti.org/test','noticeBillprocess','noticeBill',12,'82501','diagrams/noticeBill.bpmn','diagrams/noticeBill.png',NULL,0,1,'',1),('noticeBill:13:90004',1,'http://www.activiti.org/test','noticeBillprocess','noticeBill',13,'90001','diagrams/noticeBill.bpmn','diagrams/noticeBill.png',NULL,0,1,'',1),('noticeBill:14:97504',1,'http://www.activiti.org/test','noticeBillprocess','noticeBill',14,'97501','diagrams/noticeBill.bpmn','diagrams/noticeBill.png',NULL,0,1,'',1),('noticeBill:15:110004',1,'http://www.activiti.org/test','noticeBillprocess','noticeBill',15,'110001','diagrams/noticeBill.bpmn','diagrams/noticeBill.png',NULL,0,1,'',1),('noticeBill:16:120004',1,'http://www.activiti.org/test','noticeBillprocess','noticeBill',16,'120001','diagrams/noticeBill.bpmn','diagrams/noticeBill.png',NULL,0,1,'',1),('noticeBill:17:130004',1,'http://www.activiti.org/test','noticeBillprocess','noticeBill',17,'130001','diagrams/noticeBill.bpmn','diagrams/noticeBill.png',NULL,0,1,'',1),('noticeBill:18:135004',1,'http://www.activiti.org/test','noticeBillprocess','noticeBill',18,'135001','diagrams/noticeBill.bpmn','diagrams/noticeBill.png',NULL,0,1,'',1),('noticeBill:19:147504',1,'http://www.activiti.org/test','noticeBillprocess','noticeBill',19,'147501','diagrams/noticeBill.bpmn','diagrams/noticeBill.png',NULL,0,1,'',1),('noticeBill:1:4',1,'http://www.activiti.org/test','noticeBillprocess','noticeBill',1,'1','diagrams/noticeBill.bpmn','diagrams/noticeBill.png',NULL,0,1,'',1),('noticeBill:20:160004',1,'http://www.activiti.org/test','noticeBillprocess','noticeBill',20,'160001','diagrams/noticeBill.bpmn','diagrams/noticeBill.png',NULL,0,1,'',1),('noticeBill:21:172504',1,'http://www.activiti.org/test','noticeBillprocess','noticeBill',21,'172501','diagrams/noticeBill.bpmn','diagrams/noticeBill.png',NULL,0,1,'',1),('noticeBill:22:180004',1,'http://www.activiti.org/test','noticeBillprocess','noticeBill',22,'180001','diagrams/noticeBill.bpmn','diagrams/noticeBill.png',NULL,0,1,'',1),('noticeBill:23:187504',1,'http://www.activiti.org/test','noticeBillprocess','noticeBill',23,'187501','diagrams/noticeBill.bpmn','diagrams/noticeBill.png',NULL,0,1,'',1),('noticeBill:24:195004',1,'http://www.activiti.org/test','noticeBillprocess','noticeBill',24,'195001','diagrams/noticeBill.bpmn','diagrams/noticeBill.png',NULL,0,1,'',1),('noticeBill:2:7504',1,'http://www.activiti.org/test','noticeBillprocess','noticeBill',2,'7501','diagrams/noticeBill.bpmn','diagrams/noticeBill.png',NULL,0,1,'',1),('noticeBill:3:15004',1,'http://www.activiti.org/test','noticeBillprocess','noticeBill',3,'15001','diagrams/noticeBill.bpmn','diagrams/noticeBill.png',NULL,0,1,'',1),('noticeBill:4:17504',1,'http://www.activiti.org/test','noticeBillprocess','noticeBill',4,'17501','diagrams/noticeBill.bpmn','diagrams/noticeBill.png',NULL,0,1,'',1),('noticeBill:5:22504',1,'http://www.activiti.org/test','noticeBillprocess','noticeBill',5,'22501','diagrams/noticeBill.bpmn','diagrams/noticeBill.png',NULL,0,1,'',1),('noticeBill:6:42504',1,'http://www.activiti.org/test','noticeBillprocess','noticeBill',6,'42501','diagrams/noticeBill.bpmn','diagrams/noticeBill.png',NULL,0,1,'',1),('noticeBill:7:47504',1,'http://www.activiti.org/test','noticeBillprocess','noticeBill',7,'47501','diagrams/noticeBill.bpmn','diagrams/noticeBill.png',NULL,0,1,'',1),('noticeBill:8:52504',1,'http://www.activiti.org/test','noticeBillprocess','noticeBill',8,'52501','diagrams/noticeBill.bpmn','diagrams/noticeBill.png',NULL,0,1,'',1),('noticeBill:9:62504',1,'http://www.activiti.org/test','noticeBillprocess','noticeBill',9,'62501','diagrams/noticeBill.bpmn','diagrams/noticeBill.png',NULL,0,1,'',1);

/*Table structure for table `act_ru_event_subscr` */

DROP TABLE IF EXISTS `act_ru_event_subscr`;

CREATE TABLE `act_ru_event_subscr` (
  `ID_` varchar(64) collate utf8_bin NOT NULL,
  `REV_` int(11) default NULL,
  `EVENT_TYPE_` varchar(255) collate utf8_bin NOT NULL,
  `EVENT_NAME_` varchar(255) collate utf8_bin default NULL,
  `EXECUTION_ID_` varchar(64) collate utf8_bin default NULL,
  `PROC_INST_ID_` varchar(64) collate utf8_bin default NULL,
  `ACTIVITY_ID_` varchar(64) collate utf8_bin default NULL,
  `CONFIGURATION_` varchar(255) collate utf8_bin default NULL,
  `TENANT_ID_` varchar(255) collate utf8_bin default '',
  `PROC_DEF_ID_` varchar(64) collate utf8_bin default NULL,
  `CREATED_` timestamp NOT NULL default CURRENT_TIMESTAMP,
  PRIMARY KEY  (`ID_`),
  KEY `ACT_IDX_EVENT_SUBSCR_CONFIG_` (`CONFIGURATION_`),
  KEY `ACT_FK_EVENT_EXEC` (`EXECUTION_ID_`),
  CONSTRAINT `ACT_FK_EVENT_EXEC` FOREIGN KEY (`EXECUTION_ID_`) REFERENCES `act_ru_execution` (`ID_`)
) ENGINE=InnoDB DEFAULT CHARSET=utf8 COLLATE=utf8_bin;

/*Data for the table `act_ru_event_subscr` */

/*Table structure for table `act_ru_execution` */

DROP TABLE IF EXISTS `act_ru_execution`;

CREATE TABLE `act_ru_execution` (
  `ID_` varchar(64) collate utf8_bin NOT NULL default '',
  `REV_` int(11) default NULL,
  `PROC_INST_ID_` varchar(64) collate utf8_bin default NULL,
  `BUSINESS_KEY_` varchar(255) collate utf8_bin default NULL,
  `PARENT_ID_` varchar(64) collate utf8_bin default NULL,
  `PROC_DEF_ID_` varchar(64) collate utf8_bin default NULL,
  `SUPER_EXEC_` varchar(64) collate utf8_bin default NULL,
  `ACT_ID_` varchar(255) collate utf8_bin default NULL,
  `IS_ACTIVE_` tinyint(4) default NULL,
  `IS_CONCURRENT_` tinyint(4) default NULL,
  `IS_SCOPE_` tinyint(4) default NULL,
  `IS_EVENT_SCOPE_` tinyint(4) default NULL,
  `SUSPENSION_STATE_` int(11) default NULL,
  `CACHED_ENT_STATE_` int(11) default NULL,
  `TENANT_ID_` varchar(255) collate utf8_bin default '',
  `NAME_` varchar(255) collate utf8_bin default NULL,
  `LOCK_TIME_` timestamp NULL default NULL,
  PRIMARY KEY  (`ID_`),
  KEY `ACT_IDX_EXEC_BUSKEY` (`BUSINESS_KEY_`),
  KEY `ACT_FK_EXE_PROCINST` (`PROC_INST_ID_`),
  KEY `ACT_FK_EXE_PARENT` (`PARENT_ID_`),
  KEY `ACT_FK_EXE_SUPER` (`SUPER_EXEC_`),
  KEY `ACT_FK_EXE_PROCDEF` (`PROC_DEF_ID_`),
  CONSTRAINT `ACT_FK_EXE_PARENT` FOREIGN KEY (`PARENT_ID_`) REFERENCES `act_ru_execution` (`ID_`),
  CONSTRAINT `ACT_FK_EXE_PROCDEF` FOREIGN KEY (`PROC_DEF_ID_`) REFERENCES `act_re_procdef` (`ID_`),
  CONSTRAINT `ACT_FK_EXE_PROCINST` FOREIGN KEY (`PROC_INST_ID_`) REFERENCES `act_ru_execution` (`ID_`) ON DELETE CASCADE ON UPDATE CASCADE,
  CONSTRAINT `ACT_FK_EXE_SUPER` FOREIGN KEY (`SUPER_EXEC_`) REFERENCES `act_ru_execution` (`ID_`)
) ENGINE=InnoDB DEFAULT CHARSET=utf8 COLLATE=utf8_bin;

/*Data for the table `act_ru_execution` */

insert  into `act_ru_execution`(`ID_`,`REV_`,`PROC_INST_ID_`,`BUSINESS_KEY_`,`PARENT_ID_`,`PROC_DEF_ID_`,`SUPER_EXEC_`,`ACT_ID_`,`IS_ACTIVE_`,`IS_CONCURRENT_`,`IS_SCOPE_`,`IS_EVENT_SCOPE_`,`SUSPENSION_STATE_`,`CACHED_ENT_STATE_`,`TENANT_ID_`,`NAME_`,`LOCK_TIME_`) values ('197501',6,'197501','noticeBill.142',NULL,'noticeBill:24:195004',NULL,'usertask2',1,0,1,0,1,2,'',NULL,NULL),('20001',2,'20001','noticeBill.122',NULL,'noticeBill:4:17504',NULL,'usertask2',1,0,1,0,1,2,'',NULL,NULL),('25001',4,'25001','noticeBill.123',NULL,'noticeBill:5:22504',NULL,'usertask2',1,0,1,0,1,2,'',NULL,NULL),('45001',2,'45001','noticeBill.124',NULL,'noticeBill:6:42504',NULL,'usertask2',1,0,1,0,1,2,'',NULL,NULL),('50001',4,'50001','noticeBill.125',NULL,'noticeBill:7:47504',NULL,'usertask2',1,0,1,0,1,2,'',NULL,NULL),('77515',2,'77515','noticeBill.129',NULL,'noticeBill:11:80004',NULL,'usertask2',1,0,1,0,1,2,'',NULL,NULL),('85011',3,'85011','noticeBill.131',NULL,'noticeBill:13:90004',NULL,'usertask1',1,0,1,0,1,2,'',NULL,NULL);

/*Table structure for table `act_ru_identitylink` */

DROP TABLE IF EXISTS `act_ru_identitylink`;

CREATE TABLE `act_ru_identitylink` (
  `ID_` varchar(64) collate utf8_bin NOT NULL default '',
  `REV_` int(11) default NULL,
  `GROUP_ID_` varchar(255) collate utf8_bin default NULL,
  `TYPE_` varchar(255) collate utf8_bin default NULL,
  `USER_ID_` varchar(255) collate utf8_bin default NULL,
  `TASK_ID_` varchar(64) collate utf8_bin default NULL,
  `PROC_INST_ID_` varchar(64) collate utf8_bin default NULL,
  `PROC_DEF_ID_` varchar(64) collate utf8_bin default NULL,
  PRIMARY KEY  (`ID_`),
  KEY `ACT_IDX_IDENT_LNK_USER` (`USER_ID_`),
  KEY `ACT_IDX_IDENT_LNK_GROUP` (`GROUP_ID_`),
  KEY `ACT_IDX_ATHRZ_PROCEDEF` (`PROC_DEF_ID_`),
  KEY `ACT_FK_TSKASS_TASK` (`TASK_ID_`),
  KEY `ACT_FK_IDL_PROCINST` (`PROC_INST_ID_`),
  CONSTRAINT `ACT_FK_ATHRZ_PROCEDEF` FOREIGN KEY (`PROC_DEF_ID_`) REFERENCES `act_re_procdef` (`ID_`),
  CONSTRAINT `ACT_FK_IDL_PROCINST` FOREIGN KEY (`PROC_INST_ID_`) REFERENCES `act_ru_execution` (`ID_`),
  CONSTRAINT `ACT_FK_TSKASS_TASK` FOREIGN KEY (`TASK_ID_`) REFERENCES `act_ru_task` (`ID_`)
) ENGINE=InnoDB DEFAULT CHARSET=utf8 COLLATE=utf8_bin;

/*Data for the table `act_ru_identitylink` */

insert  into `act_ru_identitylink`(`ID_`,`REV_`,`GROUP_ID_`,`TYPE_`,`USER_ID_`,`TASK_ID_`,`PROC_INST_ID_`,`PROC_DEF_ID_`) values ('197507',1,NULL,'participant','阿哥',NULL,'197501',NULL),('200001',1,NULL,'participant','管理员',NULL,'197501',NULL),('20007',1,NULL,'participant','管理员',NULL,'20001',NULL),('20011',1,NULL,'participant','阿哥',NULL,'20001',NULL),('25007',1,NULL,'participant','管理员',NULL,'25001',NULL),('25011',1,NULL,'participant','阿哥',NULL,'25001',NULL),('45007',1,NULL,'participant','管理员',NULL,'45001',NULL),('45011',1,NULL,'participant','阿哥',NULL,'45001',NULL),('50007',1,NULL,'participant','阿哥',NULL,'50001',NULL),('77521',1,NULL,'participant','阿哥',NULL,'77515',NULL),('85017',1,NULL,'participant','阿哥',NULL,'85011',NULL);

/*Table structure for table `act_ru_job` */

DROP TABLE IF EXISTS `act_ru_job`;

CREATE TABLE `act_ru_job` (
  `ID_` varchar(64) collate utf8_bin NOT NULL,
  `REV_` int(11) default NULL,
  `TYPE_` varchar(255) collate utf8_bin NOT NULL,
  `LOCK_OWNER_` varchar(255) collate utf8_bin default NULL,
  `EXCLUSIVE_` tinyint(1) default NULL,
  `EXECUTION_ID_` varchar(64) collate utf8_bin default NULL,
  `PROCESS_INSTANCE_ID_` varchar(64) collate utf8_bin default NULL,
  `PROC_DEF_ID_` varchar(64) collate utf8_bin default NULL,
  `RETRIES_` int(11) default NULL,
  `EXCEPTION_STACK_ID_` varchar(64) collate utf8_bin default NULL,
  `EXCEPTION_MSG_` varchar(4000) collate utf8_bin default NULL,
  `REPEAT_` varchar(255) collate utf8_bin default NULL,
  `HANDLER_TYPE_` varchar(255) collate utf8_bin default NULL,
  `HANDLER_CFG_` varchar(4000) collate utf8_bin default NULL,
  `TENANT_ID_` varchar(255) collate utf8_bin default '',
  `LOCK_EXP_TIME_` timestamp NULL default NULL,
  `DUEDATE_` timestamp NULL default NULL,
  PRIMARY KEY  (`ID_`),
  KEY `ACT_FK_JOB_EXCEPTION` (`EXCEPTION_STACK_ID_`),
  CONSTRAINT `ACT_FK_JOB_EXCEPTION` FOREIGN KEY (`EXCEPTION_STACK_ID_`) REFERENCES `act_ge_bytearray` (`ID_`)
) ENGINE=InnoDB DEFAULT CHARSET=utf8 COLLATE=utf8_bin;

/*Data for the table `act_ru_job` */

/*Table structure for table `act_ru_task` */

DROP TABLE IF EXISTS `act_ru_task`;

CREATE TABLE `act_ru_task` (
  `ID_` varchar(64) collate utf8_bin NOT NULL default '',
  `REV_` int(11) default NULL,
  `EXECUTION_ID_` varchar(64) collate utf8_bin default NULL,
  `PROC_INST_ID_` varchar(64) collate utf8_bin default NULL,
  `PROC_DEF_ID_` varchar(64) collate utf8_bin default NULL,
  `NAME_` varchar(255) collate utf8_bin default NULL,
  `PARENT_TASK_ID_` varchar(64) collate utf8_bin default NULL,
  `DESCRIPTION_` varchar(4000) collate utf8_bin default NULL,
  `TASK_DEF_KEY_` varchar(255) collate utf8_bin default NULL,
  `OWNER_` varchar(255) collate utf8_bin default NULL,
  `ASSIGNEE_` varchar(255) collate utf8_bin default NULL,
  `DELEGATION_` varchar(64) collate utf8_bin default NULL,
  `PRIORITY_` int(11) default NULL,
  `SUSPENSION_STATE_` int(11) default NULL,
  `CATEGORY_` varchar(255) collate utf8_bin default NULL,
  `TENANT_ID_` varchar(255) collate utf8_bin default '',
  `CREATE_TIME_` timestamp NULL default NULL,
  `DUE_DATE_` datetime default NULL,
  `FORM_KEY_` varchar(255) collate utf8_bin default NULL,
  PRIMARY KEY  (`ID_`),
  KEY `ACT_FK_TASK_EXE` (`EXECUTION_ID_`),
  KEY `ACT_FK_TASK_PROCINST` (`PROC_INST_ID_`),
  KEY `ACT_FK_TASK_PROCDEF` (`PROC_DEF_ID_`),
  CONSTRAINT `ACT_FK_TASK_EXE` FOREIGN KEY (`EXECUTION_ID_`) REFERENCES `act_ru_execution` (`ID_`),
  CONSTRAINT `ACT_FK_TASK_PROCDEF` FOREIGN KEY (`PROC_DEF_ID_`) REFERENCES `act_re_procdef` (`ID_`),
  CONSTRAINT `ACT_FK_TASK_PROCINST` FOREIGN KEY (`PROC_INST_ID_`) REFERENCES `act_ru_execution` (`ID_`)
) ENGINE=InnoDB DEFAULT CHARSET=utf8 COLLATE=utf8_bin;

/*Data for the table `act_ru_task` */

insert  into `act_ru_task`(`ID_`,`REV_`,`EXECUTION_ID_`,`PROC_INST_ID_`,`PROC_DEF_ID_`,`NAME_`,`PARENT_TASK_ID_`,`DESCRIPTION_`,`TASK_DEF_KEY_`,`OWNER_`,`ASSIGNEE_`,`DELEGATION_`,`PRIORITY_`,`SUSPENSION_STATE_`,`CATEGORY_`,`TENANT_ID_`,`CREATE_TIME_`,`DUE_DATE_`,`FORM_KEY_`) values ('20010',1,'20001','20001','noticeBill:4:17504','审核',NULL,NULL,'usertask2',NULL,'阿哥',NULL,50,1,NULL,'','2017-08-15 15:30:34',NULL,NULL),('207502',1,'197501','197501','noticeBill:24:195004','审核',NULL,NULL,'usertask2',NULL,'阿哥',NULL,50,1,NULL,'','2017-08-19 09:06:25',NULL,NULL),('30002',1,'25001','25001','noticeBill:5:22504','审核',NULL,NULL,'usertask2',NULL,'阿哥',NULL,50,1,NULL,'','2017-08-15 15:53:27',NULL,NULL),('45010',1,'45001','45001','noticeBill:6:42504','审核',NULL,NULL,'usertask2',NULL,'阿哥',NULL,50,1,NULL,'','2017-08-15 16:13:17',NULL,NULL),('70002',1,'50001','50001','noticeBill:7:47504','审核',NULL,NULL,'usertask2',NULL,'阿哥',NULL,50,1,NULL,'','2017-08-15 16:26:11',NULL,NULL),('77524',1,'77515','77515','noticeBill:11:80004','审核',NULL,NULL,'usertask2',NULL,'阿哥',NULL,50,1,NULL,'','2017-08-15 16:32:39',NULL,NULL),('92502',1,'85011','85011','noticeBill:13:90004','起草',NULL,NULL,'usertask1',NULL,'阿哥',NULL,50,1,NULL,'','2017-08-15 16:36:33',NULL,NULL);

/*Table structure for table `act_ru_variable` */

DROP TABLE IF EXISTS `act_ru_variable`;

CREATE TABLE `act_ru_variable` (
  `ID_` varchar(64) collate utf8_bin NOT NULL,
  `REV_` int(11) default NULL,
  `TYPE_` varchar(255) collate utf8_bin NOT NULL,
  `NAME_` varchar(255) collate utf8_bin NOT NULL,
  `EXECUTION_ID_` varchar(64) collate utf8_bin default NULL,
  `PROC_INST_ID_` varchar(64) collate utf8_bin default NULL,
  `TASK_ID_` varchar(64) collate utf8_bin default NULL,
  `BYTEARRAY_ID_` varchar(64) collate utf8_bin default NULL,
  `DOUBLE_` double default NULL,
  `LONG_` bigint(20) default NULL,
  `TEXT_` varchar(4000) collate utf8_bin default NULL,
  `TEXT2_` varchar(4000) collate utf8_bin default NULL,
  PRIMARY KEY  (`ID_`),
  KEY `ACT_IDX_VARIABLE_TASK_ID` (`TASK_ID_`),
  KEY `ACT_FK_VAR_EXE` (`EXECUTION_ID_`),
  KEY `ACT_FK_VAR_PROCINST` (`PROC_INST_ID_`),
  KEY `ACT_FK_VAR_BYTEARRAY` (`BYTEARRAY_ID_`),
  CONSTRAINT `ACT_FK_VAR_BYTEARRAY` FOREIGN KEY (`BYTEARRAY_ID_`) REFERENCES `act_ge_bytearray` (`ID_`),
  CONSTRAINT `ACT_FK_VAR_EXE` FOREIGN KEY (`EXECUTION_ID_`) REFERENCES `act_ru_execution` (`ID_`),
  CONSTRAINT `ACT_FK_VAR_PROCINST` FOREIGN KEY (`PROC_INST_ID_`) REFERENCES `act_ru_execution` (`ID_`)
) ENGINE=InnoDB DEFAULT CHARSET=utf8 COLLATE=utf8_bin;

/*Data for the table `act_ru_variable` */

insert  into `act_ru_variable`(`ID_`,`REV_`,`TYPE_`,`NAME_`,`EXECUTION_ID_`,`PROC_INST_ID_`,`TASK_ID_`,`BYTEARRAY_ID_`,`DOUBLE_`,`LONG_`,`TEXT_`,`TEXT2_`) values ('197503',1,'string','objId','197501','197501',NULL,NULL,NULL,NULL,'noticeBill.142',NULL),('197504',1,'string','inputUser','197501','197501',NULL,NULL,NULL,NULL,'阿哥',NULL),('197508',3,'string','outcome','197501','197501',NULL,NULL,NULL,NULL,'发布中',NULL),('20003',1,'string','objId','20001','20001',NULL,NULL,NULL,NULL,'noticeBill.122',NULL),('20004',1,'string','inputUser','20001','20001',NULL,NULL,NULL,NULL,'管理员',NULL),('20008',1,'string','outcome','20001','20001',NULL,NULL,NULL,NULL,'审核',NULL),('25003',1,'string','objId','25001','25001',NULL,NULL,NULL,NULL,'noticeBill.123',NULL),('25004',1,'string','inputUser','25001','25001',NULL,NULL,NULL,NULL,'管理员',NULL),('25008',3,'string','outcome','25001','25001',NULL,NULL,NULL,NULL,'',NULL),('45003',1,'string','objId','45001','45001',NULL,NULL,NULL,NULL,'noticeBill.124',NULL),('45004',1,'string','inputUser','45001','45001',NULL,NULL,NULL,NULL,'管理员',NULL),('45008',1,'string','outcome','45001','45001',NULL,NULL,NULL,NULL,'审核',NULL),('50003',1,'string','objId','50001','50001',NULL,NULL,NULL,NULL,'noticeBill.125',NULL),('50004',1,'string','inputUser','50001','50001',NULL,NULL,NULL,NULL,'阿哥',NULL),('50008',3,'string','outcome','50001','50001',NULL,NULL,NULL,NULL,'审核中,',NULL),('77517',1,'string','objId','77515','77515',NULL,NULL,NULL,NULL,'noticeBill.129',NULL),('77518',1,'string','inputUser','77515','77515',NULL,NULL,NULL,NULL,'阿哥',NULL),('77522',1,'string','outcome','77515','77515',NULL,NULL,NULL,NULL,'审核',NULL),('85013',1,'string','objId','85011','85011',NULL,NULL,NULL,NULL,'noticeBill.131',NULL),('85014',1,'string','inputUser','85011','85011',NULL,NULL,NULL,NULL,'阿哥',NULL),('85018',2,'string','outcome','85011','85011',NULL,NULL,NULL,NULL,'撤除',NULL);

/*Table structure for table `assignment` */

DROP TABLE IF EXISTS `assignment`;

CREATE TABLE `assignment` (
  `assignment_id` int(11) NOT NULL auto_increment,
  `assi_state` varchar(255) default NULL,
  `assignment_name` varchar(255) default NULL,
  `assignment_create_name` varchar(255) default NULL,
  `depart_id` int(11) default NULL,
  `assignment_create_time` date default NULL,
  `assignment_terminal_time` date default NULL,
  `assignment_executor_name` varchar(255) default NULL,
  `assignment_workload` varchar(255) default NULL,
  `assignment_budget` varchar(255) default NULL,
  `assignment_classify` varchar(255) default NULL,
  `assignment_explain` varchar(255) default NULL,
  `assignment_executor_fruit` varchar(255) default NULL,
  PRIMARY KEY  (`assignment_id`)
) ENGINE=InnoDB DEFAULT CHARSET=utf8;

/*Data for the table `assignment` */

insert  into `assignment`(`assignment_id`,`assi_state`,`assignment_name`,`assignment_create_name`,`depart_id`,`assignment_create_time`,`assignment_terminal_time`,`assignment_executor_name`,`assignment_workload`,`assignment_budget`,`assignment_classify`,`assignment_explain`,`assignment_executor_fruit`) values (1,'执行中','现场安装配置','管理员',5,'2017-04-03','2017-05-03','王美丽','3','2','常规类任务','任务说明','执行完成'),(2,'执行中','现场安装配置','管理员',5,'2017-04-03','2017-05-03','王美丽','3','2','行政类任务','任务说明','执行完成'),(3,'已关闭','现场安装配置','管理员',5,'2017-04-03','2017-05-03','王美丽','3','2','人事类任务','任务说明','执行完成'),(4,'执行中','现场安装配置','管理员',5,'2017-04-03','2017-05-03','王美丽','3','2','财务类任务','任务说明','执行完成'),(5,'已关闭','现场安装配置','管理员',5,'2017-04-03','2017-05-03','王美丽','3','2','业务类任务','任务说明','执行完成'),(6,'执行中','现场安装配置','管理员',5,'2017-04-03','2017-05-03','王美丽','3','2','项目任务','任务说明','执行完成'),(7,'已关闭','现场安装配置','管理员',5,'2017-04-03','2017-05-03','王美丽','3','2','常规任务','任务说明','执行完成'),(8,'已关闭','现场安装配置','管理员',5,'2017-04-03','2017-05-03','王美丽','3','2','业务类任务','任务说明','执行完成'),(9,'执行中','现场安装配置','管理员',5,'2017-04-03','2017-05-03','王美丽','3','2','项目任务','任务说明','执行完成'),(10,'已关闭','现场安装配置','管理员',5,'2017-04-03','2017-05-03','王美丽','3','1','常规任务','任务说明','执行完成'),(11,'已关闭','现场安装配置','管理员',5,'2017-04-03','2017-05-03','王美丽','3','2','业务类任务','任务说明','执行完成'),(12,'执行中','现场安装配置','管理员',5,'2017-04-03','2017-05-03','王美丽','3','2','项目任务','任务说明','执行完成'),(13,'已关闭','现场安装配置','管理员',5,'2017-04-03','2017-05-03','王美丽','3','2','常规任务','任务说明','执行完成'),(14,'执行中','现场安装配置','高大山',5,'2017-04-03','2017-05-03','王美丽','3','2','常规类任务','任务说明','执行完成'),(15,'执行中','现场安装配置','高大山',5,'2017-04-03','2017-05-03','王美丽','3','2','行政类任务','任务说明','执行完成'),(16,'已关闭','现场安装配置','高大山',5,'2017-04-03','2017-05-03','王美丽','3','2','人事类任务','任务说明','执行完成'),(17,'执行中','现场安装配置','高大山',5,'2017-04-03','2017-05-03','王美丽','3','2','财务类任务','任务说明','执行完成'),(18,'已关闭','现场安装配置','高大山',5,'2017-04-03','2017-05-03','王美丽','3','2','业务类任务','任务说明','执行完成'),(19,'执行中','现场安装配置','高大山',5,'2017-04-03','2017-05-03','王美丽','3','2','项目任务','任务说明','执行完成'),(20,'已关闭','现场安装配置','高大山',5,'2017-04-03','2017-05-03','王美丽','3','2','常规任务','任务说明','执行完成'),(21,'已关闭','现场安装配置','高大山',5,'2017-04-03','2017-05-03','王美丽','3','2','业务类任务','任务说明','执行完成'),(22,'执行中','现场安装配置','高大山',5,'2017-04-03','2017-05-03','王美丽','3','2','项目任务','任务说明','执行完成'),(23,'已关闭','现场安装配置','高大山',5,'2017-04-03','2017-05-03','王美丽','3','1','常规任务','任务说明','执行完成'),(24,'已关闭','现场安装配置','高大山',5,'2017-04-03','2017-05-03','王美丽','3','2','业务类任务','任务说明','执行完成'),(25,'执行中','现场安装配置','高大山',5,'2017-04-03','2017-05-03','王美丽','3','2','项目任务','任务说明','执行完成'),(26,'已关闭','现场安装配置','高大山',5,'2017-04-03','2017-05-03','王美丽','3','2','常规任务','任务说明','执行完成'),(27,'执行中','执行工作任务','阿哥',7,'2017-08-18','2017-08-20','','2',NULL,'常规类任务','进行执行常规任务','未完成');

/*Table structure for table `become` */

DROP TABLE IF EXISTS `become`;

CREATE TABLE `become` (
  `b_id` int(11) NOT NULL auto_increment,
  `b_theme` varchar(255) default NULL,
  `b_shopdate` date default NULL,
  `b_applydate` date default NULL,
  `b_post` varchar(20) default NULL,
  `b_joindate` date default NULL,
  `b_become` date default NULL,
  `b_content` varchar(255) default NULL,
  `b_achievement` varchar(255) default NULL,
  `b_problem` varchar(255) default NULL,
  `b_imagine` varchar(255) default NULL,
  `b_comment` varchar(255) default NULL,
  `depart_id` int(11) default NULL,
  `emp_id` int(11) default NULL,
  `eaa_state` int(11) default NULL,
  `eaa_conclusion` varchar(255) default NULL,
  `eaa_date` datetime default NULL,
  PRIMARY KEY  (`b_id`)
) ENGINE=InnoDB DEFAULT CHARSET=utf8;

/*Data for the table `become` */

insert  into `become`(`b_id`,`b_theme`,`b_shopdate`,`b_applydate`,`b_post`,`b_joindate`,`b_become`,`b_content`,`b_achievement`,`b_problem`,`b_imagine`,`b_comment`,`depart_id`,`emp_id`,`eaa_state`,`eaa_conclusion`,`eaa_date`) values (1,'转正申请-阿哥',NULL,'2016-04-07','助理','2016-02-16','2015-05-16','1、起草公司工作计划总结，并作好公司重要会议记录；\r\n2、起草、存档整理总经理签发文件；\r\n3、公司管理制度、规章制度，网页设计方案书、合同书，公司总体运行配合;\r\n4、接听电话、妥当应答，并做好电话记录；\r\n5、掌握总经理的日程安排做好预约工作，安排商务旅行；\r\n6、完成总经理或综合管理部经理交办的其他工作；',' 	1、起草了公司2016年整体工作计划；\r\n2、这三个月的总经理的会议纪要输出，以及整理各类总经理的签发文件，保障没有问题；\r\n3、配合总经理处理公司各项事务，获得总经理的表扬；','学习还需加强，对业务知识了解不够；','主动学习公司业务知识，多与总经理交流学习','同意',1,5,0,'提交主管审批','2017-08-08 12:09:16'),(2,'转正申请-阿哥',NULL,'2016-04-07','行政专员','2016-02-02',NULL,' 	1、负责企业新员工培训\r\n2、负责各项人事制度巡查\r\n3、负责绩效管理',' 	1、组织了三次培训《如何提高工作效率、引爆员工工作潜能》、《公司员工价值观培训》、《企业文化建设》、《工伤保险管理条例》\r\n2、出台《员工学习园地管理规定》、学习园地定期出版，企业网站内容每5日实行更新一次；\r\n3、进行绩效检查4次、考评表及时到位、公正公平进行考核、对考核结果进行评估分析、及时报表','对公司的各项制度还没有彻底的厘清，知识还有所不足；',' 	1、主动的整理各项制度，争取在短期能完全掌握各项制度；\r\n2、主动向各位同事学习、咨询；',NULL,2,6,0,'提交主管审批','2017-08-08 12:09:18');

/*Table structure for table `boardroom` */

DROP TABLE IF EXISTS `boardroom`;

CREATE TABLE `boardroom` (
  `id` int(11) NOT NULL auto_increment,
  `name` varchar(50) NOT NULL,
  `capacity` varchar(50) NOT NULL,
  `location` varchar(50) NOT NULL,
  `device` varchar(255) NOT NULL,
  `status` varchar(50) NOT NULL,
  `description` varchar(255) default NULL,
  `pic` varchar(255) NOT NULL,
  PRIMARY KEY  (`id`)
) ENGINE=InnoDB DEFAULT CHARSET=utf8;

/*Data for the table `boardroom` */

insert  into `boardroom`(`id`,`name`,`capacity`,`location`,`device`,`status`,`description`,`pic`) values (1,'一号会议室','20人','一楼102','投影仪，电视','1','','/upload/hy1.jpg'),(2,'二号会议室','40人','二楼204','投影仪，电视，话筒，音响设备','1','','/upload/hy2.jpg'),(3,'三号会议室','30人','三楼302','投影仪，电视','1','','/upload/hy3.jpg');

/*Table structure for table `boardroomreserve` */

DROP TABLE IF EXISTS `boardroomreserve`;

CREATE TABLE `boardroomreserve` (
  `id` int(11) NOT NULL auto_increment,
  `subject` varchar(50) NOT NULL,
  `applicationDate` varchar(50) NOT NULL,
  `beginTime` varchar(50) NOT NULL,
  `endTime` varchar(50) NOT NULL,
  `reason` varchar(50) NOT NULL,
  `description` varchar(50) default NULL,
  `emp_id` int(11) NOT NULL,
  `board_id` int(11) NOT NULL,
  `state` int(11) NOT NULL default '0',
  PRIMARY KEY  (`id`)
) ENGINE=InnoDB DEFAULT CHARSET=utf8;

/*Data for the table `boardroomreserve` */

insert  into `boardroomreserve`(`id`,`subject`,`applicationDate`,`beginTime`,`endTime`,`reason`,`description`,`emp_id`,`board_id`,`state`) values (1,'会议室预定-王伟','2017-08-02','2017-08-02 08:00','2017-08-02 09:00','部门月末总结会议',NULL,5,1,0),(2,'会议室预定-王伟','2017-08-01','2017-08-01 08:00','2017-08-01 08:00','面试',NULL,5,2,0),(3,'会议室预定-王伟','2017-08-02','2017-08-03 08:00','2017-08-03 08:00','部门例会',NULL,5,3,0);

/*Table structure for table `calendar` */

DROP TABLE IF EXISTS `calendar`;

CREATE TABLE `calendar` (
  `calendar_id` int(11) NOT NULL auto_increment,
  `depart_id` int(11) NOT NULL,
  `calendar_starttime` datetime default NULL,
  `calendar_endtime` datetime default NULL,
  `calendar_create_name` varchar(100) NOT NULL,
  `calendar_title` varchar(200) NOT NULL,
  `calendar_content` varchar(500) NOT NULL,
  `calendar_annex` varchar(500) default NULL,
  PRIMARY KEY  (`calendar_id`)
) ENGINE=InnoDB DEFAULT CHARSET=utf8;

/*Data for the table `calendar` */

insert  into `calendar`(`calendar_id`,`depart_id`,`calendar_starttime`,`calendar_endtime`,`calendar_create_name`,`calendar_title`,`calendar_content`,`calendar_annex`) values (1,1,'2017-05-05 11:11:00','2017-05-05 12:11:00','李萌','日程主题','日程内容','这是附件'),(2,1,'2017-05-05 11:11:00','2017-05-05 12:11:00','李萌','日程主题','日程内容','这是附件'),(3,2,'2017-05-05 11:11:00','2017-05-05 12:11:00','李萌','日程主题','日程内容','这是附件'),(4,3,'2017-05-05 11:11:00','2017-05-05 12:11:00','李萌','日程主题','日程内容','这是附件'),(5,3,'2017-05-05 11:11:00','2017-05-05 12:11:00','李萌','日程主题','日程内容','这是附件'),(6,4,'2017-05-05 11:11:00','2017-05-05 12:11:00','李萌','日程主题','日程内容','这是附件'),(7,4,'2017-05-05 11:11:00','2017-05-05 12:11:00','李萌','日程主题','日程内容','这是附件'),(8,5,'2017-05-05 11:11:00','2017-05-05 12:11:00','李萌','日程主题','日程内容','这是附件'),(9,5,'2017-05-05 11:11:00','2017-05-05 12:11:00','李萌','日程主题','日程内容','这是附件'),(10,6,'2017-05-05 11:11:00','2017-05-05 12:11:00','李萌','日程主题','日程内容','这是附件'),(11,6,'2017-05-05 11:11:00','2017-05-05 12:11:00','李萌','日程主题','日程内容','这是附件');

/*Table structure for table `car` */

DROP TABLE IF EXISTS `car`;

CREATE TABLE `car` (
  `id` int(11) NOT NULL auto_increment,
  `name` varchar(50) NOT NULL default '',
  `no` varchar(50) NOT NULL default '',
  `pic` varchar(255) NOT NULL default '',
  `status` varchar(50) NOT NULL default '1',
  PRIMARY KEY  (`id`)
) ENGINE=InnoDB DEFAULT CHARSET=utf8;

/*Data for the table `car` */

insert  into `car`(`id`,`name`,`no`,`pic`,`status`) values (1,'本田','苏A672H7','/upload/cl1.png','1'),(2,'丰田','苏A738I1','/upload/cl4.jpg','1'),(3,'路虎','苏A30J62','/upload/cl3.png','1'),(4,'沃尔沃','苏A293B1','/upload/cl2.jpg','1'),(5,'丰田柯斯达','苏A76H77','/upload/cl5.png','1');

/*Table structure for table `click` */

DROP TABLE IF EXISTS `click`;

CREATE TABLE `click` (
  `c_Id` int(11) NOT NULL auto_increment,
  `u_Id` varchar(50) NOT NULL,
  `t_Id` int(11) NOT NULL,
  `c_Date` datetime NOT NULL,
  PRIMARY KEY  (`c_Id`),
  KEY `c_tidss` (`t_Id`)
) ENGINE=InnoDB DEFAULT CHARSET=utf8;

/*Data for the table `click` */

insert  into `click`(`c_Id`,`u_Id`,`t_Id`,`c_Date`) values (1,'10001',2,'2017-08-02 00:00:00'),(13,'Ahz006',3,'2017-05-22 17:16:31'),(14,'Ahz006',2,'2017-05-22 17:16:37'),(15,'Ahz006',4,'2017-05-22 17:16:39'),(16,'Ahz006',5,'2017-05-22 17:16:42'),(17,'Ahz006',6,'2017-05-22 17:16:44'),(18,'Ahz006',17,'2017-07-28 12:03:10'),(19,'Ahz-006',17,'2017-07-28 12:10:16'),(20,'Ahz006',16,'2017-07-28 12:12:36'),(21,'Ahz007',18,'2017-07-28 12:26:00'),(22,'Ahz007',19,'2017-07-28 12:38:14'),(23,'Ahz007',20,'2017-07-31 16:44:05'),(24,'Ahz006',14,'2017-08-02 14:40:15'),(25,'admin',21,'2017-08-02 14:42:51'),(26,'admin',22,'2017-08-03 11:16:57'),(27,'admin',23,'2017-08-03 11:17:40'),(28,'admin',24,'2017-08-04 10:20:30'),(29,'admin',25,'2017-08-04 10:35:14'),(30,'admin',26,'2017-08-04 10:44:59'),(31,'admin',27,'2017-08-04 10:51:46'),(32,'Ahz007',28,'2017-08-04 10:53:17'),(33,'Ahz006',11,'2017-08-04 10:59:58'),(34,'Ahz005',28,'2017-08-04 13:40:03'),(35,'Ahz005',20,'2017-08-04 13:40:07'),(36,'admin',28,'2017-08-04 13:40:18'),(37,'admin',20,'2017-08-04 13:40:24'),(38,'admin',10,'2017-08-04 13:50:23'),(39,'admin',16,'2017-08-04 13:50:28'),(40,'admin',15,'2017-08-04 13:51:05'),(41,'admin',4,'2017-08-04 13:51:20'),(42,'admin',5,'2017-08-04 13:53:38'),(43,'admin',6,'2017-08-04 13:53:49'),(44,'admin',29,'2017-08-04 14:01:38'),(45,'Ahz005',29,'2017-08-04 14:02:07'),(46,'admin',17,'2017-08-04 14:25:31'),(47,'Ahz005',11,'2017-08-04 14:54:06'),(48,'admin',11,'2017-08-04 15:17:11'),(49,'admin',14,'2017-08-16 16:11:19'),(50,'admin',30,'2017-08-16 16:11:26'),(51,'Ahz007',30,'2017-08-16 16:12:07'),(52,'Ahz007',6,'2017-08-16 16:12:21'),(53,'admin',13,'2017-08-16 16:31:43'),(54,'admin',31,'2017-08-19 09:07:53'),(55,'Ahz007',32,'2017-08-19 09:08:43');

/*Table structure for table `department` */

DROP TABLE IF EXISTS `department`;

CREATE TABLE `department` (
  `depart_id` int(11) NOT NULL auto_increment COMMENT '部门编号',
  `depart_name` varchar(50) NOT NULL COMMENT '部门名称',
  `depart_description` varchar(255) default NULL COMMENT '部门描述',
  `depart_pid` int(11) default NULL COMMENT '部门父部门编号',
  `depart_statu` int(11) default '1',
  PRIMARY KEY  (`depart_id`)
) ENGINE=InnoDB DEFAULT CHARSET=utf8;

/*Data for the table `department` */

insert  into `department`(`depart_id`,`depart_name`,`depart_description`,`depart_pid`,`depart_statu`) values (1,'华夏集团',NULL,NULL,1),(2,'总经办',NULL,1,1),(3,'人事部','人力资源管理',1,1),(4,'科技公司','科技研发',1,1),(5,'采购部','采购',4,1),(6,'财务部','财务',4,1),(7,'秘书处','',7,1),(8,'后勤部','',1,1),(9,'工程部','',4,1),(10,'北京分公司','',1,1),(11,'测试部','',1,1),(19,'保安部',' ',4,1);

/*Table structure for table `egress` */

DROP TABLE IF EXISTS `egress`;

CREATE TABLE `egress` (
  `eg_id` int(11) NOT NULL auto_increment,
  `eg_theme` varchar(50) default NULL,
  `eg_shopdate` date default NULL,
  `eg_applydate` date default NULL,
  `eg_egress` datetime default NULL,
  `eg_return` datetime default NULL,
  `eg_hour` varchar(255) default '0',
  `eg_day` varchar(255) default '0',
  `eg_site` varchar(255) default NULL,
  `eg_reason` varchar(255) default NULL,
  `eg_send` varchar(255) default NULL,
  `eg_advance` varchar(255) default NULL,
  `depart_id` int(11) default NULL,
  `emp_id` int(11) default NULL,
  `eaa_state` int(11) default NULL,
  `eaa_conclusion` varchar(255) default NULL,
  `eaa_date` datetime default NULL,
  PRIMARY KEY  (`eg_id`)
) ENGINE=InnoDB DEFAULT CHARSET=utf8;

/*Data for the table `egress` */

insert  into `egress`(`eg_id`,`eg_theme`,`eg_shopdate`,`eg_applydate`,`eg_egress`,`eg_return`,`eg_hour`,`eg_day`,`eg_site`,`eg_reason`,`eg_send`,`eg_advance`,`depart_id`,`emp_id`,`eaa_state`,`eaa_conclusion`,`eaa_date`) values (1,'外出申请-王伟17',NULL,'2016-04-12','2016-04-19 00:00:00','2016-04-20 00:00:00','','1','广州天河万科地产',' 	考察渠道代理商的资质','否','是',1,5,0,'提交主管审批','2017-08-08 12:10:00'),(2,'外出申请-慧慧',NULL,'2016-04-12','2016-04-18 08:30:00','2016-04-19 11:30:00','3','','南京中山陵','和客户谈谈','否','是',2,6,0,'提交主管审批','2017-08-08 12:10:02'),(3,'外出申请-阿哥',NULL,'2016-04-08','2016-04-14 08:00:00','2016-04-14 12:00:00','4',NULL,'北京朝阳五金市场','配件选型','是','是',3,7,0,'提交主管审批','2017-08-08 12:10:03'),(4,'外出申请-张三风',NULL,'2016-04-11','2016-04-12 08:30:00','2016-04-12 17:30:00','9',NULL,'南京新街口','行政事务处理','否','是',4,8,0,'提交主管审批','2017-08-08 12:10:05');

/*Table structure for table `employee` */

DROP TABLE IF EXISTS `employee`;

CREATE TABLE `employee` (
  `emp_id` int(20) NOT NULL auto_increment,
  `emp_code` varchar(255) NOT NULL,
  `emp_name` varchar(255) NOT NULL,
  `emp_sex` varchar(255) default '',
  `emp_state` varchar(255) default '',
  `emp_mobile` varchar(11) default '',
  `emp_email` varchar(255) default '',
  `emp_birth` date default NULL,
  `emp_join` date default NULL,
  `emp_formal` date default NULL,
  `emp_leave` date default NULL,
  `emp_description` varchar(255) default NULL,
  `emp_icon` varchar(255) default NULL,
  `depart_id` int(20) default NULL,
  `emp_pwd` varchar(255) default NULL,
  `emp_status` varchar(50) default NULL,
  `emp_phone` varchar(50) default NULL,
  `emp_qq` varchar(50) default NULL,
  `state_id` int(20) default NULL,
  PRIMARY KEY  (`emp_id`)
) ENGINE=InnoDB DEFAULT CHARSET=utf8;

/*Data for the table `employee` */

insert  into `employee`(`emp_id`,`emp_code`,`emp_name`,`emp_sex`,`emp_state`,`emp_mobile`,`emp_email`,`emp_birth`,`emp_join`,`emp_formal`,`emp_leave`,`emp_description`,`emp_icon`,`depart_id`,`emp_pwd`,`emp_status`,`emp_phone`,`emp_qq`,`state_id`) values (5,'Ahz005','王伟','男','在职','15598765222','wangwei@qq.com','1950-04-17','1950-04-16','1950-04-16',NULL,'为别人鼓掌的人也是在给自己的生命加油','upload/2017081908361794h3.png',5,'a013d2b75f30bd15f963c348a36897fe','在岗','0516-88888888','1234567890',0),(6,'Ahz006','慧慧','女','离职','15598765444','huihui@qq.com','1989-12-05','2013-11-03','2014-02-01','2017-03-04','','',NULL,'5bf7f6cb24ca07f41917221f3143d6f1','','0516-77777777','2345678908',0),(7,'Ahz007','阿哥','男','在职','15598765555','age@qq.com','1987-02-03','2012-02-18','2012-12-04',NULL,'人生像钟表，可回到起点，已不是昨天','upload/20170819083724615h4.png',7,'52283a1006800f1f4355cb0e4842e388','在岗','0516-66666666','3456789012',0),(8,'Ahz008','张三风','男','离职','15598765333','zhangsanfeng@qq.com','1988-04-12','2013-08-05','2013-10-04','2016-02-04',NULL,NULL,NULL,'5bf7f6cb24ca07f41917221f3143d6f1',NULL,NULL,NULL,0),(9,'Ahz009','微微','女','试用','15598760000','weiwei@qq.com','1985-04-07','2014-01-24','2014-03-04',NULL,NULL,NULL,9,'4f55801d960e94eed64e5f58546196cc',NULL,NULL,NULL,0),(10,'Ahz010','棒棒','男','在职','15598765332','bangbang@qq.com','1982-03-11','2014-04-22','2014-06-11',NULL,'不要对挫折叹气','upload/h1.png',10,'8a811e498b95c3c0f3581b5c01432f78','出差',NULL,NULL,0),(14,'Ahz014','西西','女','离职','15877722277','xixi@qq.com','1989-02-01','2013-02-09','2013-04-12','2017-05-03','组长',NULL,NULL,'5bf7f6cb24ca07f41917221f3143d6f1',NULL,NULL,NULL,0),(15,'Ahz015','可可','男','在职','15598760001','keke@qq.com','1989-02-01','2013-02-02','2013-04-03','2017-05-03','组长','upload/2017081908354166h2.png',3,'13f85e240e20e6af25109ddbe9392b7d','在岗','0516-88888888','1777777777',0),(16,'Ahz016','陈','男','在职','15598765112','chen@qq.com','1989-02-01','2013-02-02','2013-04-03',NULL,'组长','upload/2017081908354166h2.png',2,'5fdbfac7eab01bf2508f44e4a1f4a134','在岗','','',0),(21,'Ahz020','陈斌','男','在职','15877722283','chenbin@qq.com','1989-02-01','2013-02-02','2013-04-03','2017-05-03','组长','upload/20170819083634863h9.png',4,'f3473daf37cad8aba692106e6f276338',NULL,'','',0),(22,'Ahz022','成威','男','退休','15598765112','chengwei@qq.com','1989-02-01','2013-02-02','2013-04-03',NULL,'组长',NULL,4,'63c9a3f8b258e810f9febe302077659f',NULL,NULL,NULL,0),(23,'admin','管理员','','','1111111111','admin@qq.com',NULL,NULL,NULL,NULL,'探索协同运营管理之道','upload/20170819084717612h4.png',NULL,'53f139e187e60f8376343990737b8fec','在岗','','123456',0);

/*Table structure for table `employeerole` */

DROP TABLE IF EXISTS `employeerole`;

CREATE TABLE `employeerole` (
  `emp_id` int(11) NOT NULL,
  `role_id` int(11) NOT NULL,
  PRIMARY KEY  (`emp_id`,`role_id`)
) ENGINE=InnoDB DEFAULT CHARSET=utf8;

/*Data for the table `employeerole` */

insert  into `employeerole`(`emp_id`,`role_id`) values (5,2),(5,3),(7,2),(7,4),(9,3),(10,3),(15,7),(16,3),(16,6),(21,6),(22,3),(23,1);

/*Table structure for table `entry` */

DROP TABLE IF EXISTS `entry`;

CREATE TABLE `entry` (
  `et_id` int(11) NOT NULL auto_increment,
  `et_theme` varchar(255) default NULL,
  `et_shopdate` date default NULL,
  `et_name` varchar(255) NOT NULL,
  `et_joindate` date default NULL,
  `et_post` varchar(255) default NULL,
  `et_birth` date default NULL,
  `et_sex` varchar(20) default NULL,
  `et_life` varchar(255) default NULL,
  `et_remarks` varchar(255) default NULL,
  `depart_id` int(11) default NULL,
  `emp_id` int(11) default NULL,
  `eaa_state` int(11) default NULL,
  `eaa_conclusion` varchar(255) default NULL,
  `eaa_date` datetime default NULL,
  PRIMARY KEY  (`et_id`)
) ENGINE=InnoDB DEFAULT CHARSET=utf8;

/*Data for the table `entry` */

insert  into `entry`(`et_id`,`et_theme`,`et_shopdate`,`et_name`,`et_joindate`,`et_post`,`et_birth`,`et_sex`,`et_life`,`et_remarks`,`depart_id`,`emp_id`,`eaa_state`,`eaa_conclusion`,`eaa_date`) values (1,'入职申请-慧慧','2016-04-30','江圣俊','2016-04-22','高级研发工程师','1980-02-15','男','10',NULL,1,6,0,'提交主管审批','2017-08-01 12:14:30'),(2,'入职申请-慧慧','2016-04-30','徐俊','2016-04-14','初级工程师','1985-03-04','男','3',NULL,2,6,0,'提交主管审批','2017-08-02 12:14:33'),(3,'入职申请-阿哥','2016-04-30','崔明敏','2016-04-22','销售工程师','1988-04-12','女','8',NULL,3,7,0,'提交主管审批','2017-08-03 12:14:32'),(4,'入职申请-超级管理员','2016-04-22',' 	test','2016-04-07','资深HR','1987-03-21','男','11',NULL,4,NULL,0,'提交主管审批','2017-08-04 12:14:35'),(5,'入职申请-阿哥','2017-05-08','噶为','2017-05-05','会计师','1980-03-02','女','10','safasf',5,7,0,'提交主管审批','2017-08-05 12:14:37'),(6,'入职申请-阿哥','2017-05-08','热狗','2017-05-05','HR','1980-03-02','女','10','safasf',6,7,0,'提交主管审批','2017-08-06 12:14:38');

/*Table structure for table `furlough` */

DROP TABLE IF EXISTS `furlough`;

CREATE TABLE `furlough` (
  `fg_id` int(11) NOT NULL auto_increment,
  `fg_theme` varchar(50) default NULL,
  `fg_shopdate` date default NULL,
  `fg_applydate` date default NULL,
  `fg_cdate` date default NULL,
  `fg_ddate` date default NULL,
  `fg_hour` varchar(255) default '0',
  `fg_day` varchar(255) default '0',
  `fg_type` varchar(50) default NULL,
  `fg_reason` varchar(255) default NULL,
  `depart_id` int(11) default NULL,
  `emp_id` int(11) default NULL,
  `eaa_state` int(11) default NULL,
  `eaa_conclusion` varchar(255) default NULL,
  `eaa_date` datetime default NULL,
  PRIMARY KEY  (`fg_id`)
) ENGINE=InnoDB DEFAULT CHARSET=utf8;

/*Data for the table `furlough` */

insert  into `furlough`(`fg_id`,`fg_theme`,`fg_shopdate`,`fg_applydate`,`fg_cdate`,`fg_ddate`,`fg_hour`,`fg_day`,`fg_type`,`fg_reason`,`depart_id`,`emp_id`,`eaa_state`,`eaa_conclusion`,`eaa_date`) values (1,'请休假申请-王伟',NULL,'2016-10-02','2016-10-08','2016-10-10','0','3','事假','老家急事',1,5,0,'提交主管审批','2017-08-08 12:16:03'),(2,'请休假申请-慧慧',NULL,'2016-05-04','2016-05-05','2016-05-06','0','1','事假','亲属事故处理',2,6,0,'提交主管审批','2017-08-09 12:16:07'),(3,'请休假申请-阿哥',NULL,'2016-04-12','2016-04-26','2016-04-29','0','4','年假','请调休年假',3,7,0,'提交主管审批','2017-08-10 12:16:10'),(4,'请休假申请-张三风',NULL,'2016-04-12','2016-04-18','2016-04-18','0','1','其他','周六加班，休整一天',4,8,0,'提交主管审批','2017-08-11 12:16:13');

/*Table structure for table `inbox` */

DROP TABLE IF EXISTS `inbox`;

CREATE TABLE `inbox` (
  `receive_id` int(11) NOT NULL auto_increment COMMENT '收件编号',
  `inbox_sender` varchar(255) NOT NULL COMMENT '发件人',
  `inbox_senderName` varchar(255) default NULL,
  `inbox_receiver` varchar(255) NOT NULL COMMENT '收件人',
  `inbox_receiverName` varchar(255) default NULL,
  `inbox_title` varchar(255) NOT NULL COMMENT '主题',
  `inbox_date` datetime NOT NULL COMMENT '收信日期',
  `inbox_content` varchar(255) default NULL COMMENT '内容',
  `email_state` int(255) default NULL COMMENT '状态邮件',
  `stateDel` int(11) default NULL,
  PRIMARY KEY  (`receive_id`)
) ENGINE=InnoDB DEFAULT CHARSET=utf8;

/*Data for the table `inbox` */

insert  into `inbox`(`receive_id`,`inbox_sender`,`inbox_senderName`,`inbox_receiver`,`inbox_receiverName`,`inbox_title`,`inbox_date`,`inbox_content`,`email_state`,`stateDel`) values (15,'Ahz006','慧慧','Ahz007','阿哥','啊啊啊啊啊啊','2017-06-08 14:36:47',' <p>啊啊啊啊啊啊啊啊啊啊啊<br></p>',1,0),(16,'Ahz006','慧慧','Ahz005','王伟17','啊啊啊啊啊啊','2017-06-08 14:36:47',' <p>啊啊啊啊啊啊啊啊啊啊啊<br></p>',1,0),(18,'Ahz006','慧慧','Ahz005','王伟17','啊啊啊啊啊啊啊啊啊啊','2017-06-08 14:42:46',' <p>啊啊啊<br></p> <p>啊啊啊啊啊啊啊啊啊啊<br></p>',0,0),(21,'Ahz007','阿哥','Ahz005','王伟17','啊啊','2017-06-08 15:48:02',' <p>啊啊啊啊啊啊啊啊<br></p>',0,0),(22,'Ahz007','阿哥','Ahz006','慧慧','啊啊啊','2017-06-08 15:43:57',' <p>啊啊啊啊啊啊啊啊啊<br></p>',1,0),(23,'Ahz007','阿哥','Ahz006','慧慧','啊啊啊','2017-06-08 15:43:57',' <p>啊啊啊啊啊啊啊啊啊<br></p>',1,0),(24,'Ahz007','阿哥','Ahz006','慧慧','啊啊啊','2017-06-08 15:43:57',' <p>啊啊啊啊啊啊啊啊啊<br></p>',1,0),(25,'Ahz007','阿哥','Ahz006','慧慧','啊啊啊','2017-06-08 15:43:57',' <p>啊啊啊啊啊啊啊啊啊<br></p>',1,0),(26,'Ahz007','阿哥','Ahz006','慧慧','啊啊啊','2017-06-08 15:43:57',' <p>啊啊啊啊啊啊啊啊啊<br></p>',1,0),(27,'Ahz007','阿哥','Ahz006','慧慧','啊啊啊','2017-06-08 15:43:57',' <p>啊啊啊啊啊啊啊啊啊<br></p>',1,0),(28,'Ahz007','阿哥','Ahz006','慧慧','啊啊啊','2017-06-08 15:43:57',' <p>啊啊啊啊啊啊啊啊啊<br></p>',1,0),(29,'Ahz007','阿哥','Ahz006','慧慧','啊啊啊','2017-06-08 15:43:57',' <p>啊啊啊啊啊啊啊啊啊<br></p>',1,0),(30,'Ahz007','阿哥','Ahz006','慧慧','啊啊啊','2017-06-08 15:43:57',' <p>啊啊啊啊啊啊啊啊啊<br></p>',1,0),(31,'Ahz007','阿哥','Ahz006','慧慧','啊啊啊','2017-06-08 15:43:57',' <p>啊啊啊啊啊啊啊啊啊<br></p>',1,0),(32,'Ahz007','阿哥','Ahz006','慧慧','啊啊啊','2017-06-08 15:43:57',' <p>啊啊啊啊啊啊啊啊啊<br></p>',1,0),(33,'Ahz007','阿哥','Ahz006','慧慧','啊啊啊','2017-06-08 15:43:57',' <p>啊啊啊啊啊啊啊啊啊<br></p>',1,0),(34,'Ahz007','阿哥','Ahz006','慧慧','啊啊啊','2017-06-08 15:43:57',' <p>啊啊啊啊啊啊啊啊啊<br></p>',1,0),(35,'Ahz007','阿哥','Ahz006','慧慧','啊啊啊','2017-06-08 15:43:57',' <p>啊啊啊啊啊啊啊啊啊<br></p>',1,0),(36,'Ahz007','阿哥','Ahz006','慧慧','啊啊啊','2017-06-08 15:43:57',' <p>啊啊啊啊啊啊啊啊啊<br></p>',1,0),(37,'Ahz007','阿哥','Ahz006','慧慧','aaaa','2017-07-27 14:56:04',' <p>aaaaaaaaaaaaaaaaaaaaaaaaaaaaaaaaaaaaa</p>',1,1),(38,'admin','管理员','Ahz007','阿哥','aaaaaa','2017-08-01 17:40:55',' <p>aaaaaaaaaaaaaaaaaaaaaaaa<br></p>',1,0),(39,'admin','管理员','Ahz006','慧慧','aaaaa1','2017-08-02 08:44:10',' <p>aaaaaaaaaaaa<br></p>',0,0),(40,'admin','管理员','Ahz022','成威','bbbbbbbbbbbbb','2017-08-02 09:23:25',' <p>bbbbbbbbbbbbbbbbbbbbbbbbbbbb</p>',0,0),(41,'admin','管理员','Ahz007','阿哥','aaaaaaaa','2017-08-02 09:39:56',' <p>aaaaaaaaaaaaaaaaaaaaaaaaaaaaaaaaaaaa</p>',1,0),(42,'Ahz007','阿哥','admin','管理员','aaaaaaaaaaaaa','2017-08-02 09:40:28',' <p>aaaaaaaaaaaaaaaaaaaaaaa</p>',1,0),(43,'admin','管理员','Ahz016','陈','啊啊','2017-08-08 09:53:58',' <p>啊<br></p>',1,0),(44,'admin','管理员','Ahz007','阿哥','啊啊','2017-08-08 09:54:35',' <p>啊啊啊<br></p>',1,0),(45,'admin','管理员','Ahz007','阿哥','aaaaaaaaaaaaa','2017-08-08 11:55:56',' <p>aaaaaaaaaaaaaa</p>',1,0),(46,'admin','管理员','Ahz016','陈','aaa1','2017-08-08 12:10:04',' <p>aaaaaaaaaaaaa</p>',0,0),(47,'admin','管理员','Ahz005','王伟17','aaa1','2017-08-08 12:10:04',' <p>aaaaaaaaaaaaa</p>',0,0),(48,'admin','管理员','Ahz005','王伟17','aaa1','2017-08-08 12:11:23',' <p>aaaaaaaaaaaaa</p>',1,0),(49,'admin','管理员','Ahz005','王伟17','aa','2017-08-08 12:12:44',' <p>aaaaaaaaaaaaa</p>',1,0),(50,'admin','管理员','Ahz005','王伟17','aaa','2017-08-08 12:13:17',' <p>aaaaaaaaaaaaa</p>',1,0),(51,'admin','管理员','Ahz005','王伟17','aaa','2017-08-08 12:14:20',' <p>aaaa</p>',1,0),(52,'admin','管理员','Ahz005','王伟17','aaaa','2017-08-08 12:15:12',' <p>aaaaaaaaaaaaaaaaa</p>',1,0),(53,'admin','管理员','Ahz005','王伟17','eeeeeeee','2017-08-08 12:16:38',' <p>eeeeeeeeeeeeeeeeee</p>',1,0),(54,'admin','管理员','Ahz005','王伟17','aaaaaaaaaaaaa','2017-08-08 12:17:36',' <p>aaaaaaaaaaaaaaa</p>',1,0),(55,'admin','管理员','Ahz016','陈','啦啦啦啦绿绿绿','2017-08-08 13:07:12',' <p>啊啊啊啊啊啊啊</p> <p>啊啊啊啊啊啊啊啊啊</p> <p>是<br></p>',0,0),(56,'Ahz007','阿哥','Ahz016','陈','aa','2017-08-19 09:03:12',' <p>aaa</p>',1,0);

/*Table structure for table `notice` */

DROP TABLE IF EXISTS `notice`;

CREATE TABLE `notice` (
  `notice_id` int(11) NOT NULL auto_increment COMMENT '主键',
  `notice_state` varchar(255) NOT NULL COMMENT '发布状态',
  `notice_person` varchar(255) NOT NULL COMMENT '负责人',
  `notice_partake` varchar(255) default NULL COMMENT ' 负责人工号',
  `notice_type` int(11) NOT NULL COMMENT '优先级   0低 1中 2高',
  `notice_classify` int(11) NOT NULL COMMENT '类别（0空白，1新闻资讯，2通知公告 3规章制度，4行业动态）',
  `notice_keyword` varchar(255) NOT NULL COMMENT '关键字',
  `notice_title` varchar(255) NOT NULL COMMENT '主题',
  `notice_content` text COMMENT '内容',
  `notic_date` datetime NOT NULL,
  `notic_day` datetime default NULL,
  `stateDel` int(11) NOT NULL,
  PRIMARY KEY  (`notice_id`),
  KEY `nc_classify` (`notice_classify`)
) ENGINE=InnoDB DEFAULT CHARSET=utf8;

/*Data for the table `notice` */

insert  into `notice`(`notice_id`,`notice_state`,`notice_person`,`notice_partake`,`notice_type`,`notice_classify`,`notice_keyword`,`notice_title`,`notice_content`,`notic_date`,`notic_day`,`stateDel`) values (132,'发布中','阿哥','Ahz007',0,1,'vvv','vvv','啊啊','2017-08-15 17:06:00','2017-08-15 17:07:27',0),(133,'发布中','阿哥','Ahz007',0,1,'啊','啊','\r\n                          	\r\n                          	\r\n                          	\r\n                        <p>啊啊<br></p>\r\n                        <p>啊<br></p>\r\n                        啊啊','2017-08-15 17:11:00','2017-08-15 17:28:41',0),(134,'发布中','阿哥','Ahz007',0,1,'aa','11','啊啊','2017-08-15 17:16:00','2017-08-15 17:17:08',0),(135,'发布中','阿哥','Ahz007',0,1,'aaa','aa','','2017-08-15 17:18:00','2017-08-15 17:18:48',0),(136,'发布中','阿哥','Ahz007',0,1,'aaa','aaa','\r\n                          	\r\n                          	\r\n                        <p>aaaaaa1<br></p>\r\n                        <p><br></p>','2017-08-15 17:20:00','2017-08-15 17:21:18',0),(137,'发布中','阿哥','Ahz007',0,1,'试试','试试','\r\n                          	\r\n                          	\r\n                          	\r\n                        <p>1是是是啊<br></p>\r\n                        <p>啊<br></p>\r\n                        ','2017-08-16 08:43:00','2017-08-16 08:47:11',0),(138,'发布中','阿哥','Ahz007',0,1,'aa1','aaa','\r\n                          	\r\n                        <p>aa<br></p>','2017-08-16 11:35:00','2017-08-16 12:03:50',0),(139,'发布中','管理员','admin',0,1,'c','bbbbbbbbbb','\r\n                          	\r\n                        <p>bbbbbbbbbbbbbbbb<br></p>','2017-08-16 12:47:00','2017-08-16 17:34:39',0),(140,'发布中','管理员','admin',0,1,'啊','啊','\r\n                          	\r\n                        <p>啊<br></p>','2017-08-17 10:07:00','2017-08-17 14:31:18',0),(141,'发布中','管理员','admin',0,1,'SSS','SSS','\r\n                          	\r\n                        <p>SSS<br></p>','2017-08-17 15:41:00','2017-08-17 15:42:47',0),(142,'发布中','阿哥','Ahz007',0,1,'aa','aaa','\r\n                          	\r\n                          	\r\n                        <p>aaa</p>\r\n                        <p>aaaa</p>','2017-08-19 09:04:00','2017-08-19 09:06:25',0);

/*Table structure for table `off` */

DROP TABLE IF EXISTS `off`;

CREATE TABLE `off` (
  `of_id` int(11) NOT NULL auto_increment,
  `of_theme` varchar(255) default NULL,
  `of_shopdate` date default NULL,
  `of_applydate` date default NULL,
  `of_cdate` date default NULL,
  `of_ddate` date default NULL,
  `of_hour` varchar(50) default '0',
  `of_day` varchar(50) default '0',
  `of_reason` varchar(255) default NULL,
  `of_agent` varchar(255) default NULL,
  `depart_id` int(11) default NULL,
  `emp_id` int(11) default NULL,
  `eaa_state` int(11) default NULL,
  `eaa_conclusion` varchar(255) default NULL,
  `eaa_date` datetime default NULL,
  PRIMARY KEY  (`of_id`)
) ENGINE=InnoDB DEFAULT CHARSET=utf8;

/*Data for the table `off` */

insert  into `off`(`of_id`,`of_theme`,`of_shopdate`,`of_applydate`,`of_cdate`,`of_ddate`,`of_hour`,`of_day`,`of_reason`,`of_agent`,`depart_id`,`emp_id`,`eaa_state`,`eaa_conclusion`,`eaa_date`) values (1,'调休申请-王伟17',NULL,'2016-04-12','2015-05-04','2016-05-05','0','3','家里人结婚','沈华',1,5,0,'提交主管审批','2017-08-08 12:16:37'),(2,'调休申请-慧慧',NULL,'2016-04-12','2016-04-18','2016-04-21','0','3','父母过来找我','沈涛辉',2,6,0,'提交主管审批','2017-08-09 12:16:41'),(3,'调休申请-阿哥',NULL,'2016-04-12','2016-04-18','2016-04-21','0','3','回老家一趟','陈莹',3,7,0,'提交主管审批','2017-08-10 12:16:44');

/*Table structure for table `outbox` */

DROP TABLE IF EXISTS `outbox`;

CREATE TABLE `outbox` (
  `send_id` int(11) NOT NULL auto_increment COMMENT '发件编号',
  `outbox_sender` varchar(255) NOT NULL COMMENT '发信人编号',
  `outbox_receiver` varchar(255) default NULL,
  `outbox_receiverName` varchar(255) NOT NULL COMMENT '收信人',
  `outbox_title` varchar(255) NOT NULL COMMENT '主题',
  `outbox_content` varchar(255) default NULL COMMENT '内容',
  `outbox_date` datetime default NULL,
  `send_state` int(255) default NULL COMMENT '发送还是保持草稿 0保存 1发送',
  `stateDel` int(11) NOT NULL,
  PRIMARY KEY  (`send_id`)
) ENGINE=InnoDB DEFAULT CHARSET=utf8;

/*Data for the table `outbox` */

insert  into `outbox`(`send_id`,`outbox_sender`,`outbox_receiver`,`outbox_receiverName`,`outbox_title`,`outbox_content`,`outbox_date`,`send_state`,`stateDel`) values (20,'Ahz006','Ahz007,Ahz005,','阿哥,王伟17,','啊啊啊啊啊啊啊啊啊啊',' <p>啊啊啊<br></p> <p>啊啊啊啊啊啊啊啊啊啊<br></p>','2017-12-01 00:00:00',1,0),(21,'Ahz006','Ahz007,Ahz005,','阿哥,王伟17,','啊啊啊啊啊啊',' <p>啊啊啊啊啊啊啊啊啊啊啊<br></p>','2018-11-11 00:00:00',1,1),(22,'Ahz006','Ahz007,','阿哥,','啊啊',' <p><u><font color=\"#ff0000\">aaaaaaaaaaaaaaaaaaaaaaaaaaaaaaaa</font></u></p> <p><br></p>','2017-07-27 14:45:48',0,0),(23,'Ahz007','Ahz006,','慧慧,','擦擦擦',' <p>啊啊啊啊啊啊<br></p>','2017-06-08 15:43:18',1,0),(24,'Ahz007','Ahz006,','慧慧,','啊啊啊',' <p>啊啊啊啊啊啊啊啊啊<br></p>','2017-06-08 15:43:57',1,0),(25,'Ahz006','Ahz007','阿哥','密密麻麻木木木木木木木木木木木木',' <p>密密麻麻木木木木木木木木木木<br></p>','2017-06-09 09:52:20',1,1),(26,'Ahz007','Ahz006,','慧慧,','aaaa',' <p>aaaaaaaaaaaaaaaaaaaaaaaaaaaaaaaaaaaaa</p>','2017-07-27 14:56:04',1,0),(27,'Ahz005','Ahz006,','慧慧,','bbbbbbbb',' <p>aaaaaaaaaaaaaaaaaaaaaaaaaaaaa<br></p>','2017-08-01 17:13:28',0,0),(28,'admin','Ahz006,','慧慧,','aaaaa1',' <p>aaaaaaaaaaaa<br></p>','2017-08-02 08:44:10',1,1),(29,'admin','Ahz007,','阿哥,','aaaaaa',' <p>aaaaaaaaaaaaaaaaaaaaaaaa<br></p>','2017-08-01 17:40:55',1,0),(30,'admin','Ahz022,','成威,','bbbbbbbbbbbbb',' <p>bbbbbbbbbbbbbbbbbbbbbbbbbbbb</p>','2017-08-02 09:23:25',1,0),(31,'admin','Ahz007,','阿哥,','aaaaaaaa',' <p>aaaaaaaaaaaaaaaaaaaaaaaaaaaaaaaaaaaa</p>','2017-08-02 09:39:56',1,0),(32,'Ahz007','admin','管理员','aaaaaaaaaaaaa',' <p>aaaaaaaaaaaaaaaaaaaaaaa</p>','2017-08-02 09:40:28',1,0),(34,'admin','Ahz016,','陈,','啦啦啦啦绿绿绿',' <p>啊啊啊啊啊啊啊</p> <p>啊啊啊啊啊啊啊啊啊</p> <p>是<br></p>','2017-08-08 13:07:12',1,0),(35,'admin','Ahz016,','陈,','啊啊',' <p>啊<br></p>','2017-08-08 09:53:58',1,0),(36,'admin','Ahz007,','阿哥,','啊啊',' <p>啊啊啊<br></p>','2017-08-08 09:54:35',1,0),(37,'admin','Ahz007,','阿哥,','aaaaaaaaaaaaa',' <p>aaaaaaaaaaaaaa</p>','2017-08-08 11:55:56',1,0),(38,'admin','Ahz016,Ahz005,','陈,王伟17,','aaa1',' <p>aaaaaaaaaaaaa</p>','2017-08-08 12:10:04',1,0),(39,'admin','Ahz005,','王伟17,','aaa1',' <p>aaaaaaaaaaaaa</p>','2017-08-08 12:11:23',1,0),(40,'admin','Ahz005,','王伟17,','aa',' <p>aaaaaaaaaaaaa</p>','2017-08-08 12:12:44',1,0),(41,'admin','Ahz005,','王伟17,','aaa',' <p>aaaaaaaaaaaaa</p>','2017-08-08 12:13:17',1,0),(42,'admin','Ahz005,','王伟17,','aaa',' <p>aaaa</p>','2017-08-08 12:14:20',1,0),(43,'admin','Ahz005,','王伟17,','aaaa',' <p>aaaaaaaaaaaaaaaaa</p>','2017-08-08 12:15:12',1,0),(44,'admin','Ahz005,','王伟17,','eeeeeeee',' <p>eeeeeeeeeeeeeeeeee</p>','2017-08-08 12:16:38',1,0),(45,'admin','Ahz005,','王伟17,','aaaaaaaaaaaaa',' <p>aaaaaaaaaaaaaaa</p>','2017-08-08 12:17:36',1,0),(46,'admin','Ahz016,','陈,','啊啊','','2017-08-08 15:42:39',0,0),(47,'admin','Ahz007,','阿哥,','1',' <p>啊啊<br></p>','2017-08-08 15:45:26',0,0),(48,'admin','Ahz016,','陈,','啊啊','','2017-08-08 15:45:36',0,0),(49,'Ahz007','Ahz016,','陈,','aa',' <p>aaa</p>','2017-08-19 09:03:12',1,0),(50,'Ahz007','Ahz016,','陈,','ww',' <p>aaa</p>','2017-08-19 09:04:00',0,0);

/*Table structure for table `overtime` */

DROP TABLE IF EXISTS `overtime`;

CREATE TABLE `overtime` (
  `oi_id` int(11) NOT NULL auto_increment,
  `oi_theme` varchar(50) default NULL,
  `oi_shopdate` date default NULL,
  `oi_applydate` date default NULL,
  `oi_cdate` datetime default NULL,
  `oi_ddate` datetime default NULL,
  `oi_hour` varchar(50) default '0',
  `oi_day` varchar(50) default '0',
  `oi_reason` varchar(255) default NULL,
  `depart_id` int(11) default NULL,
  `emp_id` int(11) default NULL,
  `eaa_state` int(11) default NULL,
  `eaa_conclusion` varchar(255) default NULL,
  `eaa_date` datetime default NULL,
  PRIMARY KEY  (`oi_id`)
) ENGINE=InnoDB DEFAULT CHARSET=utf8;

/*Data for the table `overtime` */

insert  into `overtime`(`oi_id`,`oi_theme`,`oi_shopdate`,`oi_applydate`,`oi_cdate`,`oi_ddate`,`oi_hour`,`oi_day`,`oi_reason`,`depart_id`,`emp_id`,`eaa_state`,`eaa_conclusion`,`eaa_date`) values (1,'加班申请-王伟17',NULL,'2016-04-12','2016-04-16 08:00:00','2016-04-16 18:00:00','0','1','生产线升级，需要技术支持',1,5,0,'提交主管审批','2017-08-10 12:17:25'),(2,'加班申请-慧慧',NULL,'2016-04-12','2016-04-16 08:00:00','2016-04-16 18:00:00','0','1','生产线升级，进行技术指导',2,6,0,'提交主管审批','2017-08-09 12:17:22'),(3,'加班申请-阿哥',NULL,'2016-04-12','2016-04-18 03:00:00','2016-04-18 09:00:00','6','0','统计上月财务数据报表',3,7,0,'提交主管审批','2017-08-11 12:17:28'),(4,'加班申请-张三风',NULL,'2016-04-12','2016-04-19 06:00:00','2016-04-20 06:00:00','0','1','统计上月财务数据报表',1,8,0,'提交主管审批','2017-08-08 12:17:20');

/*Table structure for table `prospectus` */

DROP TABLE IF EXISTS `prospectus`;

CREATE TABLE `prospectus` (
  `prospectus_id` int(11) NOT NULL auto_increment,
  `pros_state` varchar(255) NOT NULL,
  `prospectus_name` varchar(255) NOT NULL,
  `prospectus_create_name` varchar(255) NOT NULL,
  `depart_id` int(11) NOT NULL,
  `prospectus_create_time` date NOT NULL,
  `prospectus_terminal_time` date NOT NULL,
  `prospectus_review_name` varchar(255) default NULL,
  `prospectus_executor_name` varchar(255) default NULL,
  `prospectus_executor_time` date default NULL,
  `prospectus_classify` varchar(255) NOT NULL,
  `prospectus_content_id` int(11) default NULL,
  `prospectus_content` varchar(500) default NULL,
  PRIMARY KEY  (`prospectus_id`)
) ENGINE=InnoDB DEFAULT CHARSET=utf8;

/*Data for the table `prospectus` */

insert  into `prospectus`(`prospectus_id`,`pros_state`,`prospectus_name`,`prospectus_create_name`,`depart_id`,`prospectus_create_time`,`prospectus_terminal_time`,`prospectus_review_name`,`prospectus_executor_name`,`prospectus_executor_time`,`prospectus_classify`,`prospectus_content_id`,`prospectus_content`) values (1,'已关闭','2017年进行开发的计划','管理员',7,'2017-03-05','2017-05-05','张三','李四','2017-06-06','年度计划',1,'计划内容1'),(2,'发布执行','2017年进行开发的计划','管理员',7,'2017-03-05','2017-05-05','张三','李四','2017-06-06','季度计划',1,'计划内容1'),(3,'已关闭','2017年进行开发的计划','管理员',7,'2017-03-05','2017-05-05','张三','李四','2017-06-06','月度计划',1,'计划内容1'),(4,'评审中','2017年进行开发的计划','管理员',7,'2017-03-05','2017-05-05','张三','李四','2017-06-06','周计划',1,'计划内容1'),(5,'发布执行','2017年进行开发的计划','管理员',7,'2017-03-05','2017-05-05','张三','李四','2017-06-06','项目计划',1,'计划内容1'),(6,'已关闭','2017年进行开发的计划','管理员',7,'2017-03-05','2017-05-05','张三','李四','2017-06-06','其他计划',1,'计划内容1'),(7,'评审中','2017年进行开发的计划','管理员',7,'2017-03-05','2017-05-05','张三','李四','2017-06-06','年度计划',1,'计划内容1'),(8,'发布执行','2017年进行开发的计划','管理员',7,'2017-03-05','2017-05-05','张三','李四','2017-06-06','季度计划',1,'计划内容1'),(9,'已关闭','2017年进行开发的计划','管理员',7,'2017-03-05','2017-05-05','张三','李四','2017-06-06','月度计划',1,'计划内容1'),(10,'已关闭','2017年进行开发的计划','管理员',7,'2017-03-05','2017-05-05','张三','李四','2017-06-06','周计划',1,'计划内容1'),(11,'已关闭','2017年进行开发的计划','管理员',7,'2017-03-05','2017-05-05','张三','李四','2017-06-06','周计划',1,'计划内容1'),(12,'已关闭','2017年进行开发的计划','管理员',7,'2017-03-05','2017-05-05','张三','李四','2017-06-06','周计划',1,'计划内容1'),(13,'评审中','2017年进行开发的计划','李萌1',7,'2017-03-05','2017-05-05','张三','李四','2017-06-06','周计划',1,'计划内容1'),(14,'评审中','2017年进行开发的计划','李萌1',7,'2017-03-05','2017-05-05','张三','李四','2017-06-06','周计划',1,'计划内容1'),(15,'评审中','测试计划','阿哥',7,'2017-08-17','2017-08-19','','',NULL,'其他计划',NULL,'测试'),(16,'评审中','第三季度计划','阿哥',7,'2017-08-17','2017-08-20','张三','',NULL,'季度计划',NULL,'这是第三季度的工作计划'),(17,'评审中','三三','阿哥',7,'2017-08-19','2017-08-20','三三','地点',NULL,'年度计划',NULL,'涣发大号的');

/*Table structure for table `quit` */

DROP TABLE IF EXISTS `quit`;

CREATE TABLE `quit` (
  `q_id` int(11) NOT NULL auto_increment,
  `q_theme` varchar(255) default NULL,
  `q_shopdate` date default NULL,
  `q_applydate` date default NULL,
  `q_post` varchar(255) default NULL,
  `q_joindate` date default NULL,
  `q_quit` date default NULL,
  `q_type` varchar(255) default NULL,
  `q_reason` varchar(255) default NULL,
  `q_transfer` varchar(255) default NULL,
  `q_opinion` varchar(255) default NULL,
  `depart_id` int(11) default NULL,
  `emp_id` int(11) default NULL,
  `eaa_state` int(11) default NULL,
  `eaa_conclusion` varchar(255) default NULL,
  `eaa_date` datetime default NULL,
  PRIMARY KEY  (`q_id`)
) ENGINE=InnoDB DEFAULT CHARSET=utf8;

/*Data for the table `quit` */

insert  into `quit`(`q_id`,`q_theme`,`q_shopdate`,`q_applydate`,`q_post`,`q_joindate`,`q_quit`,`q_type`,`q_reason`,`q_transfer`,`q_opinion`,`depart_id`,`emp_id`,`eaa_state`,`eaa_conclusion`,`eaa_date`) values (1,'离职申请-王伟17',NULL,'2016-06-07','工程师','2007-10-19','2016-04-30','合同未到期，个人要求解除劳动关系','工资不满足，有其他机会','工作交接给新员工','同意',1,5,0,'提交主管审批','2017-08-08 12:17:58'),(2,'离职申请-慧慧',NULL,'2016-04-07','销售工程师','2015-07-17','2016-04-30','合同未到期，个人要求解除劳动关系','工资不满足，有其他机会','工作交接给新员工',' 	同意',2,6,0,'提交主管审批','2017-08-09 12:18:00'),(3,'离职申请-阿哥',NULL,'2016-05-04','工程师','2014-05-12','2017-03-03','合同未到期，个人要求解除劳动关系','工资不满足，有其他机会','工作交接给新员工','同意',1,7,0,'提交主管审批','2017-08-10 12:18:02');

/*Table structure for table `recruit` */

DROP TABLE IF EXISTS `recruit`;

CREATE TABLE `recruit` (
  `re_id` int(11) NOT NULL auto_increment,
  `re_theme` varchar(50) default NULL,
  `re_shopdate` date default NULL,
  `re_post` varchar(50) default NULL,
  `re_applydate` date default NULL,
  `re_number` int(11) default NULL,
  `re_positiondate` date default NULL,
  `re_reason` varchar(255) default NULL,
  `re_duty` varchar(255) default NULL,
  `re_age` varchar(255) default NULL,
  `re_sex` varchar(255) default NULL,
  `re_experience` varchar(255) default NULL,
  `re_lb` varchar(255) default NULL,
  `re_req` varchar(255) default NULL,
  `depart_id` int(11) default NULL,
  `emp_id` int(11) default NULL,
  `eaa_state` int(11) default NULL,
  `eaa_conclusion` varchar(255) default NULL,
  `eaa_date` datetime default NULL,
  PRIMARY KEY  (`re_id`)
) ENGINE=InnoDB DEFAULT CHARSET=utf8;

/*Data for the table `recruit` */

insert  into `recruit`(`re_id`,`re_theme`,`re_shopdate`,`re_post`,`re_applydate`,`re_number`,`re_positiondate`,`re_reason`,`re_duty`,`re_age`,`re_sex`,`re_experience`,`re_lb`,`re_req`,`depart_id`,`emp_id`,`eaa_state`,`eaa_conclusion`,`eaa_date`) values (1,'招聘申请-阿哥',NULL,'初级工程师','2016-04-07',5,'2016-04-30','新产品即将投入生产，当前生产力不足以满足新产品大规模生产的需求','负责新产品的流水线工作；',' 	28左右','不限',' 	1、一年以上相关工作经验；\r\n2、态度诚恳，能够接受加班；','机械制造业',NULL,1,7,1,'通过','2017-08-04 13:34:14'),(2,'招聘申请-阿哥',NULL,' 	高级技术员','2016-04-07',1,'2016-04-30','新产品立项，需要高端研发人员参与；',' 	负责研发新产品；带领项目组进行技术攻坚；',' 	30左右','男',' 	1、五年以上相关产品研发经验；\r\n2、一年以上带团队经验；\r\n3、为人诚恳，愿意与公司共成长；',' 	机械制造',NULL,2,7,1,'通过','2017-08-04 13:34:17'),(3,'招聘申请-阿哥',NULL,' 	销售工程师','2016-04-07',3,'2016-04-22',' 	新产品即将推向市场，分公司现有销售团队，不能满足当前需求，希望增加人手，加大推广营销力度；','开拓销售渠道；推广新产品；完成年度销售任务；',' 	27左右','不限',' 	1、一年以上销售工作经验；\r\n2、沟通顺畅，工作热情；',' 	制造业',NULL,3,7,1,'通过','2017-08-04 13:34:20'),(4,'招聘申请-阿哥',NULL,'销售助理','2016-04-07',2,'2016-04-13',' 	今年销售部门任务较重，人力不够；\r\n销售部有一同事计划准备离职，需要人员交接工作；',' 	1、辅助销售工程师完成销售任务，比如散传单、周末推广营销；\r\n2、接手离职员工工作；',' 	25左右','女',' 	1、一年以上销售助理方面工作经验；\r\n2、沟通顺畅，工作有热情；',' 	最好有制造业产品销售的背景',NULL,1,7,1,'','2017-08-19 09:28:43'),(5,'招聘申请-阿哥',NULL,'会计师','2017-01-02',3,'2017-05-03','紧缺','财务','25左右','女','3年以上会计师经验','南京金融',NULL,4,7,0,'提交主管审批','2017-08-04 13:35:07'),(6,'招聘申请-阿哥',NULL,'采购师','2017-04-14',4,'2017-04-22','紧缺','采购物品','30左右','男','1年以上','科技公司','',2,7,0,'提交主管审批','2017-08-04 13:35:10'),(10,'招聘申请-阿哥',NULL,'营销师','2017-05-03',5,'2017-06-01','紧缺','卖','25左右','不限','2年以上','XX公司','',6,7,1,'','2017-08-16 16:37:48'),(11,'招聘申请-阿哥',NULL,'HR','2017-04-21',5,'2017-05-02','紧缺','员工','25左右','女','3年','科技公司','',7,7,0,'提交主管审批','2017-08-04 13:35:36'),(12,'招聘申请-阿哥',NULL,'会计师','2017-04-20',5,'2017-05-08','紧缺','员工','25左右','女','3年','科技公司','',5,7,1,'','2017-08-19 09:28:35'),(13,'招聘申请-可可',NULL,'sadfas','2017-08-02',3,'2017-08-09','sdfsd','sdfds','f','男','sdfsd','dgsd','dfsd',3,15,0,'提交主管审批','2017-08-19 10:28:29');

/*Table structure for table `reply` */

DROP TABLE IF EXISTS `reply`;

CREATE TABLE `reply` (
  `r_Id` int(11) NOT NULL auto_increment COMMENT '回帖编号',
  `r_UId` varchar(50) NOT NULL COMMENT '回帖用户编号',
  `r_TId` int(11) NOT NULL COMMENT '发帖编号',
  `r_Content` varchar(255) NOT NULL COMMENT '回帖内容',
  `r_Time` datetime NOT NULL COMMENT '发帖时间',
  PRIMARY KEY  (`r_Id`),
  KEY `reply_ibfk_1` (`r_TId`),
  CONSTRAINT `reply_ibfk_1` FOREIGN KEY (`r_TId`) REFERENCES `topic` (`t_Id`)
) ENGINE=InnoDB DEFAULT CHARSET=utf8;

/*Data for the table `reply` */

insert  into `reply`(`r_Id`,`r_UId`,`r_TId`,`r_Content`,`r_Time`) values (23,'Ahz010',2,' <p>踩踩踩<br></p>','2017-05-22 17:17:41'),(24,'Ahz010',2,' <p>踩踩踩<br></p>','2017-05-22 17:17:41'),(25,'Ahz005',2,' <p>踩踩踩<br></p>','2017-05-22 17:17:41'),(26,'Ahz007',2,' <p>踩踩踩<br></p>','2017-05-22 17:17:41'),(27,'Ahz007',2,' <p>踩踩踩<br></p>','2017-05-22 17:17:41'),(28,'Ahz007',2,' <p>踩踩踩<br></p>','2017-05-22 17:17:41'),(29,'Ahz007',2,' <p>踩踩踩<br></p>','2017-05-22 17:17:41'),(30,'Ahz007',2,'aaa','2017-06-13 20:37:55'),(31,'Ahz007',2,' <p>踩踩踩<br></p>','2017-05-22 17:17:41'),(32,'Ahz007',2,' <p>踩踩踩<br></p>','2017-05-22 17:17:41'),(33,'Ahz007',2,' <p>踩踩踩<br></p>','2017-05-22 17:17:41'),(34,'Ahz007',2,' <p>踩踩踩<br></p>','2017-05-22 17:17:41'),(35,'Ahz007',2,' <p>踩踩踩<br></p>','2017-05-22 17:17:41'),(36,'Ahz005',17,' <p>少时诵诗书所所所所所所所所所所</p>','2017-07-28 12:03:21'),(37,'Ahz005',2,' <p>的撒啊啊啊啊啊啊啊啊</p>','2017-07-28 12:09:11'),(38,'Ahz005',2,' <p>咯咯咯咯咯刚刚嘎嘎嘎嘎1</p>','2017-07-28 12:09:27'),(39,'Ahz010',2,' <p>咯咯咯咯咯刚刚嘎嘎嘎嘎1</p>','2017-07-28 12:09:44'),(40,'Ahz007',17,' <p>少时诵诗书所撒奥奥奥奥奥奥奥奥奥奥奥</p>','2017-07-28 12:10:22'),(41,'Ahz007',19,' <p>啊啊啊啊啊啊啊啊啊啊啊啊啊啊</p>','2017-07-28 12:38:18'),(42,'Ahz007',19,' <p>啊啊啊啊啊啊啊啊啊啊啊啊啊[草泥马]</p><p><br></p>','2017-07-28 12:40:44'),(49,'Ahz010',28,' <p>a1</p>','2017-08-04 10:57:29'),(50,'Ahz010',28,' <p>a1</p>','2017-08-04 10:57:32'),(51,'Ahz010',28,' <p>aq</p>','2017-08-04 10:58:32'),(52,'Ahz010',20,' <p>aaa1</p>','2017-08-04 10:58:39'),(53,'Ahz010',20,' <p>aaa</p>','2017-08-04 10:58:48'),(54,'Ahz010',11,' <p>aaa</p>','2017-08-04 11:00:02'),(55,'Ahz010',11,' <p>aaaa</p>','2017-08-04 11:00:07'),(56,'Ahz010',16,' <p>阿萨斯</p>','2017-08-04 13:53:29'),(57,'Ahz010',28,' <p>啊啊啊啊啊啊</p>','2017-08-04 13:53:56'),(59,'Ahz010',15,' <p>aaaaaaaaaaa</p>','2017-08-04 14:17:40'),(60,'Ahz010',15,' <p>gggggggggggggggggg</p>','2017-08-04 14:19:37'),(61,'Ahz010',28,' <p>aaaaaaaaa1</p>','2017-08-04 14:25:42'),(62,'Ahz010',28,' <p>aaaaa</p>','2017-08-04 14:30:45'),(63,'Ahz010',28,' <p>aaaaaaaaa</p>','2017-08-04 14:51:16'),(64,'Ahz010',28,' <p>asassas</p>','2017-08-04 15:12:13'),(65,'admin',20,' <p>www<br></p>','2017-08-19 09:07:16'),(66,'Ahz007',32,' <p>撒奥所多<br></p>','2017-08-19 09:08:54');

/*Table structure for table `report` */

DROP TABLE IF EXISTS `report`;

CREATE TABLE `report` (
  `report_id` int(11) NOT NULL auto_increment,
  `repo_state` varchar(255) default NULL,
  `report_name` varchar(100) NOT NULL,
  `report_classify` varchar(255) default NULL,
  `report_content_id` int(11) default NULL,
  `report_content` varchar(500) default NULL,
  `report_create_name` varchar(100) NOT NULL,
  `report_partake` varchar(255) default NULL,
  `depart_id` int(11) NOT NULL,
  `report_review_name` varchar(100) NOT NULL,
  `report_create_time` date NOT NULL,
  PRIMARY KEY  (`report_id`)
) ENGINE=InnoDB DEFAULT CHARSET=utf8;

/*Data for the table `report` */

insert  into `report`(`report_id`,`repo_state`,`report_name`,`report_classify`,`report_content_id`,`report_content`,`report_create_name`,`report_partake`,`depart_id`,`report_review_name`,`report_create_time`) values (1,'评审中','2017年的工作报告','年度报告',1,'报告内容','管理员','张三，李四',7,'王刚','2017-05-05'),(2,'已关闭','2017年的工作报告','季度报告',1,'报告内容','管理员','王五，赵六',7,'王刚','2017-05-05'),(3,'评审中','2017年的工作报告','月度报告',1,'报告内容','管理员',NULL,7,'王刚','2017-05-05'),(4,'已关闭','2017年的工作报告','周报告',1,'报告内容','管理员',NULL,7,'王刚','2017-05-05'),(5,'评审中','2017年的工作报告','项目报告',1,'报告内容','管理员',NULL,7,'王刚','2017-05-05'),(6,'已关闭','2017年的工作报告','其他报告',1,'报告内容','管理员',NULL,7,'王刚','2017-05-05'),(7,'已关闭','2017年的工作报告','季度报告',1,'报告内容','管理员','王五，赵六',7,'王刚','2017-05-05'),(8,'已关闭','2017年的工作报告','季度报告',1,'报告内容','管理员','王五，赵六',7,'王刚','2017-05-05'),(9,'已关闭','2017年的工作报告','季度报告',1,'报告内容','管理员','王五，赵六',7,'王刚','2017-05-05'),(10,'已关闭','2017年的工作报告','季度报告',1,'报告内容','管理员','王五，赵六',7,'王刚','2017-05-05'),(11,'评审中','2017年的工作报告','项目报告',1,'报告内容','管理员','',7,'王刚','2017-05-05'),(12,'评审中','2017年的工作报告','年度报告',1,'报告内容','李萌','张三，李四',7,'王刚','2017-05-05'),(13,'已关闭','2017年的工作报告','季度报告',1,'报告内容','李萌','王五，赵六',7,'王刚','2017-05-05'),(14,'评审中','2017年的工作报告','月度报告',1,'报告内容','李萌',NULL,7,'王刚','2017-05-05'),(15,'已关闭','2017年的工作报告','周报告',1,'报告内容','李萌',NULL,7,'王刚','2017-05-05'),(16,'评审中','2017年的工作报告','项目报告',1,'报告内容','李萌',NULL,7,'王刚','2017-05-05'),(17,'已关闭','2017年的工作报告','其他报告',1,'报告内容','李萌',NULL,7,'王刚','2017-05-05'),(18,'已关闭','2017年的工作报告','季度报告',1,'报告内容','李萌','王五，赵六',7,'王刚','2017-05-05'),(19,'已关闭','2017年的工作报告','季度报告',1,'报告内容','李萌','王五，赵六',7,'王刚','2017-05-05'),(20,'已关闭','2017年的工作报告','季度报告',1,'报告内容','李萌','王五，赵六',7,'王刚','2017-05-05'),(21,'已关闭','2017年的工作报告','季度报告',1,'报告内容','李萌','王五，赵六',7,'王刚','2017-05-05'),(22,'评审中','2017年的工作报告','项目报告',1,'报告内容','李萌','',7,'王刚','2017-05-05'),(24,'评审中','测试1','其他报告',NULL,' 出色','阿哥',NULL,7,'测试1','2017-08-17'),(25,'评审中','2017年工作报告','年度报告',NULL,'对2017年进行总结','阿哥',NULL,7,'张三','2017-08-18');

/*Table structure for table `resource` */

DROP TABLE IF EXISTS `resource`;

CREATE TABLE `resource` (
  `r_id` int(11) NOT NULL auto_increment,
  `r_name` varchar(50) NOT NULL,
  `r_url` varchar(200) default NULL,
  `r_type` int(11) default NULL,
  `r_check` int(11) default NULL,
  `r_pid` int(11) default NULL,
  PRIMARY KEY  (`r_id`)
) ENGINE=InnoDB DEFAULT CHARSET=utf8;

/*Data for the table `resource` */

insert  into `resource`(`r_id`,`r_name`,`r_url`,`r_type`,`r_check`,`r_pid`) values (1,'我的桌面','/desk.do?action=init',0,NULL,NULL),(2,'我的事务','/work',0,NULL,NULL),(3,'目标管理','/goal',0,NULL,NULL),(4,'信息中心','/info',0,NULL,NULL),(5,'行政管理','/xz',0,NULL,NULL),(6,'人力资源','/hr',0,NULL,NULL),(7,'系统管理','/sysManage',0,NULL,NULL),(8,'驾驶舱','/jiashi.do?action=index',0,NULL,1),(9,'个人设置','/emp.do?action=showInfo',0,NULL,1),(10,'新建流程事务','/1',0,NULL,2),(11,'待处理的事务','/Notice.do?action=ShowSH',0,NULL,2),(12,'已处理的事务','/3',0,NULL,2),(13,'我发起的事务','/4',0,NULL,2),(14,'我的工作计划','/pros.do?action=Prospectuslist',0,NULL,3),(15,'全部工作计划','/pros.do?action=Prospectuslist',0,NULL,3),(16,'我的工作任务','/assi.do?action=Assignmentlist',0,NULL,3),(17,'全部工作计划','/assi.do?action=Assignmentlist',0,NULL,3),(18,'我的工作报告','/repo.do?action=Reportlist',0,NULL,3),(19,'全部工作报告','/repo.do?action=Reportlist',0,NULL,3),(20,'我的工作日程','/b',0,NULL,3),(21,'全部工作日程','/cale.do?action=Calendarlist',0,NULL,3),(22,'内部通讯录','/nbtxl.do?action=ss',0,NULL,4),(23,'电子信息','/email.do?action=ss',0,NULL,4),(24,'信息公告','/xxgg.do?action=ss',0,NULL,4),(25,'公告管理','/Notice.do?action=ss',0,NULL,4),(26,'知识社区','/Topic.do?action=ss',0,NULL,4),(27,'会议室管理','/hy',0,NULL,5),(28,'车辆管理','/cl',0,NULL,5),(29,'员工管理','/emp.do?action=Emplist',0,NULL,6),(30,'招聘和配置','/recruit.do?action=Relist',0,NULL,6),(31,'考勤管理','/work.do?action=Wklist',0,NULL,6),(32,'组织机构','/depart.do?action=findAllDepart_list',0,NULL,7),(33,'岗位角色页面','/role.do?action=findAllRole',0,NULL,7),(34,'用户管理','/emp.do?action=findEmpRight',0,NULL,7),(35,'在线用户','/login.do?action=uo',0,NULL,7),(36,'新增组织机构','/depart.do?action=addDepart',1,NULL,32),(37,'新增组织机构页面','/depart.do?action=findAllDepart_select',1,NULL,32),(38,'修改部门页面','/depart.do?action=findDepartById',1,NULL,32),(39,'修改部门','/depart.do?action=editDepart',1,NULL,32),(40,'删除部门','/depart.do?action=delDepartById',1,NULL,32),(41,'新增岗位角色','/role.do?action=addRole',1,NULL,33),(42,'权限设置页面','/res.do?action=findAllRes',1,NULL,33),(43,'为角色添加权限','/res.do?action=addQxForRole',1,NULL,33),(44,'修改角色页面','/role.do?action=findRoleById',1,NULL,33),(45,'修改角色','/role.do?action=editRole',1,NULL,33),(46,'删除角色','/role.do?action=delRoleById',1,NULL,33),(47,'岗位或角色页面','/emp.do?action=findAllRoleForEmp',1,NULL,34),(48,'为用户添加角色','/emp.do?action=updateRoleForEmp',1,NULL,34),(49,'初始化口令','/param.do?action=initPwd',1,NULL,34),(51,'用户模糊查询','/emp.do?action=findEmpRight',1,NULL,34),(52,'修改口令','/emp.do?action=updatePwd',1,NULL,9),(53,'设置状态页面','/123',1,NULL,9),(54,'头像更改','/1234',1,NULL,9),(55,'修改个人信息','/emp.do?action=updateZT',1,NULL,9),(56,'制定工作计划','/pros.do?action=add',1,NULL,14),(57,'新增工作任务','/assi.do?action=addass',1,NULL,16),(58,'撰写工作报告','/repo.do?action=addrep',1,NULL,18),(59,'设置工作日程','/u',1,NULL,20),(60,'未读消息','/email.do?action=ss',1,NULL,23),(61,'已读消息','/email.do?action=ss',1,NULL,23),(62,'已发送消息','/email.do?action=ss',1,NULL,23),(63,'草稿箱','/email.do?action=ss',1,NULL,23),(64,'星标信息','/email.do?action=ssid',1,NULL,23),(65,'发送信息','/email.do?action=add',1,NULL,23),(66,'回复','/email.do?action=bm',1,NULL,23),(67,'查询公告','/Notice.do?action=cx',1,NULL,25),(68,'待处理事务的详细信息','/Notice.do?action=sh',1,NULL,25),(69,'发送消息(基于草稿)','/email.do?action=update',1,NULL,23),(70,'删除','/email.do?action=del',1,NULL,23),(71,'审核公告','/Notice.do?action=update',1,NULL,25),(72,'发送公告','/Notice.do?action=add',1,NULL,25),(73,'修改','/Notice.do?action=updates',1,NULL,25),(74,'删除','/Notice.do?action=del',1,NULL,25),(75,'社区发帖','/Topic.do?action=add1',1,NULL,26),(76,'查询帖子','/Topic.do?action=cx',1,NULL,26),(77,'删除','/Topic.do?action=del',1,NULL,26),(78,'帖子详细信息','/Topic.do?action=ssid',1,NULL,26),(79,'回复','/Topic.do?action=add2',1,NULL,26),(80,'设为最佳','/a16',1,NULL,26),(81,'会议室列表','/board.do?action=findBoard',1,NULL,27),(82,'会议室预定','/a18',1,NULL,27),(83,'会议室登记','/board.do?action=addBoard',1,NULL,27),(84,'会议室修改','/board.do?action=updateBoard',1,NULL,27),(85,'会议室删除','/board.do?action=delBoard',1,NULL,27),(86,'会议室预定查询','/b4',1,NULL,27),(87,'车辆列表','/car.do?action=findCar',1,NULL,28),(88,'用车申请','/b6',1,NULL,28),(89,'车辆登记','/car.do?action=addCar',1,NULL,28),(90,'车辆修改','/car.do?action=updateCar',1,NULL,28),(91,'车辆删除','/car.do?action=delCar',1,NULL,28),(92,'用车申请查询','/b0',1,NULL,28),(93,'用户展示','/emp.do?action=zs',1,NULL,29),(94,'新增员工','/emp.do?action=add',1,NULL,29),(95,'修改','/emp.do?action=update',1,NULL,29),(96,'删除','/emp.do?action=del',1,NULL,29),(97,'查找','/emp.do?action=cz',1,NULL,29),(98,'招聘管理','/recruit.do?action=zszp',1,NULL,30),(99,'入职管理','/recruit.do?action=zszp',1,NULL,30),(100,'转正管理','/recruit.do?action=zszp',1,NULL,30),(101,'考勤查询','/work.do?action=kqcz',1,NULL,31),(102,'离职管理','/recruit.do?action=zszp',1,NULL,30),(103,'招聘申请','/recruit.do?action=zp',1,NULL,30),(104,'入职申请','/recruit.do?action=zp',1,NULL,30),(105,'转正申请','/recruit.do?action=zp',1,NULL,30),(106,'离职申请','/recruit.do?action=zp',1,NULL,30),(107,'考勤详细展示','/work.do?action=kqzs',1,NULL,31),(108,'出差申请','/work.do?action=kqsq',1,NULL,31),(109,'外出申请','/work.do?action=kqsq',1,NULL,31),(110,'加班申请','/work.do?action=kqsq',1,NULL,31),(111,'请休假申请','/work.do?action=kqsq',1,NULL,31),(112,'调休申请','/work.do?action=kqsq',1,NULL,31),(113,'招聘申请(审批)','/recruit.do?action=zppzsp',1,NULL,30),(114,'入职申请(审批)','/recruit.do?action=zppzsp',1,NULL,30),(115,'转正申请(审批)','/recruit.do?action=zppzsp',1,NULL,30),(116,'离职申请(审批)','/recruit.do?action=zppzsp',1,NULL,30),(117,'考勤详细展示(审批)','/work.do?action=kqsp',1,NULL,30),(118,'计划查询','/pros.do?action=cz',1,NULL,14),(119,'任务查询','/assi.do?action=cz',1,NULL,16),(120,'报告查询','/repo.do?action=cz',1,NULL,18),(121,'计划展示','/pros.do?action=jhzs',1,NULL,14),(122,'任务展示','/assi.do?action=rwzs',1,NULL,16),(123,'报告展示','/repo.do?action=bgzs',1,NULL,18);

/*Table structure for table `role` */

DROP TABLE IF EXISTS `role`;

CREATE TABLE `role` (
  `role_id` int(11) NOT NULL auto_increment COMMENT '岗位编号',
  `role_name` varchar(50) NOT NULL COMMENT '岗位名称',
  `role_description` varchar(255) default NULL COMMENT '岗位说明',
  `role_statu` int(11) default '1',
  PRIMARY KEY  (`role_id`),
  UNIQUE KEY `uq_role_name` (`role_name`)
) ENGINE=InnoDB DEFAULT CHARSET=utf8;

/*Data for the table `role` */

insert  into `role`(`role_id`,`role_name`,`role_description`,`role_statu`) values (1,'系统管理员','administrators',1),(2,'总经理','',1),(3,'副总经理','',1),(4,'人事总监','',1),(5,'行政总监','',1),(6,'秘书处','',1),(7,'人事专员',NULL,1);

/*Table structure for table `roleresource` */

DROP TABLE IF EXISTS `roleresource`;

CREATE TABLE `roleresource` (
  `role_id` int(11) NOT NULL,
  `res_id` int(11) NOT NULL,
  PRIMARY KEY  (`role_id`,`res_id`)
) ENGINE=InnoDB DEFAULT CHARSET=utf8;

/*Data for the table `roleresource` */

insert  into `roleresource`(`role_id`,`res_id`) values (1,1),(1,2),(1,3),(1,4),(1,5),(1,6),(1,7),(1,9),(1,10),(1,11),(1,12),(1,13),(1,14),(1,16),(1,18),(1,20),(1,22),(1,23),(1,24),(1,25),(1,26),(1,27),(1,28),(1,29),(1,30),(1,31),(1,32),(1,33),(1,34),(1,35),(1,36),(1,37),(1,38),(1,39),(1,40),(1,41),(1,42),(1,43),(1,44),(1,45),(1,46),(1,47),(1,48),(1,49),(1,51),(1,52),(1,53),(1,54),(1,55),(1,56),(1,57),(1,58),(1,59),(1,60),(1,61),(1,62),(1,63),(1,64),(1,65),(1,66),(1,67),(1,68),(1,69),(1,70),(1,71),(1,72),(1,73),(1,74),(1,75),(1,76),(1,77),(1,78),(1,79),(1,80),(1,81),(1,82),(1,83),(1,84),(1,85),(1,86),(1,87),(1,89),(1,90),(1,91),(1,92),(1,93),(1,94),(1,95),(1,96),(1,97),(1,98),(1,99),(1,100),(1,101),(1,102),(1,103),(1,104),(1,105),(1,106),(1,107),(1,108),(1,109),(1,110),(1,111),(1,112),(1,113),(1,114),(1,115),(1,116),(1,117),(1,118),(1,119),(1,120),(1,121),(1,122),(1,123),(2,1),(2,2),(2,3),(2,4),(2,5),(2,9),(2,10),(2,11),(2,12),(2,13),(2,14),(2,16),(2,18),(2,20),(2,22),(2,23),(2,24),(2,26),(2,27),(2,28),(2,52),(2,53),(2,54),(2,55),(2,56),(2,57),(2,58),(2,59),(2,60),(2,61),(2,62),(2,63),(2,64),(2,65),(2,69),(2,72),(2,73),(2,75),(2,76),(2,81),(2,82),(2,83),(2,84),(2,85),(2,86),(2,87),(2,88),(2,89),(2,90),(2,91),(2,92),(2,118),(2,119),(2,120),(2,121),(2,122),(2,123),(3,1),(3,2),(3,3),(3,4),(3,9),(3,10),(3,11),(3,12),(3,13),(3,14),(3,16),(3,18),(3,20),(3,22),(3,23),(3,24),(3,26),(3,27),(3,28),(3,52),(3,53),(3,54),(3,55),(3,56),(3,57),(3,58),(3,59),(3,60),(3,61),(3,62),(3,63),(3,64),(3,65),(3,69),(3,72),(3,73),(3,75),(3,76),(3,81),(3,82),(3,118),(3,119),(3,120),(3,121),(3,122),(3,123),(4,1),(4,2),(4,3),(4,4),(4,6),(4,9),(4,10),(4,11),(4,12),(4,13),(4,14),(4,16),(4,18),(4,20),(4,22),(4,23),(4,24),(4,26),(4,27),(4,28),(4,29),(4,30),(4,31),(4,52),(4,53),(4,54),(4,55),(4,56),(4,57),(4,58),(4,59),(4,60),(4,61),(4,62),(4,63),(4,64),(4,65),(4,69),(4,72),(4,73),(4,75),(4,76),(4,81),(4,82),(4,87),(4,88),(4,89),(4,90),(4,91),(4,92),(4,93),(4,94),(4,95),(4,96),(4,97),(4,98),(4,99),(4,100),(4,101),(4,102),(4,103),(4,104),(4,105),(4,108),(4,109),(4,110),(4,111),(4,112),(4,113),(4,114),(4,115),(4,116),(4,117),(4,118),(4,119),(4,120),(4,121),(4,122),(4,123),(5,1),(5,2),(5,3),(5,4),(5,9),(5,10),(5,11),(5,12),(5,13),(5,14),(5,16),(5,18),(5,20),(5,22),(5,23),(5,24),(5,26),(5,27),(5,28),(5,52),(5,53),(5,54),(5,55),(5,56),(5,57),(5,58),(5,59),(5,60),(5,61),(5,62),(5,63),(5,64),(5,65),(5,69),(5,72),(5,73),(5,75),(5,76),(5,81),(5,82),(5,118),(5,119),(5,120),(5,121),(5,122),(5,123),(6,1),(6,3),(6,4),(6,9),(6,14),(6,16),(6,18),(6,20),(6,22),(6,23),(6,24),(6,25),(6,26),(6,27),(6,28),(6,52),(6,53),(6,54),(6,55),(6,56),(6,57),(6,58),(6,59),(6,60),(6,61),(6,62),(6,63),(6,64),(6,65),(6,66),(6,67),(6,68),(6,69),(6,70),(6,71),(6,72),(6,73),(6,74),(6,75),(6,76),(6,77),(6,78),(6,79),(6,80),(6,81),(6,82),(6,87),(6,88),(6,118),(6,119),(6,120),(6,121),(6,122),(6,123),(7,1),(7,2),(7,3),(7,4),(7,6),(7,8),(7,9),(7,10),(7,11),(7,12),(7,13),(7,14),(7,15),(7,16),(7,17),(7,18),(7,19),(7,20),(7,21),(7,22),(7,23),(7,24),(7,25),(7,26),(7,29),(7,30),(7,31),(7,52),(7,53),(7,54),(7,55),(7,56),(7,57),(7,58),(7,59),(7,60),(7,61),(7,62),(7,63),(7,64),(7,65),(7,66),(7,67),(7,68),(7,69),(7,70),(7,71),(7,72),(7,73),(7,74),(7,75),(7,76),(7,77),(7,78),(7,79),(7,80),(7,93),(7,94),(7,95),(7,96),(7,97),(7,98),(7,99),(7,100),(7,101),(7,102),(7,103),(7,104),(7,105),(7,106),(7,107),(7,108),(7,109),(7,110),(7,111),(7,112),(7,118),(7,119),(7,120),(7,121),(7,122),(7,123);

/*Table structure for table `topic` */

DROP TABLE IF EXISTS `topic`;

CREATE TABLE `topic` (
  `t_Id` int(11) NOT NULL auto_increment COMMENT '帖子编号',
  `t_UId` varchar(50) NOT NULL COMMENT '发帖用户编号',
  `t_SId` int(11) NOT NULL COMMENT '版块编号',
  `t_Label` varchar(255) NOT NULL,
  `t_Title` varchar(255) NOT NULL COMMENT '帖子标题',
  `t_Content` varchar(255) NOT NULL COMMENT '帖子内容',
  `t_Type` int(11) NOT NULL default '0' COMMENT '帖子状态',
  `t_Time` datetime NOT NULL COMMENT '发帖时间',
  `t_ReplyCount` int(11) NOT NULL default '0' COMMENT '回复数',
  `t_ClickCoount` int(11) NOT NULL default '0' COMMENT '点击率',
  `t_LastReplyUseID` int(11) default NULL COMMENT '最后发帖人编号',
  `t_LastReplayTime` datetime default NULL COMMENT '最后发帖人时间',
  `stateDel` int(11) NOT NULL,
  PRIMARY KEY  (`t_Id`),
  KEY `ts_id` (`t_SId`),
  KEY `tr_id` (`t_LastReplyUseID`),
  CONSTRAINT `tr_id` FOREIGN KEY (`t_LastReplyUseID`) REFERENCES `reply` (`r_Id`)
) ENGINE=InnoDB DEFAULT CHARSET=utf8;

/*Data for the table `topic` */

insert  into `topic`(`t_Id`,`t_UId`,`t_SId`,`t_Label`,`t_Title`,`t_Content`,`t_Type`,`t_Time`,`t_ReplyCount`,`t_ClickCoount`,`t_LastReplyUseID`,`t_LastReplayTime`,`stateDel`) values (2,'Ahz005',2,'请输入标','请输入主','\r\n													\r\n												<p>啊啊啊<br></p>',0,'2017-05-15 15:14:52',20,2,NULL,NULL,0),(3,'Ahz005',2,'a啊啊','啊啊啊','\r\n													\r\n												<p>啊啊啊啊<br></p>',1,'2017-05-15 15:15:19',6,1,NULL,NULL,0),(4,'Ahz005',4,'啊啊啊','啊啊','\r\n													\r\n												<p>啊啊啊<br></p>',1,'2017-05-18 12:01:29',2,2,NULL,NULL,0),(5,'Ahz005',1,'啊啊啊啊','啊啊啊啊','\r\n													\r\n												<p>啊啊啊啊啊<br></p>',0,'2017-05-22 16:51:02',2,2,NULL,NULL,0),(6,'Ahz010',1,'重中之重','啊啊啊啊q','\r\n													\r\n												<p>组织者组织<br></p>',0,'2017-05-22 16:53:20',1,3,NULL,NULL,0),(7,'Ahz010',2,'请输入标','请输入主','\r\n													\r\n												<p>啊啊啊<br></p>',0,'2017-05-15 15:14:52',3,2,NULL,NULL,0),(8,'Ahz010',2,'a啊啊','啊啊啊','\r\n													\r\n												<p>啊啊啊啊<br></p>',0,'2017-05-15 15:15:19',4,1,NULL,NULL,0),(9,'Ahz010',4,'啊啊啊','啊啊','\r\n													\r\n												<p>啊啊啊<br></p>',1,'2017-05-18 12:01:29',2,1,NULL,NULL,0),(10,'Ahz010',1,'啊啊啊啊','啊啊啊啊','\r\n													\r\n												<p>啊啊啊啊啊<br></p>',0,'2017-05-22 16:51:02',0,1,NULL,NULL,0),(11,'Ahz005',1,'重中之重','啊啊啊啊q','\r\n													\r\n												<p>组织者组织<br></p>',0,'2017-05-22 16:53:20',2,3,NULL,NULL,0),(12,'Ahz005',2,'请输入标','请输入主','\r\n													\r\n												<p>啊啊啊<br></p>',0,'2017-05-15 15:14:52',3,2,NULL,NULL,0),(13,'Ahz005',2,'a啊啊','啊啊啊','\r\n													\r\n												<p>啊啊啊啊<br></p>',0,'2017-05-15 15:15:19',0,1,NULL,NULL,0),(14,'Ahz005',4,'啊啊啊','啊啊','\r\n													\r\n												<p>啊啊啊<br></p>',1,'2017-05-18 12:01:29',0,2,NULL,NULL,0),(15,'Ahz005',1,'啊啊啊啊','啊啊啊啊','\r\n													\r\n												<p>啊啊啊啊啊<br></p>',0,'2017-05-22 16:51:02',2,1,NULL,NULL,0),(16,'Ahz005',1,'重中之重','啊啊啊啊q','\r\n													\r\n												<p>组织者组织<br></p>',0,'2017-05-22 16:53:20',1,2,NULL,NULL,0),(17,'Ahz005',3,'咯咯咯咯咯嘎嘎嘎嘎嘎嘎嘎','咯咯咯咯咯嘎嘎嘎嘎嘎嘎嘎过过过过','\r\n													\r\n												<p>哈哈哈哈或或或或或或或或或或或或或或或或或或或或或或或或或或或或或</p>',0,'2017-07-28 12:03:06',2,3,NULL,NULL,0),(18,'Ahz007',2,'呜呜呜呜','呜呜呜呜','\r\n													\r\n												<p>呜呜呜呜wwwwwwwwwwwwww</p>',0,'2017-07-28 12:25:56',0,1,NULL,NULL,1),(19,'Ahz007',3,'少时诵诗书所所所所所所所所所','少时诵诗书所所所所所所所所所所所所所所所所所所所所','\r\n													\r\n												<p>啊啊啊啊啊啊啊啊啊啊啊啊啊啊啊啊啊啊啊啊啊啊啊啊啊啊啊啊啊啊啊啊啊</p>',0,'2017-07-28 12:37:28',2,1,NULL,NULL,1),(20,'Ahz007',2,'啊啊','斤斤计较军军军','\r\n													\r\n												<p>暗爪诅咒仄仄仄仄仄仄仄仄仄仄仄仄仄仄仄仄仄仄仄仄仄仄仄仄仄仄仄仄仄仄仄仄仄仄仄这种<br></p>',0,'2017-07-31 16:44:02',3,3,NULL,NULL,0),(21,'Ahz007',1,'天天','兔兔','\r\n													\r\n												<p>啊啊啊啊啊啊啊啊啊啊啊啊</p>',0,'2017-08-02 14:40:58',1,1,NULL,NULL,1),(22,'Ahz007',4,'是是是','是是是','\r\n													\r\n												<p>啊啊</p>',0,'2017-08-02 14:44:33',0,1,NULL,NULL,1),(23,'Ahz007',2,'请输入标签xxxxxxxxxxxxxx','zxc','\r\n													\r\n												<p><img src=\"http://img.t.sinajs.cn/t35/style/images/common/face/ext/normal/c9/geili_thumb.gif\"><br></p><p><br></p>',0,'2017-08-03 11:17:33',2,1,NULL,NULL,1),(24,'Ahz007',1,'啊啊','啧啧啧','\r\n													\r\n												<p>啧啧</p>',0,'2017-08-04 10:17:24',0,1,NULL,NULL,1),(25,'Ahz007',2,'vvv11','as','\r\n													\r\n												<p>是多大的多多多多</p>',0,'2017-08-04 10:22:42',0,1,NULL,NULL,1),(26,'Ahz007',2,'是是是','的点点滴滴多多','\r\n													\r\n												<p>aaaaaa</p>',0,'2017-08-04 10:44:55',0,1,NULL,NULL,1),(27,'Ahz007',1,'AA','吖吖','\r\n													\r\n												<p>啧啧啧啧啧啧啧啧</p>',0,'2017-08-04 10:48:52',0,1,NULL,NULL,1),(28,'Ahz007',2,'AA','aaa','\r\n													\r\n												<p>aaaaaaaaaaaaaaaaaaaaaaaaaaa</p>',0,'2017-08-04 10:53:15',8,3,NULL,NULL,0),(29,'Ahz007',3,'bb','bbbbbbbbbbb','\r\n													\r\n												<p>bbbbbbbbbbbbbb</p>',0,'2017-08-04 14:01:37',1,2,NULL,NULL,1),(30,'Ahz007',1,'1','啊','\r\n													\r\n												<p>啊啊<br></p>',0,'2017-08-08 17:05:35',0,2,NULL,NULL,0),(31,'admin',1,'啊啊','啊啊','\r\n													\r\n												<p>啊啊<br></p>',0,'2017-08-19 09:07:51',0,1,NULL,NULL,0),(32,'Ahz016',1,'aaa','aaa','\r\n													\r\n												<p>aaa</p>',0,'2017-08-19 09:08:21',1,1,NULL,NULL,0);

/*Table structure for table `travel` */

DROP TABLE IF EXISTS `travel`;

CREATE TABLE `travel` (
  `tv_id` int(11) NOT NULL auto_increment,
  `tv_theme` varchar(50) default NULL,
  `tv_applydate` date default NULL,
  `tv_cdate` date default NULL,
  `tv_ddate` date default NULL,
  `tv_termini` varchar(255) default NULL,
  `tv_reason` varchar(255) default NULL,
  `tv_traffic` varchar(255) default NULL,
  `tv_report` varchar(255) default NULL,
  `tv_result` varchar(255) default NULL,
  `depart_id` int(11) default NULL,
  `emp_id` int(11) default NULL,
  `eaa_state` int(11) default NULL,
  `eaa_conclusion` varchar(255) default NULL,
  `eaa_date` datetime default NULL,
  PRIMARY KEY  (`tv_id`)
) ENGINE=InnoDB DEFAULT CHARSET=utf8;

/*Data for the table `travel` */

insert  into `travel`(`tv_id`,`tv_theme`,`tv_applydate`,`tv_cdate`,`tv_ddate`,`tv_termini`,`tv_reason`,`tv_traffic`,`tv_report`,`tv_result`,`depart_id`,`emp_id`,`eaa_state`,`eaa_conclusion`,`eaa_date`) values (1,'出差申请-王伟17','2016-05-04','2016-05-05','2016-05-06','苏州','给新客户安装设备和指导技术','火车',NULL,NULL,1,5,0,'提交主管审批','2017-08-08 12:21:23'),(2,'出差申请-慧慧','2016-04-12','2016-04-19','2016-04-20','广州天河万科','考察渠道代理资质','飞机',' 	代理资质合格，可授权。','目标达成',2,6,0,'提交主管审批','2017-08-09 12:21:25'),(3,'出差申请-阿哥','2016-04-12','2016-04-18','2016-04-19','北京','北京天华科技公司、北京恒业演示及业务洽谈','火车','业务时间紧张，目标基本达成','目标基本达成 ',3,7,0,'提交主管审批','2017-08-10 12:21:28'),(4,'出差申请-张三风','2016-04-12','2016-04-15','2016-04-16','石家庄',' 参加互联网技术高峰论坛','飞机',' 	认真学习了论坛讨论内容，明确了企业发展方向。','目标达成 ',4,8,0,'提交主管审批','2017-08-11 12:21:30'),(5,'出差申请-微微','2016-04-12','2015-04-15','2016-04-16','南京',' 开辟新的销售渠道','飞机',' 	已开发两条新销售渠道并达成初步协议，后续会签订合同。','目标基本达成 ',5,9,0,'提交主管审批','2017-08-12 12:21:32'),(6,'出差申请-微微','2016-04-12','2015-04-15','2016-04-16','南京','111111','飞机','1111111','目标基本达成 ',2,9,1,'','2017-08-19 09:32:08');

/*Table structure for table `useronline` */

DROP TABLE IF EXISTS `useronline`;

CREATE TABLE `useronline` (
  `id` int(11) NOT NULL auto_increment,
  `ip` varchar(50) NOT NULL,
  `starttime` datetime NOT NULL,
  `emp_id` int(11) NOT NULL,
  `sessionId` varchar(100) NOT NULL,
  PRIMARY KEY  (`id`)
) ENGINE=InnoDB DEFAULT CHARSET=utf8;

/*Data for the table `useronline` */

insert  into `useronline`(`id`,`ip`,`starttime`,`emp_id`,`sessionId`) values (2,'0:0:0:0:0:0:0:1','2017-08-19 10:27:54',15,'81d8dc79-bff3-4aaa-809c-8e80d6419d84');

/*!40101 SET SQL_MODE=@OLD_SQL_MODE */;
/*!40014 SET FOREIGN_KEY_CHECKS=@OLD_FOREIGN_KEY_CHECKS */;
/*!40014 SET UNIQUE_CHECKS=@OLD_UNIQUE_CHECKS */;
/*!40111 SET SQL_NOTES=@OLD_SQL_NOTES */;
